VIN,Year,Make,Model,Trim,Exterior Color,Interior Color,Odometer,MSRP,Sale Price,Retail Price,Stock Number,Fuel Economy,Engine,Transmission,Drive Line,Body Style,Fuel Type,Condition,Inventory Date,Chrome ID,Model Code,Package Code,City Fuel Economy,Highway Fuel Economy,Incentive IDs,Option Codes,Photo URLs,Packages,Carfax URL,Full Link
1FMCU9J91LUA36310,2020,Ford,Escape,Titanium,Red,Ebony,0,"$18,491",,,LUA36310,23/,2L EcoBoost I4 GTDi DOHC Turbocharged VCT,8-Speed Automatic,,SUV,Gasoline,Used,,,U9J,,,,,,"https://pictures.dealer.com/f/fairfieldfairfieldfordfd/0429/a3b638211ca0528fa685ed2e2474288dx.jpg,https://pictures.dealer.com/f/fairfieldfairfieldfordfd/0901/f7d615a3c3b0c015907f8d62c6c074afx.jpg,https://pictures.dealer.com/f/fairfieldfairfieldfordfd/1215/d8a91a6021b349f7d7c06ae9d3b49ca0x.jpg,https://pictures.dealer.com/f/fairfieldfairfieldfordfd/0497/04d64fbd9918c93819a8bbab108e5158x.jpg,https://pictures.dealer.com/f/fairfieldfairfieldfordfd/1124/29203c17cdce3443235f0f31c4078e0dx.jpg,https://pictures.dealer.com/f/fairfieldfairfieldfordfd/0709/244d1bce6cc6fb60c00e77c6a90d3b1bx.jpg,https://pictures.dealer.com/f/fairfieldfairfieldfordfd/0451/c154864b2649445e19ce52eeb6570b17x.jpg,https://pictures.dealer.com/f/fairfieldfairfieldfordfd/0724/03ac3796f70e7014b4771b24a88d4e4cx.jpg,https://pictures.dealer.com/f/fairfieldfairfieldfordfd/1749/5f3b0956a2529c3abe10d8e1fc7630f8x.jpg,https://pictures.dealer.com/f/fairfieldfairfieldfordfd/1528/425ecb68ae720334d1f75f2c1c432470x.jpg,https://pictures.dealer.com/f/fairfieldfairfieldfordfd/1851/9ab8c89c73c36ef2101cc5a6c7b082a9x.jpg,https://pictures.dealer.com/f/fairfieldfairfieldfordfd/1040/949352935bbcfb8e4b94dbc28e74e242x.jpg,https://pictures.dealer.com/f/fairfieldfairfieldfordfd/0581/9a1a9e605653b47e2de32bb1d58d8ad2x.jpg,https://pictures.dealer.com/f/fairfieldfairfieldfordfd/1839/6c7c731b113342f45d48e47a50d168f1x.jpg,https://pictures.dealer.com/f/fairfieldfairfieldfordfd/0260/3524ebddcf86c8e6dd2f5851f69f5e6ax.jpg,https://pictures.dealer.com/f/fairfieldfairfieldfordfd/0760/f7bc5c649983547f9f73cfb9f116941ex.jpg,https://pictures.dealer.com/f/fairfieldfairfieldfordfd/0884/c0bb346831b58c28dcd010b0d33aa82fx.jpg,https://pictures.dealer.com/f/fairfieldfairfieldfordfd/1229/a03e44b6ff240571d3d104357f945e70x.jpg,https://pictures.dealer.com/f/fairfieldfairfieldfordfd/0496/704d02b8e9ac9b1a087e24cef7db76a7x.jpg,https://pictures.dealer.com/f/fairfieldfairfieldfordfd/0988/1d12d388212b984a1640004d2a793af6x.jpg,https://pictures.dealer.com/f/fairfieldfairfieldfordfd/0489/9c6569dae774ac2113d5b90b01f47618x.jpg,https://pictures.dealer.com/f/fairfieldfairfieldfordfd/0275/5321212e4f0bc89e7f84e58e179644dax.jpg,https://pictures.dealer.com/f/fairfieldfairfieldfordfd/0351/1d7b6fc7d8e08af7a26d9763ac5f9f2fx.jpg,https://pictures.dealer.com/f/fairfieldfairfieldfordfd/1790/9e9a8629d9d5604e9cb1b0da5273a23ax.jpg,https://pictures.dealer.com/f/fairfieldfairfieldfordfd/0578/56ac76092e6e7c5fbe7f86e05821de7fx.jpg,https://pictures.dealer.com/f/fairfieldfairfieldfordfd/1363/32ca71396be476986208d9ef6ff08ac5x.jpg,https://pictures.dealer.com/f/fairfieldfairfieldfordfd/1170/2b4ef25ef6f7c6e06ad66faf58e89d81x.jpg,https://pictures.dealer.com/f/fairfieldfairfieldfordfd/1307/9cfff4f77eadeb36617dca48c08ad2e6x.jpg,https://pictures.dealer.com/f/fairfieldfairfieldfordfd/1078/fff6e4ff79c951392001a5916608224cx.jpg,https://pictures.dealer.com/f/fairfieldfairfieldfordfd/1527/c24d81ffb38af53d8144a065ccb33fdfx.jpg,https://pictures.dealer.com/f/fairfieldfairfieldfordfd/0509/60f02ee27a3643eeb5a3f7a5822934fcx.jpg",,https://www.carfax.com/vehiclehistory/ar20/CNsBygv4UCM3P6H_qw6Yx3U4akM_bN4_rqZ4Od9IvsHgH16Z3bf-HwAa7swXr-qvecVKooT1RGxs9LaA8PxQFlSn2C7R2C-3GHk,https://www.fordfairfield.com/used/Ford/2020-Ford-Escape-31c61b5cac182783f5c09a08168acc4b.htm
1FTER1EH6MLD04437,2021,Ford,Ranger,XL,Oxford White,Ebony,0,"$18,991",,,MLD04437,21/,2.3L EcoBoost I4 GTDi DOHC Turbocharged VCT,10-Speed Automatic,,Truck,Gasoline,Used,,,R1E,,,,,,"https://pictures.dealer.com/f/fairfieldfairfieldfordfd/1989/d1f3dabef270837e5414e99f28a0b75bx.jpg,https://pictures.dealer.com/f/fairfieldfairfieldfordfd/0163/767a2466b1083e4e23a9de4f33d1a3c8x.jpg,https://pictures.dealer.com/f/fairfieldfairfieldfordfd/1215/d8a91a6021b349f7d7c06ae9d3b49ca0x.jpg,https://pictures.dealer.com/f/fairfieldfairfieldfordfd/1790/5a744c50d0cda04ea12e1778d5c7dd5cx.jpg,https://pictures.dealer.com/f/fairfieldfairfieldfordfd/0113/ec723e1d17ec27ee2f38414b0d8d2319x.jpg,https://pictures.dealer.com/f/fairfieldfairfieldfordfd/1846/c98d5f74bf865015a5baab427a0e9853x.jpg,https://pictures.dealer.com/f/fairfieldfairfieldfordfd/1058/8e50b608200193d2052caf85c4d37ccex.jpg,https://pictures.dealer.com/f/fairfieldfairfieldfordfd/1332/50b619ffbccc180668a2453732a6719bx.jpg,https://pictures.dealer.com/f/fairfieldfairfieldfordfd/0194/5d26c8720a63a495434cd1885755d2cex.jpg,https://pictures.dealer.com/f/fairfieldfairfieldfordfd/1946/a7712a6fe01446b58f84dbc17451d77fx.jpg,https://pictures.dealer.com/f/fairfieldfairfieldfordfd/1102/8757aaaf6d65af7247b368c1457be645x.jpg,https://pictures.dealer.com/f/fairfieldfairfieldfordfd/1040/949352935bbcfb8e4b94dbc28e74e242x.jpg,https://pictures.dealer.com/f/fairfieldfairfieldfordfd/0392/c5ee5b88289eadf7ec141cd74960c574x.jpg,https://pictures.dealer.com/f/fairfieldfairfieldfordfd/0863/54ebb87d8c0b460913972c5bbecdeb07x.jpg,https://pictures.dealer.com/f/fairfieldfairfieldfordfd/1852/feb20bb9b94c095266def9f421539b09x.jpg,https://pictures.dealer.com/f/fairfieldfairfieldfordfd/0166/a3cc6cd950519b965b2ad2742dcd5b77x.jpg,https://pictures.dealer.com/f/fairfieldfairfieldfordfd/0547/4f08c31a9c57e8fc28547d666bd09b8fx.jpg,https://pictures.dealer.com/f/fairfieldfairfieldfordfd/0494/5063487867d32431c29af79013ce8b13x.jpg,https://pictures.dealer.com/f/fairfieldfairfieldfordfd/1629/02173b9d97311ae157bea78ab5f54423x.jpg,https://pictures.dealer.com/f/fairfieldfairfieldfordfd/1068/e0028d64675e3557adcaaab8fedc94d1x.jpg,https://pictures.dealer.com/f/fairfieldfairfieldfordfd/0237/cbdb9781b3e6e9df55b2e37e92216c25x.jpg,https://pictures.dealer.com/f/fairfieldfairfieldfordfd/0586/b341b58c63fea4f8d421efca105b1647x.jpg,https://pictures.dealer.com/f/fairfieldfairfieldfordfd/0536/c0198bdf680d8d4d2979fed62fa6e8cbx.jpg,https://pictures.dealer.com/f/fairfieldfairfieldfordfd/1517/14b495185022423e810fce2c3fe2ee0fx.jpg,https://pictures.dealer.com/f/fairfieldfairfieldfordfd/1428/1556c2fc5bb1d914158bccaf18e6a447x.jpg,https://pictures.dealer.com/f/fairfieldfairfieldfordfd/0690/a666da280e955728db301985d4e4a85dx.jpg,https://pictures.dealer.com/f/fairfieldfairfieldfordfd/0028/9527ca7597592a06f27d346358d0f71cx.jpg",,https://www.carfax.com/vehiclehistory/ar20/UDqUL-1F1p0Yc7lHEXzvl-RvrJAfyrw4imXzEYK8qUmmZalVJrkl7N5LIZFYCukKwY57dSYsclhdnGn-TdTBMK7d2sIPKkkz9Sg,https://www.fordfairfield.com/used/Ford/2021-Ford-Ranger-fad3d031ac182cddb86dbea1ec660724.htm
3FMTK1RM3MMA28568,2021,Ford,Mustang Mach-E,Select,Rapid Red Metallic Tinted Clearcoat,Black Onyx,0,"$19,592",,,MMA28568,,Dual Electric Motor,Single-Speed Automatic,,SUV,Electric,Used,,,K1R,,,,,,"https://pictures.dealer.com/f/fairfieldfairfieldfordfd/0802/3c4019f461a4de6d8c0aa8f6b1a9e2abx.jpg,https://pictures.dealer.com/f/fairfieldfairfieldfordfd/1147/f52c1779593398f82df693328eb9a17bx.jpg,https://pictures.dealer.com/f/fairfieldfairfieldfordfd/1215/d8a91a6021b349f7d7c06ae9d3b49ca0x.jpg,https://pictures.dealer.com/f/fairfieldfairfieldfordfd/0072/f6397368ff7bafb74fae52a453b52f43x.jpg,https://pictures.dealer.com/f/fairfieldfairfieldfordfd/1747/4b3de943bc48b86221625e496e493b05x.jpg,https://pictures.dealer.com/f/fairfieldfairfieldfordfd/0404/c7ed0a4b4b3d921a161b3a662e44f296x.jpg,https://pictures.dealer.com/f/fairfieldfairfieldfordfd/1958/6be19f88977a745fbc90b113e7bdcfdax.jpg,https://pictures.dealer.com/f/fairfieldfairfieldfordfd/0484/9f8206a1d8adbfb1b8be2b7dcb4dcddex.jpg,https://pictures.dealer.com/f/fairfieldfairfieldfordfd/0626/189f6dfc21a0d73893c62574280aa211x.jpg,https://pictures.dealer.com/f/fairfieldfairfieldfordfd/0610/9f07509e202abf0b89a123672533b325x.jpg,https://pictures.dealer.com/f/fairfieldfairfieldfordfd/0592/22c73205c901ad338dd3a099af2d17b7x.jpg,https://pictures.dealer.com/f/fairfieldfairfieldfordfd/1040/949352935bbcfb8e4b94dbc28e74e242x.jpg,https://pictures.dealer.com/f/fairfieldfairfieldfordfd/0088/77f7435729c808dca3209f37c4011350x.jpg,https://pictures.dealer.com/f/fairfieldfairfieldfordfd/0926/a205c39370c39a19be2514193bcf5b99x.jpg,https://pictures.dealer.com/f/fairfieldfairfieldfordfd/0298/4435761e97647b08fbfe26b6b69481a7x.jpg,https://pictures.dealer.com/f/fairfieldfairfieldfordfd/0007/25d86b73aa7672cf96382c67e0c5ba4ax.jpg,https://pictures.dealer.com/f/fairfieldfairfieldfordfd/1422/d16bd7e8583c23f214de23809112a6dbx.jpg,https://pictures.dealer.com/f/fairfieldfairfieldfordfd/0339/df5b53066cc720c0164b957f4a31774ax.jpg,https://pictures.dealer.com/f/fairfieldfairfieldfordfd/1446/f81bbe175b58da8d82a7a12c0445f3fbx.jpg,https://pictures.dealer.com/f/fairfieldfairfieldfordfd/0377/31b2c63eb1fa0e366cd75eae5869a82ax.jpg,https://pictures.dealer.com/f/fairfieldfairfieldfordfd/1491/6d199c7995716aab82cd0d6015760889x.jpg,https://pictures.dealer.com/f/fairfieldfairfieldfordfd/1607/781b99ae463b9d6c286ecf0e15d90019x.jpg,https://pictures.dealer.com/f/fairfieldfairfieldfordfd/1717/6d8080859322eb8f59686dfc846778dex.jpg,https://pictures.dealer.com/f/fairfieldfairfieldfordfd/0195/e50eb3ba6cfeef392dd390a0af1afcc2x.jpg,https://pictures.dealer.com/f/fairfieldfairfieldfordfd/1694/013827c8e45c4175021e9e4a77f9c5f4x.jpg,https://pictures.dealer.com/f/fairfieldfairfieldfordfd/1250/01e8fad91405f63ebbf23d65627f1acex.jpg,https://pictures.dealer.com/f/fairfieldfairfieldfordfd/0249/7d8c398f549a1b1dee9a502afbc3890ax.jpg,https://pictures.dealer.com/f/fairfieldfairfieldfordfd/1987/cb6cdf7b35486d9eeb59a9459607aba3x.jpg,https://pictures.dealer.com/f/fairfieldfairfieldfordfd/1210/09502a1d374c70b3649d6841a2341ce4x.jpg",,https://www.carfax.com/vehiclehistory/ar20/Bcd3IvXykz2Jkl-b7CXlg99FzWuINwsVkIbj76AaGL3yaq3gVTDwrxq9EX6Q49ZS_YHWGRjJn8Xj-OCAf-2WUzZVpKrv9DT6BhI,https://www.fordfairfield.com/used/Ford/2021-Ford-Mustang-Mach-E-9e24ec8bac18223677c81cdb29d592b3.htm
1FMCU0GN2PUB05527,2023,Ford,Escape,Active,Carbonized Gray Metallic,Ebony Black,0,"$20,991",,,PUB05527T,,1.5L EcoBoost,8-Speed Automatic,,SUV,Gasoline,Certified Pre-Owned,,,U0G,,,,,,"https://pictures.dealer.com/f/fairfieldfairfieldfordfd/1071/aba80dba44a189054b06744d9a889728x.jpg,https://pictures.dealer.com/f/fairfieldfairfieldfordfd/1272/c7c941c5a3a868e66b63132b94cf883ex.jpg,https://pictures.dealer.com/f/fairfieldfairfieldfordfd/1215/d8a91a6021b349f7d7c06ae9d3b49ca0x.jpg,https://pictures.dealer.com/f/fairfieldfairfieldfordfd/1352/6f4574e0eed6dc8ed8878f75856ed0bcx.jpg,https://pictures.dealer.com/f/fairfieldfairfieldfordfd/0193/ac7233db45d0d0f9c6fac87bcc4a0d06x.jpg,https://pictures.dealer.com/f/fairfieldfairfieldfordfd/0693/f35d316688dc05d54464da3c01666eabx.jpg,https://pictures.dealer.com/f/fairfieldfairfieldfordfd/0302/5818923e4e91dc766d8b3e6bdcb5f1d4x.jpg,https://pictures.dealer.com/f/fairfieldfairfieldfordfd/0504/bff31bdb6fcf82e30fa96dcaf116505ax.jpg,https://pictures.dealer.com/f/fairfieldfairfieldfordfd/0653/12745b6926f789480a4ed77fbba459a6x.jpg,https://pictures.dealer.com/f/fairfieldfairfieldfordfd/1851/14f169a0096ad6c8fdbd963093d546a7x.jpg,https://pictures.dealer.com/f/fairfieldfairfieldfordfd/0071/44bb6b405680db90b3b9c99ad86ce40fx.jpg,https://pictures.dealer.com/f/fairfieldfairfieldfordfd/1040/949352935bbcfb8e4b94dbc28e74e242x.jpg,https://pictures.dealer.com/f/fairfieldfairfieldfordfd/1715/68b49c23b8f46ef77f5249681e40b7afx.jpg,https://pictures.dealer.com/f/fairfieldfairfieldfordfd/1873/d2766680f9627c550fba4b0b6c89edbcx.jpg,https://pictures.dealer.com/f/fairfieldfairfieldfordfd/0014/2e8f9f2879557c2a6ff1016ddfca6067x.jpg,https://pictures.dealer.com/f/fairfieldfairfieldfordfd/0359/320e5dcfd7f26c4499551c6d4bde3c4bx.jpg,https://pictures.dealer.com/f/fairfieldfairfieldfordfd/1391/83028e5176eca3b48fb54822337db389x.jpg,https://pictures.dealer.com/f/fairfieldfairfieldfordfd/0194/df353f118cf4f258d4199f53579a9963x.jpg,https://pictures.dealer.com/f/fairfieldfairfieldfordfd/1498/6c5a188a41ce02c67b89b14b1cf7156cx.jpg,https://pictures.dealer.com/f/fairfieldfairfieldfordfd/1111/7fc5da057439d2b2ca5b967dcd8a93e8x.jpg,https://pictures.dealer.com/f/fairfieldfairfieldfordfd/1234/696dd6a7c91acd61c19b49cd71f1fd83x.jpg,https://pictures.dealer.com/f/fairfieldfairfieldfordfd/0339/a50c9577d397ec827436f311188de4adx.jpg,https://pictures.dealer.com/f/fairfieldfairfieldfordfd/0743/dde4fde796e0cffa72adcd3944f48d52x.jpg,https://pictures.dealer.com/f/fairfieldfairfieldfordfd/1496/733c447b8300b5b1b02cc18a8ca95ef3x.jpg,https://pictures.dealer.com/f/fairfieldfairfieldfordfd/1388/ad234df44bda8733d4737fc117939a0dx.jpg,https://pictures.dealer.com/f/fairfieldfairfieldfordfd/0079/6a564b46eebb208b4ca43ea0a995f849x.jpg,https://pictures.dealer.com/f/fairfieldfairfieldfordfd/1579/76989f1bae390ed99b5e8f0499812ca6x.jpg,https://pictures.dealer.com/f/fairfieldfairfieldfordfd/1644/1d378d1b735aaa5efe511c3013fc80ccx.jpg,https://pictures.dealer.com/f/fairfieldfairfieldfordfd/1657/3fba9b56fbc09e7c36de2ba9a5bb31b8x.jpg,https://pictures.dealer.com/f/fairfieldfairfieldfordfd/1228/b2d7df13443ea74fbbfa836b42f199e8x.jpg,https://pictures.dealer.com/f/fairfieldfairfieldfordfd/0069/5453d32a1d3f8fc57f875b1c297855a1x.jpg",,https://www.carfax.com/vehiclehistory/ar20/FDLEMeqDESMI9T9PsSYFiOl6rOz243_RDdIPZ1CVpIYl8ALVs1XuxTmx5dDJDouJZ8VOSe6gppBgCzAzMW2PGN73jGREIVzb400,https://www.fordfairfield.com/certified/Ford/2023-Ford-Escape-2409b763ac180ccb907a2ab0fbed3b0e.htm
3FMCR9C63MRA91693,2021,Ford,Bronco Sport,Outer Banks,Silver,Ebony/Brown,0,"$21,494",,,MRA91693,25/,1.5L EcoBoost,8-Speed Automatic,,SUV,Gasoline,Used,,,R9C,,,,,,"https://pictures.dealer.com/f/fairfieldfairfieldfordfd/1750/dd163a3c16788f76311721ea1e926ad9x.jpg,https://pictures.dealer.com/f/fairfieldfairfieldfordfd/0384/3e0c4df6e864dfd7635b1d338ae70366x.jpg,https://pictures.dealer.com/f/fairfieldfairfieldfordfd/1215/d8a91a6021b349f7d7c06ae9d3b49ca0x.jpg,https://pictures.dealer.com/f/fairfieldfairfieldfordfd/0312/27fd095d07e018546d86fd2632e99766x.jpg,https://pictures.dealer.com/f/fairfieldfairfieldfordfd/0865/199cb945a6dbaf2d5b1ff43fa0a7ab47x.jpg,https://pictures.dealer.com/f/fairfieldfairfieldfordfd/1509/ab8fa020f15e1dfd95547f27a52c4747x.jpg,https://pictures.dealer.com/f/fairfieldfairfieldfordfd/0451/718ae0f32838cbab983e5a90a0f1f52bx.jpg,https://pictures.dealer.com/f/fairfieldfairfieldfordfd/0671/2193807bd883f6d8beb7ca4abd805a4ex.jpg,https://pictures.dealer.com/f/fairfieldfairfieldfordfd/0454/8ee073093dd8076db4dcfd6e80e4c8eex.jpg,https://pictures.dealer.com/f/fairfieldfairfieldfordfd/1443/f7eff418af707c39e14cd071c1eb8388x.jpg,https://pictures.dealer.com/f/fairfieldfairfieldfordfd/0174/2284622d13f9c29f4801c3971e5e379dx.jpg,https://pictures.dealer.com/f/fairfieldfairfieldfordfd/1040/949352935bbcfb8e4b94dbc28e74e242x.jpg,https://pictures.dealer.com/f/fairfieldfairfieldfordfd/1308/263b796661f7a88a3fae0a58b9bbe160x.jpg,https://pictures.dealer.com/f/fairfieldfairfieldfordfd/1390/16df08d7a1886009fb9682af17e6a3b0x.jpg,https://pictures.dealer.com/f/fairfieldfairfieldfordfd/0377/8e3d7f7e2e8673bc09fb39f628d4b79dx.jpg,https://pictures.dealer.com/f/fairfieldfairfieldfordfd/1572/59bcd6050b5fff26a28d8d1098e97e72x.jpg,https://pictures.dealer.com/f/fairfieldfairfieldfordfd/1896/c5313d1e4c7274250c02b760bee54059x.jpg,https://pictures.dealer.com/f/fairfieldfairfieldfordfd/0419/c21a2bfc588d32cb45fdd87dc5e0c3b9x.jpg,https://pictures.dealer.com/f/fairfieldfairfieldfordfd/1248/eeb7a2ae28f3908b78b4315f69832a13x.jpg,https://pictures.dealer.com/f/fairfieldfairfieldfordfd/1781/bfc567292b050f8c7a614ad128d895bax.jpg,https://pictures.dealer.com/f/fairfieldfairfieldfordfd/1084/1c00191320212c5217c083c56f5dd419x.jpg,https://pictures.dealer.com/f/fairfieldfairfieldfordfd/0993/5ae47d1a6982ffc2c059e4c41cea2592x.jpg,https://pictures.dealer.com/f/fairfieldfairfieldfordfd/1485/3c2a486222e0b0c1240659f0800d059dx.jpg,https://pictures.dealer.com/f/fairfieldfairfieldfordfd/1477/4618848f6e7b674f6ffe19b1b5cfd202x.jpg,https://pictures.dealer.com/f/fairfieldfairfieldfordfd/1388/fc1b91cc19476560fe4dbd33adb67cf4x.jpg,https://pictures.dealer.com/f/fairfieldfairfieldfordfd/1281/9724b331193f1a220309cf1bbb7ec986x.jpg,https://pictures.dealer.com/f/fairfieldfairfieldfordfd/1736/a90f0d1d49d8b27ffeceead98705cfedx.jpg,https://pictures.dealer.com/f/fairfieldfairfieldfordfd/1674/c6fc179f723c5e2aa0884525b13981dax.jpg,https://pictures.dealer.com/f/fairfieldfairfieldfordfd/0112/e58d930a4306b87301f6b3a3884a59e6x.jpg,https://pictures.dealer.com/f/fairfieldfairfieldfordfd/0813/b82e18b2c9d559e8a5c774260e6c3102x.jpg",,https://www.carfax.com/vehiclehistory/ar20/Erqs3pLCEIn7B5tH2sea-XDbYvylSoPPtetBlrKk_lMJbbbAyaTPUXmuLWhGNjtUd73ocord3_Si4nKaMlzkctoJBVzELxdrvpk,https://www.fordfairfield.com/used/Ford/2021-Ford-Bronco-Sport-0dbac0f7ac1819acc11d1ffff27a409b.htm
3FMCR9B61MRA49086,2021,Ford,Bronco Sport,Big Bend,Oxford White,Ebony,0,"$21,591",,,MRA49086,25/,1.5L EcoBoost,8-Speed Automatic,,SUV,Gasoline,Used,,,R9B,,,,,,"https://pictures.dealer.com/f/fairfieldfairfieldfordfd/1503/ed811810cb8434bee00a846d66e5d275x.jpg,https://pictures.dealer.com/f/fairfieldfairfieldfordfd/0795/97c61efa338bf2f0b630097d3be16d07x.jpg,https://pictures.dealer.com/f/fairfieldfairfieldfordfd/1215/d8a91a6021b349f7d7c06ae9d3b49ca0x.jpg,https://pictures.dealer.com/f/fairfieldfairfieldfordfd/0996/18e24dbdee64dae097183dc4944fdf1ex.jpg,https://pictures.dealer.com/f/fairfieldfairfieldfordfd/1812/3ed5708714bb0ac239314a654dea6695x.jpg,https://pictures.dealer.com/f/fairfieldfairfieldfordfd/1973/c607408b496f7753693eb90aab5d333bx.jpg,https://pictures.dealer.com/f/fairfieldfairfieldfordfd/1055/9368020dfb4252b1fa85d58b892eaaccx.jpg,https://pictures.dealer.com/f/fairfieldfairfieldfordfd/1360/57add690f3863643e970dc4d88735089x.jpg,https://pictures.dealer.com/f/fairfieldfairfieldfordfd/1685/82418b44989fe9d4c6ba01963da7dcaax.jpg,https://pictures.dealer.com/f/fairfieldfairfieldfordfd/1853/1fd2e5ddee60eb37d467b9e0b6d3ab6cx.jpg,https://pictures.dealer.com/f/fairfieldfairfieldfordfd/1341/2c9b9c72199f31ff85f229489be312f1x.jpg,https://pictures.dealer.com/f/fairfieldfairfieldfordfd/1040/949352935bbcfb8e4b94dbc28e74e242x.jpg,https://pictures.dealer.com/f/fairfieldfairfieldfordfd/1866/781a02759118c4ba321ae4333d159c77x.jpg,https://pictures.dealer.com/f/fairfieldfairfieldfordfd/0816/5411142f0585227327b97ecf83954ec2x.jpg,https://pictures.dealer.com/f/fairfieldfairfieldfordfd/0746/f507bc284318de158c7dd02e66469cc8x.jpg,https://pictures.dealer.com/f/fairfieldfairfieldfordfd/0247/3d6ab2677cf69695179d22f44d6dddfbx.jpg,https://pictures.dealer.com/f/fairfieldfairfieldfordfd/1957/6f3641257dda006c08c4b312ad751c43x.jpg,https://pictures.dealer.com/f/fairfieldfairfieldfordfd/1061/cc6c3308e638fb0258e9993ff3215141x.jpg,https://pictures.dealer.com/f/fairfieldfairfieldfordfd/0173/f8031da929709bd6011a7d8409175edax.jpg,https://pictures.dealer.com/f/fairfieldfairfieldfordfd/0838/19ce7c9a304c0ec1791ad97a28785256x.jpg,https://pictures.dealer.com/f/fairfieldfairfieldfordfd/1851/3b4c5090b31068a1b9d3daaa6a7c694dx.jpg,https://pictures.dealer.com/f/fairfieldfairfieldfordfd/0928/ed672b797edd322c1f4ae8abff8b005bx.jpg,https://pictures.dealer.com/f/fairfieldfairfieldfordfd/1230/37bb9ed712f68059183729e09f3320afx.jpg,https://pictures.dealer.com/f/fairfieldfairfieldfordfd/1295/aedb5500f8cb143c6331a09a70cd5211x.jpg,https://pictures.dealer.com/f/fairfieldfairfieldfordfd/0177/5a2ff343cdeada77d51e61c7b5c3db90x.jpg,https://pictures.dealer.com/f/fairfieldfairfieldfordfd/1106/e2822069de905a6a332eafef876fcf3ax.jpg,https://pictures.dealer.com/f/fairfieldfairfieldfordfd/0231/9beb4529c6d390d3692b8db5e3c1a10bx.jpg,https://pictures.dealer.com/f/fairfieldfairfieldfordfd/1742/24d4d7a516f52d0487dfccee78e25db6x.jpg",,https://www.carfax.com/vehiclehistory/ar20/tcZbbG5yMsHJ1gu0K24p6BFqL9ozQ9WEECfVffNYrBdu0UcKFi2xbPKw6nwsLP7Qgc_dufwXeNsjAqy_X3dlm8DsLBR6O_ghIss,https://www.fordfairfield.com/used/Ford/2021-Ford-Bronco-Sport-19c00ff5ac184f944c6da1846483e385.htm
1FMCU0GN8SUA14853,2025,Ford,Escape,Active,Silver Metallic,Ebony,0,"$23,494",,,250025DL,27/34,1.5L EcoBoost,8-Speed Automatic,,SUV,Gasoline,Used,,,U0G,,,,,,"https://pictures.dealer.com/f/fairfieldfairfieldfordfd/1381/34f128e4b14e974f05f72225daea8546x.jpg,https://pictures.dealer.com/f/fairfieldfairfieldfordfd/1082/e4859681a6606021f11bd8b11bb52178x.jpg,https://pictures.dealer.com/f/fairfieldfairfieldfordfd/1985/d8a91a6021b349f7d7c06ae9d3b49ca0x.jpg,https://pictures.dealer.com/f/fairfieldfairfieldfordfd/0555/4242de33ff88cf5e83fc526eea5e114ax.jpg,https://pictures.dealer.com/f/fairfieldfairfieldfordfd/1379/7d34a0948727479e794be6df5bc78648x.jpg,https://pictures.dealer.com/f/fairfieldfairfieldfordfd/1101/001bfc9a3257b0ffd60e87b01f895483x.jpg,https://pictures.dealer.com/f/fairfieldfairfieldfordfd/0938/fd1155bb4a92182bf03be2734d9716f3x.jpg,https://pictures.dealer.com/f/fairfieldfairfieldfordfd/0364/61c5ed30a2c2891715b5a21f0880e0b2x.jpg,https://pictures.dealer.com/f/fairfieldfairfieldfordfd/1183/9272a55fb3b3ae982a837bf5903e78b5x.jpg,https://pictures.dealer.com/f/fairfieldfairfieldfordfd/1111/ece2f7218f4f20b958b2457c63c41038x.jpg,https://pictures.dealer.com/f/fairfieldfairfieldfordfd/0048/fb90b8bb1b96a568c116b895b8d15a86x.jpg,https://pictures.dealer.com/f/fairfieldfairfieldfordfd/1613/949352935bbcfb8e4b94dbc28e74e242x.jpg,https://pictures.dealer.com/f/fairfieldfairfieldfordfd/0216/3e4faeb25b2ef63abf8006406b35ec97x.jpg,https://pictures.dealer.com/f/fairfieldfairfieldfordfd/0760/a70f85373102fc4d412d94b57ef9b007x.jpg,https://pictures.dealer.com/f/fairfieldfairfieldfordfd/0258/33b10b88478e52bddd5e675b0b8e9344x.jpg,https://pictures.dealer.com/f/fairfieldfairfieldfordfd/0130/a92abc2de9ff8703dd5ac0a256122cdex.jpg,https://pictures.dealer.com/f/fairfieldfairfieldfordfd/1982/54cab885a0dd3bbe03541c948e3d46aex.jpg,https://pictures.dealer.com/f/fairfieldfairfieldfordfd/0173/17c82be3e4acf3abfa80d3f310203fc7x.jpg,https://pictures.dealer.com/f/fairfieldfairfieldfordfd/0190/ec3cd2779217e2cfeff9542744e22f4ex.jpg,https://pictures.dealer.com/f/fairfieldfairfieldfordfd/0121/66d9e69e76091599db303a2d8cd69edbx.jpg,https://pictures.dealer.com/f/fairfieldfairfieldfordfd/1033/8465884ce23c2065e63ad3d6e72495d2x.jpg,https://pictures.dealer.com/f/fairfieldfairfieldfordfd/0305/8e29f2c2de8ef6a7b6e053e7bdcc0d58x.jpg,https://pictures.dealer.com/f/fairfieldfairfieldfordfd/0822/e435b280c94d743539e4dc51ba018d5fx.jpg,https://pictures.dealer.com/f/fairfieldfairfieldfordfd/1609/787ee7d12512ea6cfacd00c44176f25fx.jpg,https://pictures.dealer.com/f/fairfieldfairfieldfordfd/1772/d2bf51ea3a30ed513e804a7a2f67969ex.jpg,https://pictures.dealer.com/f/fairfieldfairfieldfordfd/0582/1ec5709dbb2a98c3ea49b0701bbb2adfx.jpg,https://pictures.dealer.com/f/fairfieldfairfieldfordfd/0130/a735ec625e2847e55b6c945f7fada6b6x.jpg,https://pictures.dealer.com/f/fairfieldfairfieldfordfd/1696/556b76a5d7b670db8f85cf4b6ed571c3x.jpg,https://pictures.dealer.com/f/fairfieldfairfieldfordfd/1843/04ce82cd7b81f2f72e2b2bdf5c257815x.jpg,https://pictures.dealer.com/f/fairfieldfairfieldfordfd/1939/5e8848e0f00b4eb60b02d5cb30e7fe7bx.jpg",,https://www.carfax.com/vehiclehistory/ar20/8loVBQqQL8kDnlwh2u9rgWEzH94mtoHG1bW97GnOOOVZCdTJJeRRvc2Esualr-kB26Xh8yH64HzFk8eQgTg2ilSH5Yt2Bqr5FP8,https://www.fordfairfield.com/used/Ford/2025-Ford-Escape-6ae2a2daac1841f7da66937845d90e35.htm
3FMTK1RM9PMA01475,2023,Ford,Mustang Mach-E,Select,Shadow Black,Black Onyx,0,"$25,294",,,PMA01475,,Electric Motor,Single-Speed Automatic,,SUV,Electric,Certified Pre-Owned,,,K1R,,,,,,"https://pictures.dealer.com/f/fairfieldfairfieldfordfd/0112/0ae4a3d9ff2ba63b814e88a73c01128cx.jpg,https://pictures.dealer.com/f/fairfieldfairfieldfordfd/1772/8f72f6be48287255469047334663c830x.jpg,https://pictures.dealer.com/f/fairfieldfairfieldfordfd/1985/d8a91a6021b349f7d7c06ae9d3b49ca0x.jpg,https://pictures.dealer.com/f/fairfieldfairfieldfordfd/1776/be1aaa8629f18108d10afd58dab90241x.jpg,https://pictures.dealer.com/f/fairfieldfairfieldfordfd/0612/69cc43423bf0672e392c32f0abba3637x.jpg,https://pictures.dealer.com/f/fairfieldfairfieldfordfd/0128/6452884408a6fa3928499590c85fbd76x.jpg,https://pictures.dealer.com/f/fairfieldfairfieldfordfd/1390/82a952dbd5e3d4396b1ee63e842ea4d1x.jpg,https://pictures.dealer.com/f/fairfieldfairfieldfordfd/1611/bff31bdb6fcf82e30fa96dcaf116505ax.jpg,https://pictures.dealer.com/f/fairfieldfairfieldfordfd/0182/95c940d79b5acb090f346f2ba891a552x.jpg,https://pictures.dealer.com/f/fairfieldfairfieldfordfd/0675/44a073080c235e6c8da7551386795584x.jpg,https://pictures.dealer.com/f/fairfieldfairfieldfordfd/0309/9f7f7fd3985644310857134bd47d004dx.jpg,https://pictures.dealer.com/f/fairfieldfairfieldfordfd/1613/949352935bbcfb8e4b94dbc28e74e242x.jpg,https://pictures.dealer.com/f/fairfieldfairfieldfordfd/0417/3f343bb2a83782e3b2dd7ed4325e8fb8x.jpg,https://pictures.dealer.com/f/fairfieldfairfieldfordfd/1321/8a4bdf2e551ad46ddad4bd31251d8c04x.jpg,https://pictures.dealer.com/f/fairfieldfairfieldfordfd/0318/cca1011b3bebd8bc14936c6fa01be41bx.jpg,https://pictures.dealer.com/f/fairfieldfairfieldfordfd/1746/3d54f3cac4ebe6063018489ffa48dae7x.jpg,https://pictures.dealer.com/f/fairfieldfairfieldfordfd/1466/5ade13cb551da800ed215a098ab7570ax.jpg,https://pictures.dealer.com/f/fairfieldfairfieldfordfd/0309/fdbae4bf07427c65548b8596891eab4fx.jpg,https://pictures.dealer.com/f/fairfieldfairfieldfordfd/1224/d372a11ae16d23da4959e95be050bc0dx.jpg,https://pictures.dealer.com/f/fairfieldfairfieldfordfd/0493/1d13974dbfce21103aa2358d706e1a90x.jpg,https://pictures.dealer.com/f/fairfieldfairfieldfordfd/1934/191b81c67e7bbc158260f2ab40536e70x.jpg,https://pictures.dealer.com/f/fairfieldfairfieldfordfd/0806/0366190da0cea86bf686fafa336a5feax.jpg,https://pictures.dealer.com/f/fairfieldfairfieldfordfd/0860/8073349be07eca340b36dae84db048a1x.jpg,https://pictures.dealer.com/f/fairfieldfairfieldfordfd/0047/6d69a36819fa28a2f488d3ad5fc8f230x.jpg,https://pictures.dealer.com/f/fairfieldfairfieldfordfd/1784/730d213898e71c184c94825e64ba820bx.jpg,https://pictures.dealer.com/f/fairfieldfairfieldfordfd/1907/2c20baa3e3b492dd24aeb981f33b3394x.jpg,https://pictures.dealer.com/f/fairfieldfairfieldfordfd/0058/164bec0c921eb8a6f61b868edc22f803x.jpg,https://pictures.dealer.com/f/fairfieldfairfieldfordfd/0060/481b267fd0588300d8b7856c42e1b731x.jpg,https://pictures.dealer.com/f/fairfieldfairfieldfordfd/1141/ed5cd65f7329654f652fa0da08396d20x.jpg,https://pictures.dealer.com/f/fairfieldfairfieldfordfd/0602/e6bcff62f211694243574070a7797448x.jpg,https://pictures.dealer.com/f/fairfieldfairfieldfordfd/0348/11ae9246a0cf2853b0ebe16a68b46766x.jpg,https://pictures.dealer.com/f/fairfieldfairfieldfordfd/1122/bd4d9d3ee0fffa0092e1a56d1b1ef78dx.jpg",,https://www.carfax.com/vehiclehistory/ar20/G63DokL_oI11UmiHSmXvcpKjIo5SuJDI7RMpqHbiHSgeKwajnQLusX4WhZAiy3N-c1CTcOOVcTA9RcJO8rE_DOdewhAKAhli-mo,https://www.fordfairfield.com/certified/Ford/2023-Ford-Mustang-Mach-E-2ab2035dac18549ec415370dc413870a.htm
3FMTK1RM6MMA41606,2021,Ford,Mustang Mach-E,Select,Light Gray,Black Onyx,0,"$25,591",,,MMA41606,,Dual Electric Motor,Single-Speed Automatic,,SUV,Electric,Used,,,K1R,,,,,,"https://pictures.dealer.com/f/fairfieldfairfieldfordfd/0496/3290712ae817f1da2300033d99d8c1adx.jpg,https://pictures.dealer.com/f/fairfieldfairfieldfordfd/0155/837b0fa08bfab89281746793be3fb96bx.jpg,https://pictures.dealer.com/f/fairfieldfairfieldfordfd/1215/d8a91a6021b349f7d7c06ae9d3b49ca0x.jpg,https://pictures.dealer.com/f/fairfieldfairfieldfordfd/0689/4b9813473f07e608224a6dc0f62d02f7x.jpg,https://pictures.dealer.com/f/fairfieldfairfieldfordfd/0649/848f348af00631eac06631a89527b6b9x.jpg,https://pictures.dealer.com/f/fairfieldfairfieldfordfd/1962/b0a777fbe4529948efa4eea80481937bx.jpg,https://pictures.dealer.com/f/fairfieldfairfieldfordfd/0934/f9db1cb97c653a7291222280dec9d88cx.jpg,https://pictures.dealer.com/f/fairfieldfairfieldfordfd/1412/a721d897963dabfddf5f8c0f2eaea7a2x.jpg,https://pictures.dealer.com/f/fairfieldfairfieldfordfd/1503/c440055a3d22ee304aa4bfc81cd2b346x.jpg,https://pictures.dealer.com/f/fairfieldfairfieldfordfd/1682/5427b624e5481fc36d6b4e71ad445755x.jpg,https://pictures.dealer.com/f/fairfieldfairfieldfordfd/0015/55ff5332d20f169bb38ada9ffbb291c5x.jpg,https://pictures.dealer.com/f/fairfieldfairfieldfordfd/1040/949352935bbcfb8e4b94dbc28e74e242x.jpg,https://pictures.dealer.com/f/fairfieldfairfieldfordfd/1173/dd1c31863101e97ed21c88f19efda6fex.jpg,https://pictures.dealer.com/f/fairfieldfairfieldfordfd/0106/457351fc94e1527d89a90094c937c051x.jpg,https://pictures.dealer.com/f/fairfieldfairfieldfordfd/0930/d871e479fe33dee2dff65ecf64148ee3x.jpg,https://pictures.dealer.com/f/fairfieldfairfieldfordfd/1881/44ab8f6f8240bfec3c33235b38c225bbx.jpg,https://pictures.dealer.com/f/fairfieldfairfieldfordfd/1892/e65051681a3ac2c184f6b3cc8e950833x.jpg,https://pictures.dealer.com/f/fairfieldfairfieldfordfd/0004/1d7c2cd294303ff5fe2dac6188dc4343x.jpg,https://pictures.dealer.com/f/fairfieldfairfieldfordfd/0373/2a6bbf863ebbb871a4aedfdf7e53c040x.jpg,https://pictures.dealer.com/f/fairfieldfairfieldfordfd/0645/f20daacc86294d0a736e1e0b4d8a8e3bx.jpg,https://pictures.dealer.com/f/fairfieldfairfieldfordfd/0230/ced891a68d778c430918b85954ac0335x.jpg,https://pictures.dealer.com/f/fairfieldfairfieldfordfd/0438/940b92046d3fec763f9083ce0a915eb1x.jpg,https://pictures.dealer.com/f/fairfieldfairfieldfordfd/0918/278fa4423568a941775b94fe8ae300b3x.jpg,https://pictures.dealer.com/f/fairfieldfairfieldfordfd/0410/10c55a7122120f9f2c4ebd266642b67fx.jpg,https://pictures.dealer.com/f/fairfieldfairfieldfordfd/0893/ee3a2acfcd6dcc16e83492fca14f537dx.jpg,https://pictures.dealer.com/f/fairfieldfairfieldfordfd/0298/3bcdbfb6eeffc1c83ee7b1a4092005e5x.jpg,https://pictures.dealer.com/f/fairfieldfairfieldfordfd/1291/e5aa210d81f85a903cdc776c3c546a44x.jpg,https://pictures.dealer.com/f/fairfieldfairfieldfordfd/1501/2e1df537d6c813c722b8e1664f5bfc3fx.jpg,https://pictures.dealer.com/f/fairfieldfairfieldfordfd/0056/c2d02ad9fd1069b9645b135f7f997d04x.jpg,https://pictures.dealer.com/f/fairfieldfairfieldfordfd/0494/eeca61e37971c2786dd1daa4c3582cdfx.jpg,https://pictures.dealer.com/f/fairfieldfairfieldfordfd/1366/fd33ce3eedde4e1e4b03f22788440707x.jpg",,https://www.carfax.com/vehiclehistory/ar20/TdXpuDRhTCSmDjhGxHOKqrR3JZ-gBssMk2oCoWPN-d-EPSLTlBv_2skSxVxMmEFDZra6ITMFzWOtgQL68Up0x3o2p7WNHjJdnHk,https://www.fordfairfield.com/used/Ford/2021-Ford-Mustang-Mach-E-fffc3a50ac1812707be87b59b70d31b4.htm
1FMCU0MZ2PUB22416,2023,Ford,Escape Hybrid,ST-Line,Agate Black Metallic,Ebony With Red Stitching,0,"$25,991",,,PUB22416,,2.5L iVCT,eCVT,,SUV,Hybrid,Certified Pre-Owned,,,U0M,,,,,,"https://pictures.dealer.com/f/fairfieldfairfieldfordfd/1179/fb962014599d038360a707910ca098d6x.jpg,https://pictures.dealer.com/f/fairfieldfairfieldfordfd/0964/97f221d6485be2444bb10ed419495ebex.jpg,https://pictures.dealer.com/f/fairfieldfairfieldfordfd/1215/d8a91a6021b349f7d7c06ae9d3b49ca0x.jpg,https://pictures.dealer.com/f/fairfieldfairfieldfordfd/0251/f995c91f65fea4fae12f4e8594d8bb84x.jpg,https://pictures.dealer.com/f/fairfieldfairfieldfordfd/0599/a5a9811e2a4c9c0c2cffe2e368f3bd28x.jpg,https://pictures.dealer.com/f/fairfieldfairfieldfordfd/1096/e5c90417ae2f7ab747370140155e2f41x.jpg,https://pictures.dealer.com/f/fairfieldfairfieldfordfd/0880/8bf55a4c711ca75dc7b075be0109e5ddx.jpg,https://pictures.dealer.com/f/fairfieldfairfieldfordfd/0504/bff31bdb6fcf82e30fa96dcaf116505ax.jpg,https://pictures.dealer.com/f/fairfieldfairfieldfordfd/1298/3ae80cb4ecb7da106621bfaf67fc3b9dx.jpg,https://pictures.dealer.com/f/fairfieldfairfieldfordfd/1995/587195823e21d99484987694754c3f99x.jpg,https://pictures.dealer.com/f/fairfieldfairfieldfordfd/0695/cfb655622e446075ad177b8a5911e3eex.jpg,https://pictures.dealer.com/f/fairfieldfairfieldfordfd/1040/949352935bbcfb8e4b94dbc28e74e242x.jpg,https://pictures.dealer.com/f/fairfieldfairfieldfordfd/0832/9df4633fb2f48891a20c439cee68fdc3x.jpg,https://pictures.dealer.com/f/fairfieldfairfieldfordfd/0930/68b54318e4e1d7584a3bc5e7c607f437x.jpg,https://pictures.dealer.com/f/fairfieldfairfieldfordfd/0919/6350cd99aef0e10e317e5f3206b563fax.jpg,https://pictures.dealer.com/f/fairfieldfairfieldfordfd/1798/369ca5b9bc3d3728df8aaf46e1cfb798x.jpg,https://pictures.dealer.com/f/fairfieldfairfieldfordfd/1186/b9abce950b812a7937adee91c1029aa2x.jpg,https://pictures.dealer.com/f/fairfieldfairfieldfordfd/0184/ad90f8095db20ef0ba4a48a21174ffd1x.jpg,https://pictures.dealer.com/f/fairfieldfairfieldfordfd/1554/6cbced19211e02a68d54670c084af60ax.jpg,https://pictures.dealer.com/f/fairfieldfairfieldfordfd/1060/ba23c9c31b6c82e800c5c4c02fbc63b4x.jpg,https://pictures.dealer.com/f/fairfieldfairfieldfordfd/0022/28012fbcc48665816d6f9dc7932c40ffx.jpg,https://pictures.dealer.com/f/fairfieldfairfieldfordfd/0073/d6c8233a504bc0f7ce2482c5492c0916x.jpg,https://pictures.dealer.com/f/fairfieldfairfieldfordfd/0220/27f1d8143257d6f2dbc83108d0601cb9x.jpg,https://pictures.dealer.com/f/fairfieldfairfieldfordfd/0167/385417cbd082a9c029edbafad2dc83ffx.jpg,https://pictures.dealer.com/f/fairfieldfairfieldfordfd/0435/5320e7b97a9b887ecab92ee85d3edfeax.jpg,https://pictures.dealer.com/f/fairfieldfairfieldfordfd/0024/a3a012e05499ccc65b2a38b67fa9108dx.jpg,https://pictures.dealer.com/f/fairfieldfairfieldfordfd/0527/015af2daa15800d0fa680d8caae4ee17x.jpg,https://pictures.dealer.com/f/fairfieldfairfieldfordfd/1961/c874956fa3fc6cad3afa3dbbffd1a2f6x.jpg,https://pictures.dealer.com/f/fairfieldfairfieldfordfd/1331/416ededa810e32624e69353b443940fex.jpg,https://pictures.dealer.com/f/fairfieldfairfieldfordfd/1589/af2dba449b25bb1cebf4f0f368654604x.jpg,https://pictures.dealer.com/f/fairfieldfairfieldfordfd/0713/09f74b84f98baab00b967260bf3bf587x.jpg",,https://www.carfax.com/vehiclehistory/ar20/8bYFW6KzkxPm268N_t-0F0jxKumjryv6AF0EWM8cEl_vqm_wTWEvfY_SX7who3QGbsZH50V5Qnm0ABPe1pVlgufFsCsW1vCDkg4,https://www.fordfairfield.com/certified/Ford/2023-Ford-Escape-Hybrid-efab71a6ac182783f5c09a082c03bcac.htm
1FATP8FF7K5171861,2019,Ford,Mustang,GT Premium,Shadow Black,Ebony W/Metal Gray Stitch,0,"$25,991",,,K5171861T,,5L V8 Ti-VCT,10-Speed Automatic,,Convertible,Gasoline,Used,,,P8F,,,,,,"https://pictures.dealer.com/f/fairfieldfairfieldfordfd/0170/15450d8e51783f77498bab3b3d14704ax.jpg,https://pictures.dealer.com/f/fairfieldfairfieldfordfd/1805/b3e128801d9f84942f985129dd6d2cc9x.jpg,https://pictures.dealer.com/f/fairfieldfairfieldfordfd/1215/d8a91a6021b349f7d7c06ae9d3b49ca0x.jpg,https://pictures.dealer.com/f/fairfieldfairfieldfordfd/0185/ec8ae1ea1bfd1ebf397f9f6f3c1a0e26x.jpg,https://pictures.dealer.com/f/fairfieldfairfieldfordfd/1761/d8000ce8c3e63674fe3233fe0f43ca05x.jpg,https://pictures.dealer.com/f/fairfieldfairfieldfordfd/0593/a31833562be8d0541eb804f17000b317x.jpg,https://pictures.dealer.com/f/fairfieldfairfieldfordfd/0957/f482a49edb490aa18343492d4b9f168bx.jpg,https://pictures.dealer.com/f/fairfieldfairfieldfordfd/1153/5a320b8b320d14ad0fb78857713a74a1x.jpg,https://pictures.dealer.com/f/fairfieldfairfieldfordfd/1277/3541d2d07ad61d8509c0ffb810d94723x.jpg,https://pictures.dealer.com/f/fairfieldfairfieldfordfd/1430/37b36c360d80109fc62fb4fc65c49c9ax.jpg,https://pictures.dealer.com/f/fairfieldfairfieldfordfd/0510/7a0f39363e6bc6aa5c63c5d283fd855bx.jpg,https://pictures.dealer.com/f/fairfieldfairfieldfordfd/1040/949352935bbcfb8e4b94dbc28e74e242x.jpg,https://pictures.dealer.com/f/fairfieldfairfieldfordfd/0137/7b5e28eb0b0c4d9dde8d9b7c5465af9dx.jpg,https://pictures.dealer.com/f/fairfieldfairfieldfordfd/1366/3a855ccff3c62cc54a0724a96570267ex.jpg,https://pictures.dealer.com/f/fairfieldfairfieldfordfd/1839/9d814efc85b06498ca4af0cc3aab9808x.jpg,https://pictures.dealer.com/f/fairfieldfairfieldfordfd/0221/62df8f181f7c8a35dc1a244d5c7cdc27x.jpg,https://pictures.dealer.com/f/fairfieldfairfieldfordfd/0518/394c52e2cb63976c39833fbad6bfb9f3x.jpg,https://pictures.dealer.com/f/fairfieldfairfieldfordfd/1105/888840a48ec71c079ab06e34bf43bac5x.jpg,https://pictures.dealer.com/f/fairfieldfairfieldfordfd/0390/16126c7eadca8f6b718957e4e2c78329x.jpg,https://pictures.dealer.com/f/fairfieldfairfieldfordfd/1656/80523b49015ac23347cb4f71c743b3adx.jpg,https://pictures.dealer.com/f/fairfieldfairfieldfordfd/1988/c47c9708e43682811faaf7c82ac62c62x.jpg,https://pictures.dealer.com/f/fairfieldfairfieldfordfd/0082/54b22f418c8c0cf84f48a1b59bad9f20x.jpg,https://pictures.dealer.com/f/fairfieldfairfieldfordfd/0924/6e18f90359ed5b25a55bb0e0e3328a4fx.jpg,https://pictures.dealer.com/f/fairfieldfairfieldfordfd/0585/b39bbb07bd64371ed7c774e6023c3bbbx.jpg,https://pictures.dealer.com/f/fairfieldfairfieldfordfd/1714/ef9117513e5e724def77db2c282c5c35x.jpg,https://pictures.dealer.com/f/fairfieldfairfieldfordfd/0602/12a3344a9719a68e1345a07528e986a5x.jpg,https://pictures.dealer.com/f/fairfieldfairfieldfordfd/1317/388dc25cb54f15fde82ff2f4d60f8e93x.jpg",,https://www.carfax.com/vehiclehistory/ar20/VK0vRLrWeloF9e4Omn_PY6FDE-Y2RFb2aeJg7tRA_xrRapD3j7nRs1ruJWj446LKxhAAwqLvxFcxMNr2kODW4eqCiSwQ3DKma08,https://www.fordfairfield.com/used/Ford/2019-Ford-Mustang-0dbabd25ac182783f5c09a08a0b81d80.htm
3FMTK1RM5NMA16682,2022,Ford,Mustang Mach-E,Select,Space White Metallic,Black Onyx,0,"$26,491",,,NMA16682,,Electric Motor,Single-Speed Automatic,,SUV,Electric,Used,,,K1R,,,,,,"https://pictures.dealer.com/f/fairfieldfairfieldfordfd/0717/9a8bc64ea018466b390be54d2044c6acx.jpg,https://pictures.dealer.com/f/fairfieldfairfieldfordfd/0313/ce137d5e9809cbf8dbbe146405299cfax.jpg,https://pictures.dealer.com/f/fairfieldfairfieldfordfd/1215/d8a91a6021b349f7d7c06ae9d3b49ca0x.jpg,https://pictures.dealer.com/f/fairfieldfairfieldfordfd/0596/09cf66251c28878fdd26afce5a548540x.jpg,https://pictures.dealer.com/f/fairfieldfairfieldfordfd/1834/599dd6e5e5191d7cbf21929d3f9452ffx.jpg,https://pictures.dealer.com/f/fairfieldfairfieldfordfd/1862/a5136c3aecf683e821335eaa487cf0b2x.jpg,https://pictures.dealer.com/f/fairfieldfairfieldfordfd/1615/a76857a16217e6338d8bdd5393265b30x.jpg,https://pictures.dealer.com/f/fairfieldfairfieldfordfd/1382/fc563ee0b956181c8e6826463f583d7bx.jpg,https://pictures.dealer.com/f/fairfieldfairfieldfordfd/0078/2db1a93622a21ac31a816232972e9f3cx.jpg,https://pictures.dealer.com/f/fairfieldfairfieldfordfd/1360/bc8389829c0edd1b804fb7a30858e001x.jpg,https://pictures.dealer.com/f/fairfieldfairfieldfordfd/1264/4092c93bdc35966d669a15d1e5178fb5x.jpg,https://pictures.dealer.com/f/fairfieldfairfieldfordfd/1040/949352935bbcfb8e4b94dbc28e74e242x.jpg,https://pictures.dealer.com/f/fairfieldfairfieldfordfd/1946/f4e61c562fb9239676eb143b996b1552x.jpg,https://pictures.dealer.com/f/fairfieldfairfieldfordfd/1710/fb628ee7671276a56bb539447fba4ebcx.jpg,https://pictures.dealer.com/f/fairfieldfairfieldfordfd/1934/9351946f3fba321b22cdcf31b81deb1dx.jpg,https://pictures.dealer.com/f/fairfieldfairfieldfordfd/1824/ed31a9463072c508f295f97c504958b7x.jpg,https://pictures.dealer.com/f/fairfieldfairfieldfordfd/0005/056f49babedaf2ef9a83bec1601ab722x.jpg,https://pictures.dealer.com/f/fairfieldfairfieldfordfd/0254/b63f0e7a96aa868b1677fc6c43cfefb5x.jpg,https://pictures.dealer.com/f/fairfieldfairfieldfordfd/0402/c495f9c79339b5c936b449d0fa667dd2x.jpg,https://pictures.dealer.com/f/fairfieldfairfieldfordfd/1426/76cff56ebffde78da88df7a94821f3efx.jpg,https://pictures.dealer.com/f/fairfieldfairfieldfordfd/0517/2f92b5463bf0d0fd2d9308bca84c70b6x.jpg,https://pictures.dealer.com/f/fairfieldfairfieldfordfd/0803/da3b1c5477fbee0d25bcfd750187bd1fx.jpg,https://pictures.dealer.com/f/fairfieldfairfieldfordfd/0656/5f563d7f7bf1e3fd1009c722a41a687dx.jpg,https://pictures.dealer.com/f/fairfieldfairfieldfordfd/0737/0ee15a0643984cba40740141201b78b3x.jpg,https://pictures.dealer.com/f/fairfieldfairfieldfordfd/1557/b006b5c115f53053832d39170153e094x.jpg,https://pictures.dealer.com/f/fairfieldfairfieldfordfd/0566/78318695b1e0d0838177acb439e31200x.jpg,https://pictures.dealer.com/f/fairfieldfairfieldfordfd/1065/3bbc11e21a9c9406ae385fe7e9f56fe8x.jpg,https://pictures.dealer.com/f/fairfieldfairfieldfordfd/0163/17803e6a3c4d1501c4e782d19556152ax.jpg,https://pictures.dealer.com/f/fairfieldfairfieldfordfd/0274/37b75ef0e6e8a5a14f2352b76bd0873dx.jpg,https://pictures.dealer.com/f/fairfieldfairfieldfordfd/0698/4495b5f16a96bab56988a96f98253a44x.jpg,https://pictures.dealer.com/f/fairfieldfairfieldfordfd/0868/9bcbabcb78a2af717bfef9befce924a0x.jpg",,https://www.carfax.com/vehiclehistory/ar20/RfKHmzUgSMMOgv0BPNSouOUpTSld28vLT1QtWzrm-286U3rynGDthQ2IgwCI-9M4Ihu5NT549mjtiuWZRYkHueuDZl-_Fzb90K8,https://www.fordfairfield.com/used/Ford/2022-Ford-Mustang-Mach-E-fad3be13ac1820694c0ea23602827ebf.htm
3FMTK1RM0NMA17612,2022,Ford,Mustang Mach-E,Select,Space White Metallic,Black Onyx,0,"$26,991",,,NMA17612,,Electric Motor,Single-Speed Automatic,,SUV,Electric,Used,,,K1R,,,,,,"https://pictures.dealer.com/f/fairfieldfairfieldfordfd/0182/8245839a2f8952e231a7c14c8bb8938bx.jpg,https://pictures.dealer.com/f/fairfieldfairfieldfordfd/0231/5dd247455c139101bae0ce43ac4863c5x.jpg,https://pictures.dealer.com/f/fairfieldfairfieldfordfd/1215/d8a91a6021b349f7d7c06ae9d3b49ca0x.jpg,https://pictures.dealer.com/f/fairfieldfairfieldfordfd/0741/f62715e47af56f111dcf17e4164826c1x.jpg,https://pictures.dealer.com/f/fairfieldfairfieldfordfd/0311/4dadb46cd256b06f905d33f1477fc927x.jpg,https://pictures.dealer.com/f/fairfieldfairfieldfordfd/1506/e5dde41a15911abf605e80ec26e6ddabx.jpg,https://pictures.dealer.com/f/fairfieldfairfieldfordfd/0505/f3d828d2456ec285e84cdc46cf7d3e56x.jpg,https://pictures.dealer.com/f/fairfieldfairfieldfordfd/1225/47f7c069d9e8d2cacf4d3344f7a23293x.jpg,https://pictures.dealer.com/f/fairfieldfairfieldfordfd/0360/1a39c8ab4c096ee47b482b08bbbe8a67x.jpg,https://pictures.dealer.com/f/fairfieldfairfieldfordfd/0396/8e21175cc4bfe713ab5abb55bbc20fc4x.jpg,https://pictures.dealer.com/f/fairfieldfairfieldfordfd/0248/3740165a8b78d014cf104db7097ef55ax.jpg,https://pictures.dealer.com/f/fairfieldfairfieldfordfd/1040/949352935bbcfb8e4b94dbc28e74e242x.jpg,https://pictures.dealer.com/f/fairfieldfairfieldfordfd/1021/6797d54f68007395ac4ed8e62939f319x.jpg,https://pictures.dealer.com/f/fairfieldfairfieldfordfd/1880/537b8891d91766b8ed8fa93a1a21709cx.jpg,https://pictures.dealer.com/f/fairfieldfairfieldfordfd/1979/60eae9fef787381ed6f940fbacf6a436x.jpg,https://pictures.dealer.com/f/fairfieldfairfieldfordfd/1663/2569c212234f4dc9017dbba48ade3034x.jpg,https://pictures.dealer.com/f/fairfieldfairfieldfordfd/1355/f3755d2c07d456d202dd797bae176241x.jpg,https://pictures.dealer.com/f/fairfieldfairfieldfordfd/1173/ffb280ceafd4253fea244a16d323b889x.jpg,https://pictures.dealer.com/f/fairfieldfairfieldfordfd/0867/3b7a8df37e8593ef558c4703f8b9156ex.jpg,https://pictures.dealer.com/f/fairfieldfairfieldfordfd/1274/4cf77b27dda75c30a7b69d50694ae2c4x.jpg,https://pictures.dealer.com/f/fairfieldfairfieldfordfd/0405/d00e01cefac41ed30f6dd5c241ee65c9x.jpg,https://pictures.dealer.com/f/fairfieldfairfieldfordfd/0449/d7557e69fa93ee2daa459f40828b117dx.jpg,https://pictures.dealer.com/f/fairfieldfairfieldfordfd/1089/45eafcbc21f9732c6c3f347dc03b0323x.jpg,https://pictures.dealer.com/f/fairfieldfairfieldfordfd/0378/cf651bb5bfff429dfdf05e20b9074703x.jpg,https://pictures.dealer.com/f/fairfieldfairfieldfordfd/0972/9fe7053d116b8324aab0c18457e5532bx.jpg,https://pictures.dealer.com/f/fairfieldfairfieldfordfd/1800/f275050298a989c40901787f5c732206x.jpg,https://pictures.dealer.com/f/fairfieldfairfieldfordfd/0858/e2ad6f4fab85a8527f37862bb2a452a9x.jpg,https://pictures.dealer.com/f/fairfieldfairfieldfordfd/0109/31fc080b56222cd194aad21903616d55x.jpg,https://pictures.dealer.com/f/fairfieldfairfieldfordfd/0067/13dbd28715c6e6bd55e29d415c868cabx.jpg,https://pictures.dealer.com/f/fairfieldfairfieldfordfd/0452/20f56f24f050d7c03ffc29e769c89834x.jpg,https://pictures.dealer.com/f/fairfieldfairfieldfordfd/0763/5c65d97ea06c10704ad0a6e79d7634dbx.jpg",,https://www.carfax.com/vehiclehistory/ar20/iSiq2jF746tRtYEH746hbJdqIJ0SLRGYRDA2_5mmAzH8-KGTlyP9dNYgdv2Ahk3TOVJJH2uEBV-jYD9SzWFkLMV_sGaPqPag1yE,https://www.fordfairfield.com/used/Ford/2022-Ford-Mustang-Mach-E-38a334b8ac185061f48eb8558384b1c5.htm
1FMCU0MZ4RUB05913,2024,Ford,Escape Hybrid,ST-Line,Iconic Silver Metallic,Red / Ebony,0,"$27,093",,,RUB05913T,,2.5L iVCT,eCVT,,SUV,Hybrid,Used,,,U0M,,,,,,"https://pictures.dealer.com/f/fairfieldfairfieldfordfd/0759/f6663724faa98fbcdda4ce259835425fx.jpg,https://pictures.dealer.com/f/fairfieldfairfieldfordfd/1215/8886441002f87cf2b6cbac214c6f6982x.jpg,https://pictures.dealer.com/f/fairfieldfairfieldfordfd/1215/d8a91a6021b349f7d7c06ae9d3b49ca0x.jpg,https://pictures.dealer.com/f/fairfieldfairfieldfordfd/0623/0b3dde3a9d8a1f9575b96491308e1024x.jpg,https://pictures.dealer.com/f/fairfieldfairfieldfordfd/0882/575373a5bdd38eb9b624bc28c3af0b64x.jpg,https://pictures.dealer.com/f/fairfieldfairfieldfordfd/0954/536e04a39dc1f1ef8595a69d74313868x.jpg,https://pictures.dealer.com/f/fairfieldfairfieldfordfd/0273/810cbd0a7bcad41ce37e73eacb8b80dfx.jpg,https://pictures.dealer.com/f/fairfieldfairfieldfordfd/1009/a0c4ea87e2c0820867b06107c65de24ex.jpg,https://pictures.dealer.com/f/fairfieldfairfieldfordfd/0472/22c9abe9b6dd28510f4e2a4d374ec4f2x.jpg,https://pictures.dealer.com/f/fairfieldfairfieldfordfd/0164/b811ef8c260f027ee6485c8d15468d52x.jpg,https://pictures.dealer.com/f/fairfieldfairfieldfordfd/0719/776987692c506fa5b551fa158caec01bx.jpg,https://pictures.dealer.com/f/fairfieldfairfieldfordfd/1040/949352935bbcfb8e4b94dbc28e74e242x.jpg,https://pictures.dealer.com/f/fairfieldfairfieldfordfd/1860/dd919647cdab2bdc2f25713a8178101ex.jpg,https://pictures.dealer.com/f/fairfieldfairfieldfordfd/0317/2b67ef4f69206d0073c761ef320c02c1x.jpg,https://pictures.dealer.com/f/fairfieldfairfieldfordfd/1408/c2176f2b8107515f160aedce9d27d216x.jpg,https://pictures.dealer.com/f/fairfieldfairfieldfordfd/0560/0e2aa4d695c4e11a7a3d0a9d6205ad84x.jpg,https://pictures.dealer.com/f/fairfieldfairfieldfordfd/1042/6124c3ae6a5128cd55d8a0450f06b9ebx.jpg,https://pictures.dealer.com/f/fairfieldfairfieldfordfd/0371/ac0f049c0127973b4844a816a58f2800x.jpg,https://pictures.dealer.com/f/fairfieldfairfieldfordfd/1099/3c3ea632f70199762d889ef13f797accx.jpg,https://pictures.dealer.com/f/fairfieldfairfieldfordfd/0261/d4dd9ada3f4a9a0b20cfb8a314a482a8x.jpg,https://pictures.dealer.com/f/fairfieldfairfieldfordfd/0889/d9b89f7f949b2ffd5d8636912dc055f4x.jpg,https://pictures.dealer.com/f/fairfieldfairfieldfordfd/0544/c58e20a2991e405e47cb0e873054be11x.jpg,https://pictures.dealer.com/f/fairfieldfairfieldfordfd/1489/388d8dfd8c517dc11bc90a7883037065x.jpg,https://pictures.dealer.com/f/fairfieldfairfieldfordfd/0438/0398872e9d4ec824c5d5f2b68409d513x.jpg,https://pictures.dealer.com/f/fairfieldfairfieldfordfd/0912/6e5b5657f282dae0b31ef6f1386425c2x.jpg,https://pictures.dealer.com/f/fairfieldfairfieldfordfd/0195/0d193088a77a1f21afb0ca95e9b3fce1x.jpg,https://pictures.dealer.com/f/fairfieldfairfieldfordfd/0277/c287232c3e9f3378bd567e130057d0efx.jpg,https://pictures.dealer.com/f/fairfieldfairfieldfordfd/0207/9a824a4a09523962a06d7be21b808b7dx.jpg,https://pictures.dealer.com/f/fairfieldfairfieldfordfd/0887/c62e42915b93ae804c2073b58fbe422ax.jpg,https://pictures.dealer.com/f/fairfieldfairfieldfordfd/0784/13416dd2780c0b665a87681e059bc49ex.jpg",,https://www.carfax.com/vehiclehistory/ar20/mWUZpwMIEY_sDDdRGceuNvKxsPBhL8J2LFNM78I-7lJgJ7nMn2NlCvnFp5X3IzWjcWOVX_hy_n1Lnd3PvlWfXreQpHLEw5j9ZcE,https://www.fordfairfield.com/used/Ford/2024-Ford-Escape-Hybrid-9cdf53baac18241c4d57af3770c627d4.htm
1FMCU9PZ1PUA94205,2023,Ford,Escape Hybrid,ST-Line Elite,Star White Metallic Tri-Coat,Ebony With Red Stitching,0,"$28,592",,,PUA94205,,2.5L iVCT,eCVT,,SUV,Hybrid,Used,,,U9P,,,,,,"https://pictures.dealer.com/f/fairfieldfairfieldfordfd/1579/5de539f5f2cf995292dbf519800b9fa5x.jpg,https://pictures.dealer.com/f/fairfieldfairfieldfordfd/0085/1ecff17a12e60d9232d1c6b086ac813ex.jpg,https://pictures.dealer.com/f/fairfieldfairfieldfordfd/1215/d8a91a6021b349f7d7c06ae9d3b49ca0x.jpg,https://pictures.dealer.com/f/fairfieldfairfieldfordfd/0930/7a4fd22d1302fd5a5151f056920597cbx.jpg,https://pictures.dealer.com/f/fairfieldfairfieldfordfd/0602/4576317a12429febe475430fdd423949x.jpg,https://pictures.dealer.com/f/fairfieldfairfieldfordfd/0007/1bb2d7d6689d1afb2bd866db9d19e650x.jpg,https://pictures.dealer.com/f/fairfieldfairfieldfordfd/1137/ac1e6de69eb4e29ea8387626044b906bx.jpg,https://pictures.dealer.com/f/fairfieldfairfieldfordfd/0262/ad9cde2857aca7b91f60ed5f6c814c4cx.jpg,https://pictures.dealer.com/f/fairfieldfairfieldfordfd/1604/82ea9cbe4bea34fecd68c202467ae584x.jpg,https://pictures.dealer.com/f/fairfieldfairfieldfordfd/0042/39d21af9dc831e1c6d53bda8e1f5a9b2x.jpg,https://pictures.dealer.com/f/fairfieldfairfieldfordfd/0168/3d2a8917d508f6b248ee359513d52db9x.jpg,https://pictures.dealer.com/f/fairfieldfairfieldfordfd/1040/949352935bbcfb8e4b94dbc28e74e242x.jpg,https://pictures.dealer.com/f/fairfieldfairfieldfordfd/1718/cdab23be121e65ca9b0f0d0d5a7ddc58x.jpg,https://pictures.dealer.com/f/fairfieldfairfieldfordfd/0012/0facee2950096ed09027cf525faf4462x.jpg,https://pictures.dealer.com/f/fairfieldfairfieldfordfd/0607/961888d7faecebeb1181804f30e129a9x.jpg,https://pictures.dealer.com/f/fairfieldfairfieldfordfd/1095/3726dee49730a7b02d51bf819c9bc285x.jpg,https://pictures.dealer.com/f/fairfieldfairfieldfordfd/0651/4ddf2ae02abb2240f0acfe3950d8fe09x.jpg,https://pictures.dealer.com/f/fairfieldfairfieldfordfd/0697/54e46473e8bdeb848250efc3eeda37b8x.jpg,https://pictures.dealer.com/f/fairfieldfairfieldfordfd/0187/8f6a20954ae80ca7ce4f0743ad0eeb4bx.jpg,https://pictures.dealer.com/f/fairfieldfairfieldfordfd/1210/ba769419ec1bb29a48598e51c1389768x.jpg,https://pictures.dealer.com/f/fairfieldfairfieldfordfd/0241/3e82b2e4f2d80fbeec5c1405d978ebb2x.jpg,https://pictures.dealer.com/f/fairfieldfairfieldfordfd/1069/50009b3d9a9b9a1733f639335ead0595x.jpg,https://pictures.dealer.com/f/fairfieldfairfieldfordfd/1208/0c6648080840a8172cde73e13eabfd61x.jpg,https://pictures.dealer.com/f/fairfieldfairfieldfordfd/1385/82f517dc70e53bd6ceeff873c753e4c6x.jpg,https://pictures.dealer.com/f/fairfieldfairfieldfordfd/1367/84ae0e29cb6aabb3f18137ec28b158d0x.jpg,https://pictures.dealer.com/f/fairfieldfairfieldfordfd/1398/e260cfda30d201786f47debef14e98c3x.jpg,https://pictures.dealer.com/f/fairfieldfairfieldfordfd/0155/0d5190ba4224b5b1fd96d3610a16b25ax.jpg,https://pictures.dealer.com/f/fairfieldfairfieldfordfd/0739/554dd332e75125d7eeba0da81be4fe66x.jpg,https://pictures.dealer.com/f/fairfieldfairfieldfordfd/0917/207db03589c456e7212492c3f9f5fefax.jpg",,https://www.carfax.com/vehiclehistory/ar20/eO2TOpku2x4sas7cDSTEsPU6pLZ04opoUXiS9de3TXQGyRJC3mW4yWybfqptU2NPbD3-UQKqJWgd20VnmNqiwoLIZIlgJpu2INc,https://www.fordfairfield.com/used/Ford/2023-Ford-Escape-Hybrid-cb9e5e45ac182624a36828a7d1ca8410.htm
1FM5K8FW2MNA12388,2021,Ford,Explorer,Limited,Blue,Sandstone,0,"$29,991",,,MNA12388,,3.3L Hybrid,10-Speed Automatic,,SUV,Gasoline,Used,,,K8F,,,,,,"https://pictures.dealer.com/f/fairfieldfairfieldfordfd/1752/d32ba2d0eff112089d97bad00444f5b9x.jpg,https://pictures.dealer.com/f/fairfieldfairfieldfordfd/0494/2d7d0c8df3aab7ecce3f057288070c22x.jpg,https://pictures.dealer.com/f/fairfieldfairfieldfordfd/1215/d8a91a6021b349f7d7c06ae9d3b49ca0x.jpg,https://pictures.dealer.com/f/fairfieldfairfieldfordfd/0218/d455533bc00c1287ee4b835444e3fe56x.jpg,https://pictures.dealer.com/f/fairfieldfairfieldfordfd/0376/e5578f640b029e23c6e44fe320a25184x.jpg,https://pictures.dealer.com/f/fairfieldfairfieldfordfd/1820/9a0e249680787f9f0c0d3c4fe9d83284x.jpg,https://pictures.dealer.com/f/fairfieldfairfieldfordfd/1038/c656459c30848ec7792cb7b7d24561a7x.jpg,https://pictures.dealer.com/f/fairfieldfairfieldfordfd/1124/f7ad64128cc97108b2567145bd9d2c02x.jpg,https://pictures.dealer.com/f/fairfieldfairfieldfordfd/1541/4ddbaadaf729aa589f8df0ab027b3e49x.jpg,https://pictures.dealer.com/f/fairfieldfairfieldfordfd/1966/86f5472a6d2a2824da50732f432eb265x.jpg,https://pictures.dealer.com/f/fairfieldfairfieldfordfd/0444/8e61092694163524e105ea31387ac76dx.jpg,https://pictures.dealer.com/f/fairfieldfairfieldfordfd/1040/949352935bbcfb8e4b94dbc28e74e242x.jpg,https://pictures.dealer.com/f/fairfieldfairfieldfordfd/0256/c1476cbe62730b4fd47e3fc947ddc553x.jpg,https://pictures.dealer.com/f/fairfieldfairfieldfordfd/0032/55bdb6cee4b91216eebf7666a79b2c60x.jpg,https://pictures.dealer.com/f/fairfieldfairfieldfordfd/1566/18f2a08f95899bd82913a9caf4d3b2fdx.jpg,https://pictures.dealer.com/f/fairfieldfairfieldfordfd/0968/04eb3588d67e7febec3fb75acc8d89d0x.jpg,https://pictures.dealer.com/f/fairfieldfairfieldfordfd/0477/1f8a0de047919a77c9b31ad0505823bbx.jpg,https://pictures.dealer.com/f/fairfieldfairfieldfordfd/1217/bdf5e80e4bc5576d0ab381530aebc206x.jpg,https://pictures.dealer.com/f/fairfieldfairfieldfordfd/0825/0ebb192ec5711e8c812ad1e8e6782099x.jpg,https://pictures.dealer.com/f/fairfieldfairfieldfordfd/0800/6587ccd3027f299e1bdf2e52380c380dx.jpg,https://pictures.dealer.com/f/fairfieldfairfieldfordfd/0305/871bc8690dc451224210f14dd94a8d2cx.jpg,https://pictures.dealer.com/f/fairfieldfairfieldfordfd/1769/6d6983efe38564d2530e1b795c2f6c48x.jpg,https://pictures.dealer.com/f/fairfieldfairfieldfordfd/1821/6b1dbabb0a26ab5a0314e7506db66a22x.jpg,https://pictures.dealer.com/f/fairfieldfairfieldfordfd/0573/a1c277cfedb0eed32a5c5f6f96d6fec1x.jpg,https://pictures.dealer.com/f/fairfieldfairfieldfordfd/0436/bc83044aedf8d9e3b8100b26b80d6932x.jpg,https://pictures.dealer.com/f/fairfieldfairfieldfordfd/0943/a9b9dcca31df2c8bee009dea0a22ec5bx.jpg,https://pictures.dealer.com/f/fairfieldfairfieldfordfd/1968/49678f3bc1022a6725f670ef7d155328x.jpg,https://pictures.dealer.com/f/fairfieldfairfieldfordfd/0860/21607d62b459af3f2945ac13c66a5b9bx.jpg,https://pictures.dealer.com/f/fairfieldfairfieldfordfd/0067/45016902b3e6896ed07f9b76bdabcb7dx.jpg,https://pictures.dealer.com/f/fairfieldfairfieldfordfd/0540/53c4824272624b9eb57b1607213290d1x.jpg,https://pictures.dealer.com/f/fairfieldfairfieldfordfd/0861/ab24c7f14b606e32794c6b77314952e9x.jpg,https://pictures.dealer.com/f/fairfieldfairfieldfordfd/0246/8a41ba75701044f18c0f210e4d51c549x.jpg",,https://www.carfax.com/vehiclehistory/ar20/-RxqzDf0b6-0EekWXIq0Mlga1EnP9aG_RWLmom64rO_bbMZbZDZdIJwE3cQGc6cWKetmHlFiSZo94LgfzK4avP4GJvsuJdF0KJ8,https://www.fordfairfield.com/used/Ford/2021-Ford-Explorer-0f7a5885ac182624a36828a7d2f71522.htm
1FA6P8TH9S5103063,2025,Ford,Mustang,Ecoboost,Shadow Black,Black Onyx,0,"$30,494",,,S5103063DL,22/33,2.3L EcoBoost I4 GTDi DOHC Turbocharged VCT,10-Speed Automatic,,Coupe,Gasoline,Used,,,P8T,,,,,,"https://pictures.dealer.com/f/fairfieldfairfieldfordfd/0042/f70236c22209f57f693bba2f7404221cx.jpg,https://pictures.dealer.com/f/fairfieldfairfieldfordfd/1286/9113086f3f469f3ed2687b379fbf0be4x.jpg,https://pictures.dealer.com/f/fairfieldfairfieldfordfd/1985/d8a91a6021b349f7d7c06ae9d3b49ca0x.jpg,https://pictures.dealer.com/f/fairfieldfairfieldfordfd/0480/101ecb598162493aa7c19bfe892a15f8x.jpg,https://pictures.dealer.com/f/fairfieldfairfieldfordfd/0133/fde19a79531062e22297ee2ef7c23031x.jpg,https://pictures.dealer.com/f/fairfieldfairfieldfordfd/1266/8772533545f0ea23b9fa96083be18496x.jpg,https://pictures.dealer.com/f/fairfieldfairfieldfordfd/1224/94f5a5104406f89bb8ce318292eff4dex.jpg,https://pictures.dealer.com/f/fairfieldfairfieldfordfd/1845/097e122bb6114434bbe0bfeda918220fx.jpg,https://pictures.dealer.com/f/fairfieldfairfieldfordfd/1307/25ad40c79659335e3534323d54d762cax.jpg,https://pictures.dealer.com/f/fairfieldfairfieldfordfd/1715/6a153c1cee1067cfbb47b83f34b24db8x.jpg,https://pictures.dealer.com/f/fairfieldfairfieldfordfd/0523/60b30e9e037b056ac23a3e344112ba04x.jpg,https://pictures.dealer.com/f/fairfieldfairfieldfordfd/1613/949352935bbcfb8e4b94dbc28e74e242x.jpg,https://pictures.dealer.com/f/fairfieldfairfieldfordfd/1625/113c1b53639661c3b0ba3bb11919f59ax.jpg,https://pictures.dealer.com/f/fairfieldfairfieldfordfd/1613/0c511224d96646c1bc515f1b7af41e00x.jpg,https://pictures.dealer.com/f/fairfieldfairfieldfordfd/0120/8091613200a7c18f300e96fa3f3f03cax.jpg,https://pictures.dealer.com/f/fairfieldfairfieldfordfd/0381/59c7b56237fd64b1a77b871f115bab49x.jpg,https://pictures.dealer.com/f/fairfieldfairfieldfordfd/0652/2be1b1cdbea647a46b8977ba2c7e6065x.jpg,https://pictures.dealer.com/f/fairfieldfairfieldfordfd/0861/097d50f14507f4ae8a7b5115cd8617e5x.jpg,https://pictures.dealer.com/f/fairfieldfairfieldfordfd/0648/d90f4117882ab111894f8390e999284dx.jpg,https://pictures.dealer.com/f/fairfieldfairfieldfordfd/0151/1593134fa7b052a064e1312373a9a067x.jpg,https://pictures.dealer.com/f/fairfieldfairfieldfordfd/1892/5cd8df6c4d7bbf33366c7b3cfde42d0ex.jpg,https://pictures.dealer.com/f/fairfieldfairfieldfordfd/0552/2f5f9cb7969b4ff86782cf7659b7bac4x.jpg,https://pictures.dealer.com/f/fairfieldfairfieldfordfd/0528/bec7104d897e984cb9911094c1f2a4cfx.jpg,https://pictures.dealer.com/f/fairfieldfairfieldfordfd/1783/103c2e63b6ea55d9e02a0b699b10966ex.jpg,https://pictures.dealer.com/f/fairfieldfairfieldfordfd/0712/616a47be2b769a6620a09f6186698a88x.jpg,https://pictures.dealer.com/f/fairfieldfairfieldfordfd/0144/4b14ae364d4ce680b26332c698f77443x.jpg,https://pictures.dealer.com/f/fairfieldfairfieldfordfd/1377/139c443a8b7f49d5f8bd9ff51a551ccbx.jpg,https://pictures.dealer.com/f/fairfieldfairfieldfordfd/0082/ab0632d16bb1b626828ada95e19ad90bx.jpg,https://pictures.dealer.com/f/fairfieldfairfieldfordfd/1759/31b8a198893542cbcb3af23134051230x.jpg",,https://www.carfax.com/vehiclehistory/ar20/Xogx6SvwaSc-Uaw3IdrdHsRitXSysw-fnIJvXM9eq8M-SlN6YtTHJmUewgP6ZxuWhh7WuTXkLvW6h2WgCkOz2cKEbQUxmH5vHsQ,https://www.fordfairfield.com/used/Ford/2025-Ford-Mustang-5eed8c26ac1839ff3f58aa6a1492b1a0.htm
3FMTK3R46PMA65758,2023,Ford,Mustang Mach-E,Premium,Carbonized Gray Metallic,Black Onyx,0,"$30,592",,,PMA65758,,Dual Electric Motor,Single-Speed Automatic,,SUV,Electric,Certified Pre-Owned,,,K3R,,,,,,"https://pictures.dealer.com/f/fairfieldfairfieldfordfd/1660/9ecc804532c9fadf995d51646aa7fb86x.jpg,https://pictures.dealer.com/f/fairfieldfairfieldfordfd/1551/56762e63fb043a63e763b07118767b23x.jpg,https://pictures.dealer.com/f/fairfieldfairfieldfordfd/1215/d8a91a6021b349f7d7c06ae9d3b49ca0x.jpg,https://pictures.dealer.com/f/fairfieldfairfieldfordfd/1240/168e37df161593db1bdb9f3be43d4f95x.jpg,https://pictures.dealer.com/f/fairfieldfairfieldfordfd/0057/812dad060450fa4ae163144023ad73f2x.jpg,https://pictures.dealer.com/f/fairfieldfairfieldfordfd/0292/7d4c7d23feff40d117a6262fbf9b45a3x.jpg,https://pictures.dealer.com/f/fairfieldfairfieldfordfd/0702/03c6bb0f6d404542cfa2a07525253f78x.jpg,https://pictures.dealer.com/f/fairfieldfairfieldfordfd/0504/bff31bdb6fcf82e30fa96dcaf116505ax.jpg,https://pictures.dealer.com/f/fairfieldfairfieldfordfd/1270/bd61e5657a5092b9fa3aef5d6305d6f4x.jpg,https://pictures.dealer.com/f/fairfieldfairfieldfordfd/0086/0f4f510120c863c8d463abf7b2e50258x.jpg,https://pictures.dealer.com/f/fairfieldfairfieldfordfd/1568/748a07e2ee22e8053f5b50ed9dce9fb9x.jpg,https://pictures.dealer.com/f/fairfieldfairfieldfordfd/1040/949352935bbcfb8e4b94dbc28e74e242x.jpg,https://pictures.dealer.com/f/fairfieldfairfieldfordfd/0182/66d28d143e73b2ac6b62f5459e8da890x.jpg,https://pictures.dealer.com/f/fairfieldfairfieldfordfd/0445/b9e51c053fda1551ab59751e107ad952x.jpg,https://pictures.dealer.com/f/fairfieldfairfieldfordfd/0648/97c62041b7a92d1a92871b6fcd877d6ax.jpg,https://pictures.dealer.com/f/fairfieldfairfieldfordfd/0679/d0b04a4e64c1fee7980cef98d4846ce5x.jpg,https://pictures.dealer.com/f/fairfieldfairfieldfordfd/0571/ac9899fe11eadd3bd7a175c026d30797x.jpg,https://pictures.dealer.com/f/fairfieldfairfieldfordfd/1561/8ccb24866cb2cad6ae118bbc7808dd8fx.jpg,https://pictures.dealer.com/f/fairfieldfairfieldfordfd/1936/9e153aaea39bf1cf52e34d48d21ec1fbx.jpg,https://pictures.dealer.com/f/fairfieldfairfieldfordfd/0394/eacb8b90bedceed278b18a00b425578fx.jpg,https://pictures.dealer.com/f/fairfieldfairfieldfordfd/0590/bd0ae4054c4fe195f9a7681dacb69885x.jpg,https://pictures.dealer.com/f/fairfieldfairfieldfordfd/0271/6ecefc3c82e7f473666a792975d5da80x.jpg,https://pictures.dealer.com/f/fairfieldfairfieldfordfd/1410/7b30d929c922b9d16cdb4b6c6778c4cax.jpg,https://pictures.dealer.com/f/fairfieldfairfieldfordfd/0414/44c2fdad6654f5af2988d24d0a89c954x.jpg,https://pictures.dealer.com/f/fairfieldfairfieldfordfd/0965/fe0cb9233f22805b8bed2efe5f64d0bbx.jpg,https://pictures.dealer.com/f/fairfieldfairfieldfordfd/0986/892b93f3ed78dbdef0de5a6579e502aex.jpg,https://pictures.dealer.com/f/fairfieldfairfieldfordfd/0691/8ec46e46bcbe380abf64893b15e19ebcx.jpg,https://pictures.dealer.com/f/fairfieldfairfieldfordfd/0064/5e6346675d64a2dd3060b960f526a644x.jpg,https://pictures.dealer.com/f/fairfieldfairfieldfordfd/1260/aa91407f7876fc4ab538da377bafa879x.jpg,https://pictures.dealer.com/f/fairfieldfairfieldfordfd/1089/599a1666707759858a553c2d71b95bf5x.jpg,https://pictures.dealer.com/f/fairfieldfairfieldfordfd/0421/f0747d958c360d262674ac771562a187x.jpg,https://pictures.dealer.com/f/fairfieldfairfieldfordfd/1512/05c5032c6d1d444f7b3244936478f67fx.jpg",,https://www.carfax.com/vehiclehistory/ar20/3DtQ28fUkRROtn3YgrOAUSDx-O2RaQdqlzPBIGsiQsrVAVooKvzFFa7HYBL9gRIr7acNfUrIhxghxRl4T41JwY6PVSfbf_WYivo,https://www.fordfairfield.com/certified/Ford/2023-Ford-Mustang-Mach-E-36ea6a5aac182624a36828a738b0470d.htm
1FMSK8DH3MGA24545,2021,Ford,Explorer,XLT,Gray,Ebony With Light Slate Uppers,0,"$30,991",,,MGA24545,20/,2.3L EcoBoost I-4,10-Speed Automatic,,SUV,Gasoline,Used,,,K8D,,,,,,https://images.dealer.com/autodata/us/color/2021/USD10FOS102B0/M7.jpg,,,https://www.fordfairfield.com/used/Ford/2021-Ford-Explorer-55d30cebac184f944c6da18426e67617.htm
3FMTK1R41RMA48213,2024,Ford,Mustang Mach-E,Select,Gray Metallic,Black Onyx,0,"$30,991",,,RMA48213T,,Dual Electric Motor,Single-Speed Automatic,,SUV,Electric,Certified Pre-Owned,,,K1R,,,,,,https://images.dealer.com/ddc/vehicles/2024/Ford/Mustang%20Mach-E/SUV/trim_Select_fcdf5a/color/Glacier%20Gray%20Metallic%20TriCoat-R7-139%2C145%2C153-640-en_US.jpg,,,https://www.fordfairfield.com/certified/Ford/2024-Ford-Mustang-Mach-E-54fa728eac181c7e280da92bdc4925f6.htm
1FTFW1E50LKE47634,2020,Ford,F-150,XL,Oxford White,Medium Earth Gray,0,"$31,991",,,LKE47634,18/,5L V8,10-Speed Automatic,,Truck,Flexible,Used,,,W1E,,,,,,https://images.dealer.com/autodata/us/color/2020/USD00FOT11AA0/YZ.jpg,,https://www.carfax.com/vehiclehistory/ar20/-C4arrXCglQq4cYTyvfSPARsXIXuQvc8JhY4xCdnH0_vXhKzTEJJpGlQVIMW3dLi5-eGhAyLPBPADl_EiPytYNzvI7Wgxr-zsVg,https://www.fordfairfield.com/used/Ford/2020-Ford-F-150-41a7e5c5ac180ccb907a2ab0950e97a8.htm
1FTER4EH5PLE16362,2023,Ford,Ranger,XLT,Hot Pepper Red Metallic Tinted Clearcoat,Ebony,0,"$32,392",,,PLE16362,21/,2.3L EcoBoost I4 GTDi DOHC Turbocharged VCT,10-Speed Automatic,,Truck,Gasoline,Certified Pre-Owned,,,R4E,,,,,,"https://pictures.dealer.com/f/fairfieldfairfieldfordfd/0898/6ae87c92281b7436bb8888db49a5c3f4x.jpg,https://pictures.dealer.com/f/fairfieldfairfieldfordfd/0109/0005d0d8fd6ac25d7831759e9c7b2394x.jpg,https://pictures.dealer.com/f/fairfieldfairfieldfordfd/1215/d8a91a6021b349f7d7c06ae9d3b49ca0x.jpg,https://pictures.dealer.com/f/fairfieldfairfieldfordfd/0104/55974c924fd27f0638690090a36c7d88x.jpg,https://pictures.dealer.com/f/fairfieldfairfieldfordfd/1714/b84a62b055a1a723f888ae4de147b752x.jpg,https://pictures.dealer.com/f/fairfieldfairfieldfordfd/1572/aad78f244ee6d3ca15f695ae075eadd2x.jpg,https://pictures.dealer.com/f/fairfieldfairfieldfordfd/1669/8adc347a43bfa881880bb84ff9f1c4c7x.jpg,https://pictures.dealer.com/f/fairfieldfairfieldfordfd/0504/bff31bdb6fcf82e30fa96dcaf116505ax.jpg,https://pictures.dealer.com/f/fairfieldfairfieldfordfd/1089/727537a459a5a4f3943efbed7fdb00acx.jpg,https://pictures.dealer.com/f/fairfieldfairfieldfordfd/1664/c36dd2865079ca209be5bca0dd3beefex.jpg,https://pictures.dealer.com/f/fairfieldfairfieldfordfd/1761/14bd92af9f554c28b15ba9292644a700x.jpg,https://pictures.dealer.com/f/fairfieldfairfieldfordfd/1040/949352935bbcfb8e4b94dbc28e74e242x.jpg,https://pictures.dealer.com/f/fairfieldfairfieldfordfd/0989/14a302424619ba612893a9464b6f9a64x.jpg,https://pictures.dealer.com/f/fairfieldfairfieldfordfd/1867/144153b6de20c8144645c65c99611de4x.jpg,https://pictures.dealer.com/f/fairfieldfairfieldfordfd/0260/ec7581ffcf3f2d773a57ee24312ff56fx.jpg,https://pictures.dealer.com/f/fairfieldfairfieldfordfd/0970/ecedb502a9bd77bd7f942bf722b32abcx.jpg,https://pictures.dealer.com/f/fairfieldfairfieldfordfd/0839/1143ea5ce8cece1d162ff993000dd3d4x.jpg,https://pictures.dealer.com/f/fairfieldfairfieldfordfd/0469/eedb00e7d45a97792f2457b4ef81e31cx.jpg,https://pictures.dealer.com/f/fairfieldfairfieldfordfd/1925/5ce9875aa56e8e4e9a8b91353a660999x.jpg,https://pictures.dealer.com/f/fairfieldfairfieldfordfd/0421/cd8d34fdc68d86169be4deeb99ef9564x.jpg,https://pictures.dealer.com/f/fairfieldfairfieldfordfd/1434/a9e0ff8bd9c79ae4b84aacf3663a98bfx.jpg,https://pictures.dealer.com/f/fairfieldfairfieldfordfd/1498/5caad589e4b3ffde091d32b24803a07ex.jpg,https://pictures.dealer.com/f/fairfieldfairfieldfordfd/1212/269b3648ec54dcdc598117c52919cfe2x.jpg,https://pictures.dealer.com/f/fairfieldfairfieldfordfd/1139/8a322da501bd6d9c4886252e8c861d4cx.jpg,https://pictures.dealer.com/f/fairfieldfairfieldfordfd/1341/af58d67a13299b1eea21185c9e16b24dx.jpg,https://pictures.dealer.com/f/fairfieldfairfieldfordfd/1844/e1a9086b09390081667f0632487e51aax.jpg,https://pictures.dealer.com/f/fairfieldfairfieldfordfd/1059/1824d45f589fab6030e3ed2e3454f8abx.jpg,https://pictures.dealer.com/f/fairfieldfairfieldfordfd/1694/78fbe3710bc33d7ab49a32309ddce125x.jpg,https://pictures.dealer.com/f/fairfieldfairfieldfordfd/0489/c723c53fe1fe20ccb6c583523848ba08x.jpg",,https://www.carfax.com/vehiclehistory/ar20/-LEtnvCv69LJ2IDb9Q-dIjddZmaM1ivlRv3tfTK7R1STPHjaAbK2LGpQq1uf0lFwR8QanpN3J1wYFiPmLapjodtrTKDZ6CjEGZc,https://www.fordfairfield.com/certified/Ford/2023-Ford-Ranger-cb33a833ac183d5c6d318c5b99a13a33.htm
1FT8W3BT0EEA10368,2014,Ford,F-350SD,Lariat,Ingot Silver,Black,0,"$32,991",,,EEA10368,,6.7L Power Stroke V8 DI 32V OHV Turbodiesel,TorqShift 6-Speed Automatic with Overdrive,,Truck,Diesel,Used,,,W3B,,,,,,https://images.dealer.com/autodata/us/large_stockphoto-color/2014/USC40FOT138A0/UX.jpg,,,https://www.fordfairfield.com/used/Ford/2014-Ford-F-350SD-55d30ab1ac184dd26bf9b236ea280832.htm
3FMCR9CN9SRE13600,2025,Ford,Bronco Sport,Outer Banks,Ruby Red Metallic,Ebony/Roast,0,"$33,493",,,250098DL,25/30,1.5L EcoBoost,8-Speed Automatic,,SUV,Gasoline,Certified Pre-Owned,,,R9C,,,,,,"https://pictures.dealer.com/f/fairfieldfairfieldfordfd/1203/8c34b573c4fb958aa7e2d93a01b374d6x.jpg,https://pictures.dealer.com/f/fairfieldfairfieldfordfd/1838/96d389c846d994aff0297366c9826ad3x.jpg,https://pictures.dealer.com/f/fairfieldfairfieldfordfd/1215/d8a91a6021b349f7d7c06ae9d3b49ca0x.jpg,https://pictures.dealer.com/f/fairfieldfairfieldfordfd/0405/66cff60962152ac26e9a809a10e3326ex.jpg,https://pictures.dealer.com/f/fairfieldfairfieldfordfd/0839/82a3e26cc253e7661adfd2a76e0ec60fx.jpg,https://pictures.dealer.com/f/fairfieldfairfieldfordfd/1111/c7e71f5a3f9b581c4abd06d9b81b7dccx.jpg,https://pictures.dealer.com/f/fairfieldfairfieldfordfd/1887/55a06e89f076b9f8f2bf09ca4afe64c8x.jpg,https://pictures.dealer.com/f/fairfieldfairfieldfordfd/1611/bff31bdb6fcf82e30fa96dcaf116505ax.jpg,https://pictures.dealer.com/f/fairfieldfairfieldfordfd/0574/9fbe992bb068f0d00f5437ae383d6dd2x.jpg,https://pictures.dealer.com/f/fairfieldfairfieldfordfd/1626/89ce7f02a466724b519427d7e018a86ex.jpg,https://pictures.dealer.com/f/fairfieldfairfieldfordfd/0812/8ce008b2bb034a8a5ece3803592c97a5x.jpg,https://pictures.dealer.com/f/fairfieldfairfieldfordfd/1040/949352935bbcfb8e4b94dbc28e74e242x.jpg,https://pictures.dealer.com/f/fairfieldfairfieldfordfd/0555/b2a75b2dfaef9c1f58afe71abc6c1955x.jpg,https://pictures.dealer.com/f/fairfieldfairfieldfordfd/1927/2d140c40cc62eadbf68c53b791ccc3e1x.jpg,https://pictures.dealer.com/f/fairfieldfairfieldfordfd/1461/ad84adc3515ad7f0e5aa643e64a33605x.jpg,https://pictures.dealer.com/f/fairfieldfairfieldfordfd/1882/6ffeb63a1e1aebf77bb0de43c3b728ffx.jpg,https://pictures.dealer.com/f/fairfieldfairfieldfordfd/0360/b6c4cf57846b70be3ea3b254367e1d11x.jpg,https://pictures.dealer.com/f/fairfieldfairfieldfordfd/1028/976b7f814961ed1af9e9b372e057bc2fx.jpg,https://pictures.dealer.com/f/fairfieldfairfieldfordfd/1632/304cfbb899b6379c3d68a8d85bb787ebx.jpg,https://pictures.dealer.com/f/fairfieldfairfieldfordfd/0730/de274b55b5781bc3d941703c748aa587x.jpg,https://pictures.dealer.com/f/fairfieldfairfieldfordfd/0441/5e74615282a9a98973e1d7041010b97cx.jpg,https://pictures.dealer.com/f/fairfieldfairfieldfordfd/0461/fd21319a2c9e03405cab037575fa56efx.jpg,https://pictures.dealer.com/f/fairfieldfairfieldfordfd/2000/4219a34cdbd538dbf8bc74b3c41e744ex.jpg,https://pictures.dealer.com/f/fairfieldfairfieldfordfd/0394/6ee25e9ae99050249b1c78c2534f60d5x.jpg,https://pictures.dealer.com/f/fairfieldfairfieldfordfd/1092/84501b0d1c3fda89144a699ad6260bffx.jpg,https://pictures.dealer.com/f/fairfieldfairfieldfordfd/1486/54c82f73811bff90b2e686b395bd870cx.jpg,https://pictures.dealer.com/f/fairfieldfairfieldfordfd/1069/808472184c083bd7cec35a9fa9e333bex.jpg,https://pictures.dealer.com/f/fairfieldfairfieldfordfd/1322/9c33cdd0c6af271fd4e65e4150b40c7ex.jpg,https://pictures.dealer.com/f/fairfieldfairfieldfordfd/0563/b7cb8486bf06b60437e22ed17e717325x.jpg,https://pictures.dealer.com/f/fairfieldfairfieldfordfd/1059/1b650db3b839a167abbdfee243be2ebcx.jpg,https://pictures.dealer.com/f/fairfieldfairfieldfordfd/1180/10c2e46aba1faeac2c91796bb6c64ec2x.jpg,https://pictures.dealer.com/f/fairfieldfairfieldfordfd/0204/1440c4820ace0eff96a58554dc9ec009x.jpg",,https://www.carfax.com/vehiclehistory/ar20/dlCSzqPbDVz3iFmwdMNMnExAy3HPZIldyPsjZeZtmzVcCGf7ZBb429OHQI0TiJuQXJ0qbF0xmUBeqe52YlMJAIUK02136qFswi0,https://www.fordfairfield.com/certified/Ford/2025-Ford-Bronco-Sport-c23a152fac184773bdda28c6ed2a444d.htm
1FMDE5BH9NLB79174,2022,Ford,Bronco,Base,Shadow Black,Black Onyx,0,"$36,692",,,NLB79174,20/,2.3L EcoBoost I-4,10-Speed Automatic,,SUV,Gasoline,Certified Pre-Owned,,,E5B,,,,,,"https://pictures.dealer.com/f/fairfieldfairfieldfordfd/0996/7b5e0504fddc7f02cdb4bddfe8227f3ax.jpg,https://pictures.dealer.com/f/fairfieldfairfieldfordfd/0316/02fd5a162923ac8c0cac9fe628b71ef5x.jpg,https://pictures.dealer.com/f/fairfieldfairfieldfordfd/1215/d8a91a6021b349f7d7c06ae9d3b49ca0x.jpg,https://pictures.dealer.com/f/fairfieldfairfieldfordfd/1505/27e012196646fdea373893a461fe2813x.jpg,https://pictures.dealer.com/f/fairfieldfairfieldfordfd/0841/d77bd7b455202b53be47be9c6bcd920dx.jpg,https://pictures.dealer.com/f/fairfieldfairfieldfordfd/1859/54ec378e17498fbf07ddd88d03145f0bx.jpg,https://pictures.dealer.com/f/fairfieldfairfieldfordfd/0119/316dccd13b7c6b15ac28e9a3829046cfx.jpg,https://pictures.dealer.com/f/fairfieldfairfieldfordfd/0504/bff31bdb6fcf82e30fa96dcaf116505ax.jpg,https://pictures.dealer.com/f/fairfieldfairfieldfordfd/1898/0fb988886709c1caf373109bd774d9a8x.jpg,https://pictures.dealer.com/f/fairfieldfairfieldfordfd/1343/9393f8b07c7a5f79e436eedd47b637e9x.jpg,https://pictures.dealer.com/f/fairfieldfairfieldfordfd/0822/6786485411f5644b86e25e3d43381b6cx.jpg,https://pictures.dealer.com/f/fairfieldfairfieldfordfd/1040/949352935bbcfb8e4b94dbc28e74e242x.jpg,https://pictures.dealer.com/f/fairfieldfairfieldfordfd/1845/20de593fa4474c7e84e25909e14ee35dx.jpg,https://pictures.dealer.com/f/fairfieldfairfieldfordfd/0946/3acdf1f59ea891c55dc0f213b2f06723x.jpg,https://pictures.dealer.com/f/fairfieldfairfieldfordfd/1049/cd17d418c78cc980001cc416584e8b8ax.jpg,https://pictures.dealer.com/f/fairfieldfairfieldfordfd/0090/27c08fd37db672773e135cd800cc617ax.jpg,https://pictures.dealer.com/f/fairfieldfairfieldfordfd/0866/c4ad097b304cec65ba471b8b8098fa81x.jpg,https://pictures.dealer.com/f/fairfieldfairfieldfordfd/1779/3457f5a7c8473f24d7d6d8509e20a378x.jpg,https://pictures.dealer.com/f/fairfieldfairfieldfordfd/0194/68b94e792d363c7acd8a415f74d987d5x.jpg,https://pictures.dealer.com/f/fairfieldfairfieldfordfd/1810/6818f1ae50feeb69f8179766a28e2c25x.jpg,https://pictures.dealer.com/f/fairfieldfairfieldfordfd/1648/230454e4728dc9a7e37d882da6b8b6cex.jpg,https://pictures.dealer.com/f/fairfieldfairfieldfordfd/1892/2fcec2e5ef81c801538373ed29192367x.jpg,https://pictures.dealer.com/f/fairfieldfairfieldfordfd/1029/e742d0ddfcc3d808f4dcdc45ba69bff9x.jpg,https://pictures.dealer.com/f/fairfieldfairfieldfordfd/1365/98af8e019ff5801c8fbb369efe4f34d0x.jpg,https://pictures.dealer.com/f/fairfieldfairfieldfordfd/0153/d5d8096d51cd4adced6ad60fb8431cc2x.jpg,https://pictures.dealer.com/f/fairfieldfairfieldfordfd/1083/db372c725491a876a76fb7cc9970a446x.jpg,https://pictures.dealer.com/f/fairfieldfairfieldfordfd/1205/12664ff2cc3aa9cd26c797aa68a65393x.jpg,https://pictures.dealer.com/f/fairfieldfairfieldfordfd/0654/f6fbe3766e6683c3418fb150c91050dax.jpg,https://pictures.dealer.com/f/fairfieldfairfieldfordfd/1309/8e5f477b97a992f1221b8f88b9c7aae3x.jpg,https://pictures.dealer.com/f/fairfieldfairfieldfordfd/1294/3faa695cca09eaed06af3f1b4b645f9ax.jpg,https://pictures.dealer.com/f/fairfieldfairfieldfordfd/1074/cc504d8f750f1087b9d4639d8faf4063x.jpg",,https://www.carfax.com/vehiclehistory/ar20/P3D6NZKc9RA7rpigH1ZpxMfkBTZ4Bg6fWNyjFzK0SjoCNRp9rkH2M3MykrnTjwl-6jUrJx-bDX8uQ6KTedDsc_CuPG0-GirseHs,https://www.fordfairfield.com/certified/Ford/2022-Ford-Bronco-cb9e64caac1818a251d11050da7bbb52.htm
1FTER4HH4RLE39565,2024,Ford,Ranger,XLT,Blue Metallic,Ebony,0,"$36,991",,,240956DL,20/24,2.3L EcoBoost I4 GTDi DOHC Turbocharged VCT,10-Speed Automatic,,Truck,Gasoline,Used,,,R4H,,,,"fairfieldfairfieldfordfd_1121356fac185e78350777d05a7921ab,fairfieldfairfieldfordfd_b1bc6f99ac1836bb092f3bf1dc2423bb",,"https://pictures.dealer.com/f/fairfieldfairfieldfordfd/0528/7dd7d0ab381310b197c7bb355cd8746cx.jpg,https://pictures.dealer.com/f/fairfieldfairfieldfordfd/0269/41171b8f95e7a9c35ad437f5ec7828a5x.jpg,https://pictures.dealer.com/f/fairfieldfairfieldfordfd/1215/d8a91a6021b349f7d7c06ae9d3b49ca0x.jpg,https://pictures.dealer.com/f/fairfieldfairfieldfordfd/0156/3464fde6644d7984c9a5232e36928057x.jpg,https://pictures.dealer.com/f/fairfieldfairfieldfordfd/1116/15b62254ceacd00b82e482c4117b25a6x.jpg,https://pictures.dealer.com/f/fairfieldfairfieldfordfd/0318/b2c5a69017c5753b858b76b962feb9b6x.jpg,https://pictures.dealer.com/f/fairfieldfairfieldfordfd/1353/9cd54e3c0fd4175d54bc1265c0bc7049x.jpg,https://pictures.dealer.com/f/fairfieldfairfieldfordfd/0294/96bd5d5aa65b72421ee8da3595c7dbe2x.jpg,https://pictures.dealer.com/f/fairfieldfairfieldfordfd/1119/3cd99466eec0e13be6b21066c882fda6x.jpg,https://pictures.dealer.com/f/fairfieldfairfieldfordfd/1231/f22bf10437ea90ca6dd8fc490c27eaf8x.jpg,https://pictures.dealer.com/f/fairfieldfairfieldfordfd/0286/ed7e1f68d3b3efed87bec5f14fd19616x.jpg,https://pictures.dealer.com/f/fairfieldfairfieldfordfd/1040/949352935bbcfb8e4b94dbc28e74e242x.jpg,https://pictures.dealer.com/f/fairfieldfairfieldfordfd/1489/a01faa9796a115dc3fa8644aab10f539x.jpg,https://pictures.dealer.com/f/fairfieldfairfieldfordfd/0724/b3ed51834d75f627f0a3246d17e63c97x.jpg,https://pictures.dealer.com/f/fairfieldfairfieldfordfd/0751/dc30986e133ffe7283dfb865b6b29189x.jpg,https://pictures.dealer.com/f/fairfieldfairfieldfordfd/1081/608e3a331130694e0ffeac1c5f749dabx.jpg,https://pictures.dealer.com/f/fairfieldfairfieldfordfd/1940/38ed0fe1877545e92180695cc97d665bx.jpg,https://pictures.dealer.com/f/fairfieldfairfieldfordfd/1595/c9e48bb32415b239a2f2ccce765f37fcx.jpg,https://pictures.dealer.com/f/fairfieldfairfieldfordfd/0086/bd4e83ea040aa405669d16474f553283x.jpg,https://pictures.dealer.com/f/fairfieldfairfieldfordfd/1323/d480fa22df2323971ba1fbca51bf2730x.jpg,https://pictures.dealer.com/f/fairfieldfairfieldfordfd/1084/e7628ce2f5565d26f7fe6b8d7bada31dx.jpg,https://pictures.dealer.com/f/fairfieldfairfieldfordfd/1271/9dc50ff1007e7414cb9c025fb0ffd390x.jpg,https://pictures.dealer.com/f/fairfieldfairfieldfordfd/1830/822b0c8d4085848f5b45efe00a3a909ex.jpg,https://pictures.dealer.com/f/fairfieldfairfieldfordfd/1187/f2f9a1d40c83acc3ac48ff05770909a0x.jpg,https://pictures.dealer.com/f/fairfieldfairfieldfordfd/1628/f86ba92abcca3703ac92d150f91e999bx.jpg,https://pictures.dealer.com/f/fairfieldfairfieldfordfd/1263/e5e113a0b5f6e6e711043598e714a806x.jpg,https://pictures.dealer.com/f/fairfieldfairfieldfordfd/1306/99ca7a4d3afc1dfbd636274e36ae0f48x.jpg",,https://www.carfax.com/vehiclehistory/ar20/oJ2nbTnVjvz4tejns6qMH8mebi1yY9p-h3IutxQ0dfm__rY9XQ4sYV4QKO3TNiW6p5vuuVsb_pKBFhzzOyEnneWrTO8bs6MRI6M,https://www.fordfairfield.com/used/Ford/2024-Ford-Ranger-0a7374caac183805430f443ac0952499.htm
1FT7W2B69NEC32228,2022,Ford,F-250SD,XL,Stone Gray,Medium Earth Gray,0,"$38,991",,,NEC32228,,6.2L V8 EFI SOHC 16V Flex Fuel,6-Speed Automatic,,Truck,Flexible,Used,,,W2B,,,,,,https://images.dealer.com/autodata/us/color/2022/USD20FOT128A0/D1.jpg,,https://www.carfax.com/vehiclehistory/ar20/wUXBstaaa3RPbMzMvDGXx7XuYzCEeaxIVBV1l7oElpcU-Aegqms27ht9pB7ZuLlOEfgTmu8Csd_zoXkkJw8t697jzPgWKpNfq-E,https://www.fordfairfield.com/used/Ford/2022-Ford-F-250SD-41a7e2c0ac184dd26bf9b2362c718e28.htm
3FMTK4SX9RMA16910,2024,Ford,Mustang Mach-E,GT,Red Metallic,Performance Gray,0,"$38,992",,,RMA16910,,Electric Motor,Single-Speed Automatic,,SUV,Electric,Certified Pre-Owned,,,K4S,,,,,,"https://pictures.dealer.com/f/fairfieldfairfieldfordfd/0976/c99cc1a6d4509cc5577dc8e6d647b629x.jpg,https://pictures.dealer.com/f/fairfieldfairfieldfordfd/1806/8607e8e1f9cc5d4f2367c9419a1f513fx.jpg,https://pictures.dealer.com/f/fairfieldfairfieldfordfd/1215/d8a91a6021b349f7d7c06ae9d3b49ca0x.jpg,https://pictures.dealer.com/f/fairfieldfairfieldfordfd/1547/4d21efd2a9323d610479b066239f91e6x.jpg,https://pictures.dealer.com/f/fairfieldfairfieldfordfd/1962/2a28a3123c8c48337ada1bc68cb0fab1x.jpg,https://pictures.dealer.com/f/fairfieldfairfieldfordfd/0862/12fbd65fe2f8525d3d38dae8bc9af0c5x.jpg,https://pictures.dealer.com/f/fairfieldfairfieldfordfd/1900/86ddb8b983da1a2366b5243a6b193f96x.jpg,https://pictures.dealer.com/f/fairfieldfairfieldfordfd/1588/a1296b7380154a11b3b47a05f323431ax.jpg,https://pictures.dealer.com/f/fairfieldfairfieldfordfd/0894/edce0172e1793b9bff52f4836a4b0f98x.jpg,https://pictures.dealer.com/f/fairfieldfairfieldfordfd/1574/e2ad6c7a0d27cdd51df6e50a9fc98e7cx.jpg,https://pictures.dealer.com/f/fairfieldfairfieldfordfd/1289/e73ed68c171a6377fcd81ab8ef976efbx.jpg,https://pictures.dealer.com/f/fairfieldfairfieldfordfd/1040/949352935bbcfb8e4b94dbc28e74e242x.jpg,https://pictures.dealer.com/f/fairfieldfairfieldfordfd/1321/b8da241e7f7aff75f4f30d5697049cbax.jpg,https://pictures.dealer.com/f/fairfieldfairfieldfordfd/0640/1f37f0c2937737556f87875b1399f3d5x.jpg,https://pictures.dealer.com/f/fairfieldfairfieldfordfd/0730/0d9bea380ab2cd3364cdccaa6786b1a8x.jpg,https://pictures.dealer.com/f/fairfieldfairfieldfordfd/0891/ac97d0ed9e0256e7b23af3d9e58b3bf1x.jpg,https://pictures.dealer.com/f/fairfieldfairfieldfordfd/0006/d21a9f3975d10ed20f8e52dfd20f89d3x.jpg,https://pictures.dealer.com/f/fairfieldfairfieldfordfd/1554/a416d32fe713966dee5248bebc6d640cx.jpg,https://pictures.dealer.com/f/fairfieldfairfieldfordfd/1484/5a104b6162be07988055f70a7c872c42x.jpg,https://pictures.dealer.com/f/fairfieldfairfieldfordfd/0377/b95d2a8004ab8575f7af2d1de2273fa9x.jpg,https://pictures.dealer.com/f/fairfieldfairfieldfordfd/0411/e90b4ad392a11691562a75a563d7d5b2x.jpg,https://pictures.dealer.com/f/fairfieldfairfieldfordfd/0598/078267b7366e818d21f8ad8afbd03328x.jpg,https://pictures.dealer.com/f/fairfieldfairfieldfordfd/0402/6b20c9c806ca7e615c3c30bd4f72ec7dx.jpg,https://pictures.dealer.com/f/fairfieldfairfieldfordfd/1542/1c08b9999d925f4b9147fbdce69b2effx.jpg,https://pictures.dealer.com/f/fairfieldfairfieldfordfd/1971/5a6ad162d5d918cc0093af37c7ed907bx.jpg,https://pictures.dealer.com/f/fairfieldfairfieldfordfd/1549/e5c4a71e845769afed374c60c7020ca2x.jpg,https://pictures.dealer.com/f/fairfieldfairfieldfordfd/1514/61f549ea7ebd3c3a3c2eec49b2285939x.jpg,https://pictures.dealer.com/f/fairfieldfairfieldfordfd/1419/31bad553e269e7d9c7df7899ad4a4115x.jpg,https://pictures.dealer.com/f/fairfieldfairfieldfordfd/0809/d8db60dce5ed17e6ab85568e28681cc4x.jpg,https://pictures.dealer.com/f/fairfieldfairfieldfordfd/1642/9da19c5828bc70a3eeae9fd75f1acb57x.jpg,https://pictures.dealer.com/f/fairfieldfairfieldfordfd/1275/48f01b6cf06076d04a62566e98152dc5x.jpg",,https://www.carfax.com/vehiclehistory/ar20/2rYmtmFZJlfTZMJ8NCQuyeTOVIVK_1Q-6Ewy8RwrCW1IwaxH89MmPOmOatSqmE5HUhjxHQCFNQFUhDm_IsaBAVZPqMf-7Ffkur0,https://www.fordfairfield.com/certified/Ford/2024-Ford-Mustang-Mach-E-ca576f85ac1819acc11d1ffff0ed98ce.htm
1FMJU2AT1MEA39455,2021,Ford,Expedition,Limited,Magnetic,Ebony,0,"$41,591",,,MEA39455,17/,3.5L EcoBoost V6 GTDi DOHC 24V Twin Turbocharged,10-Speed Automatic,,SUV,Gasoline,Used,,,U2A,,,,,,"https://pictures.dealer.com/f/fairfieldfairfieldfordfd/1122/ae68e735c07e220fdd350ab1e57a0edfx.jpg,https://pictures.dealer.com/f/fairfieldfairfieldfordfd/1387/39a376a3e02c2ed77a1fab1e5fca1c30x.jpg,https://pictures.dealer.com/f/fairfieldfairfieldfordfd/1215/d8a91a6021b349f7d7c06ae9d3b49ca0x.jpg,https://pictures.dealer.com/f/fairfieldfairfieldfordfd/1299/05abb14ec65a85c5e05220095597a8b0x.jpg,https://pictures.dealer.com/f/fairfieldfairfieldfordfd/1519/3d0b4eb580d0ec8b39d7077bdb6d35cbx.jpg,https://pictures.dealer.com/f/fairfieldfairfieldfordfd/1349/fa6db7fc46b9bab2bed9ac6d0fdfdb84x.jpg,https://pictures.dealer.com/f/fairfieldfairfieldfordfd/1795/c944c0f6b8265e2c83902c667f4698c2x.jpg,https://pictures.dealer.com/f/fairfieldfairfieldfordfd/1556/c51672e863c27dd97fd96caae5dd652ax.jpg,https://pictures.dealer.com/f/fairfieldfairfieldfordfd/1647/bf182755f14d476ac834d353a2aa1a1bx.jpg,https://pictures.dealer.com/f/fairfieldfairfieldfordfd/0198/2e0245f7b17b6343e59c3b776b1a250bx.jpg,https://pictures.dealer.com/f/fairfieldfairfieldfordfd/0762/7cb6f43266471f4e3dcad879d4f2948fx.jpg,https://pictures.dealer.com/f/fairfieldfairfieldfordfd/1040/949352935bbcfb8e4b94dbc28e74e242x.jpg,https://pictures.dealer.com/f/fairfieldfairfieldfordfd/1453/bf085e89e96cdd8de227b0c08cd8a049x.jpg,https://pictures.dealer.com/f/fairfieldfairfieldfordfd/0534/269e54d336148051c7e035efc9a32f0dx.jpg,https://pictures.dealer.com/f/fairfieldfairfieldfordfd/1330/d042a4f767c2e8e5b088aa8c3603512dx.jpg,https://pictures.dealer.com/f/fairfieldfairfieldfordfd/0778/8f147ceeec85a5b7ac4d4b8226563f5cx.jpg,https://pictures.dealer.com/f/fairfieldfairfieldfordfd/1864/fc6d6a17e47565f05b44264c5ffbfaebx.jpg,https://pictures.dealer.com/f/fairfieldfairfieldfordfd/0614/42b462eccd901daf835eb382a32e9e04x.jpg,https://pictures.dealer.com/f/fairfieldfairfieldfordfd/1338/ab0c0a0a7b2c6c34ef7c7579dbf28894x.jpg,https://pictures.dealer.com/f/fairfieldfairfieldfordfd/0722/819cd8032ecedc2192e67d6ae2d0fc43x.jpg,https://pictures.dealer.com/f/fairfieldfairfieldfordfd/0153/b1b5b379eb3071cfcba8c2b82510ad13x.jpg,https://pictures.dealer.com/f/fairfieldfairfieldfordfd/0441/e93960b26ae305a13ceae197002f22d1x.jpg,https://pictures.dealer.com/f/fairfieldfairfieldfordfd/1733/d3bd7d94ee1a4069d36938a479f3c644x.jpg,https://pictures.dealer.com/f/fairfieldfairfieldfordfd/0499/43cd94086c85f62de8a417024829d672x.jpg,https://pictures.dealer.com/f/fairfieldfairfieldfordfd/1561/6084de1589653281561f0e169978b70dx.jpg,https://pictures.dealer.com/f/fairfieldfairfieldfordfd/1392/ccf7e902ecd5c157d52e807330e79247x.jpg,https://pictures.dealer.com/f/fairfieldfairfieldfordfd/0467/3b4724b7772c1a20c7140e6fea1d979ax.jpg,https://pictures.dealer.com/f/fairfieldfairfieldfordfd/0126/26f11ab8dc3ca83effb71d57e300233fx.jpg,https://pictures.dealer.com/f/fairfieldfairfieldfordfd/0304/3347afbd2ef8f214a5c351f259eb9441x.jpg,https://pictures.dealer.com/f/fairfieldfairfieldfordfd/1656/ae7fa51e02b0e4eb9b5deb6688b910a8x.jpg",,https://www.carfax.com/vehiclehistory/ar20/lSMeREktHXJ-HrYODHQ0MaMt4rQkhLNB46VYCvR8YggecMEh94XxB0_Zrp1DdGlvIqfe7JhQLn5Rc0ldYNVGQNLdgK-22qNkMqQ,https://www.fordfairfield.com/used/Ford/2021-Ford-Expedition-2e547ce3ac18398030ed32a57fdaccc4.htm
1FMEE5DP9MLB04241,2021,Ford,Bronco,Badlands,Orange Metallic,Black Onyx,0,"$41,692",,,MLB04241,18/,2.7L EcoBoost V6,10-Speed Automatic,,SUV,Gasoline,Used,,,E5D,,,,,,"https://pictures.dealer.com/f/fairfieldfairfieldfordfd/1608/b74ce9a526d8bbe725e0fe806d348943x.jpg,https://pictures.dealer.com/f/fairfieldfairfieldfordfd/1509/6078729de88f9f8ca6ce531d773edca3x.jpg,https://pictures.dealer.com/f/fairfieldfairfieldfordfd/1215/d8a91a6021b349f7d7c06ae9d3b49ca0x.jpg,https://pictures.dealer.com/f/fairfieldfairfieldfordfd/1346/fb9c37ddb16152148b0e0e0ddc917c02x.jpg,https://pictures.dealer.com/f/fairfieldfairfieldfordfd/0783/f4649e87ae1a690661ef898bd89e1ca4x.jpg,https://pictures.dealer.com/f/fairfieldfairfieldfordfd/0257/d5a58fcebaf4da5063deb793f529167dx.jpg,https://pictures.dealer.com/f/fairfieldfairfieldfordfd/1976/72ca9118800443aef660bd4db98fd0f8x.jpg,https://pictures.dealer.com/f/fairfieldfairfieldfordfd/1063/f63a63e627720f29882ccfa7f60cae47x.jpg,https://pictures.dealer.com/f/fairfieldfairfieldfordfd/0221/b8e0e735c5f85f4277d1a275ebaf9f02x.jpg,https://pictures.dealer.com/f/fairfieldfairfieldfordfd/1421/25713e13c7a54ac78ff31214b30a9731x.jpg,https://pictures.dealer.com/f/fairfieldfairfieldfordfd/1550/88f38497895b93b57aa1a4706fccb700x.jpg,https://pictures.dealer.com/f/fairfieldfairfieldfordfd/1040/949352935bbcfb8e4b94dbc28e74e242x.jpg,https://pictures.dealer.com/f/fairfieldfairfieldfordfd/0343/d419311cb6924c5a081d3821d680790fx.jpg,https://pictures.dealer.com/f/fairfieldfairfieldfordfd/0154/92a5c18bfa549a6ac9c6890cd1fb2a86x.jpg,https://pictures.dealer.com/f/fairfieldfairfieldfordfd/0151/16764908fe2dc53af4476a87259046fex.jpg,https://pictures.dealer.com/f/fairfieldfairfieldfordfd/1558/800a586e504b13e37def923423ba20ffx.jpg,https://pictures.dealer.com/f/fairfieldfairfieldfordfd/1038/8810006e2814bdabc76b0ba82f81fd72x.jpg,https://pictures.dealer.com/f/fairfieldfairfieldfordfd/1233/bf34dc19c57902cac0cfd88884c8bc25x.jpg,https://pictures.dealer.com/f/fairfieldfairfieldfordfd/1367/b0a035f87ebcc474b12887d2353894d1x.jpg,https://pictures.dealer.com/f/fairfieldfairfieldfordfd/0383/d818c840f1812b8671a9635e1e022c7bx.jpg,https://pictures.dealer.com/f/fairfieldfairfieldfordfd/1572/d8bd1019c18b79b2ec0252497ab807d3x.jpg,https://pictures.dealer.com/f/fairfieldfairfieldfordfd/1450/902e888a23132c38052b3e4915de22f7x.jpg,https://pictures.dealer.com/f/fairfieldfairfieldfordfd/0532/64f8c9f004a01c21c360d7ef812bcb72x.jpg,https://pictures.dealer.com/f/fairfieldfairfieldfordfd/1804/80c6dac36e179f76a42966877c66e19fx.jpg,https://pictures.dealer.com/f/fairfieldfairfieldfordfd/1598/907b69819522e11a1474211c9d3b3ea6x.jpg,https://pictures.dealer.com/f/fairfieldfairfieldfordfd/1833/fd5ce425e8ae6e313eaa204249c1a36bx.jpg,https://pictures.dealer.com/f/fairfieldfairfieldfordfd/1779/172808ee5760325f6a44d802e7168178x.jpg,https://pictures.dealer.com/f/fairfieldfairfieldfordfd/0298/32668546bc060fd8ef7fc125c6c24f67x.jpg,https://pictures.dealer.com/f/fairfieldfairfieldfordfd/0631/ac4b8b71b21a725f6ab3dbb3ec30ec30x.jpg,https://pictures.dealer.com/f/fairfieldfairfieldfordfd/1283/9a2dc9a5f266144233860a86e350300ex.jpg",,https://www.carfax.com/vehiclehistory/ar20/qRHyifLDMeY1ZWZdE2YoIX-hbp5rwqZGMgPQQWpCVS4ngSsv71ZGBpGsxQJFzNSKFQU5MiV66GVssDvM65Lk6w5TuLkX5v2rpkU,https://www.fordfairfield.com/used/Ford/2021-Ford-Bronco-cff1b186ac181cf0de4a1953c90a9c10.htm
1FMDE7AH8RLA03459,2024,Ford,Bronco,Big Bend,Oxford White,Black Onyx,0,"$41,991",,,RLA03459,20/,2.3L EcoBoost I-4,10-Speed Automatic,,SUV,Gasoline,Certified Pre-Owned,,,E7A,,,,,,"https://pictures.dealer.com/f/fairfieldfairfieldfordfd/1091/d7476f1686254610f8aa6a43b41024c6x.jpg,https://pictures.dealer.com/f/fairfieldfairfieldfordfd/1260/d255b0ae1773a497a50884e18befec20x.jpg,https://pictures.dealer.com/f/fairfieldfairfieldfordfd/1215/d8a91a6021b349f7d7c06ae9d3b49ca0x.jpg,https://pictures.dealer.com/f/fairfieldfairfieldfordfd/1437/145f917ee1ab404c0918ffd5b4e019cdx.jpg,https://pictures.dealer.com/f/fairfieldfairfieldfordfd/1632/498ab320326eccb5ddb3e11aa7aa4bafx.jpg,https://pictures.dealer.com/f/fairfieldfairfieldfordfd/1595/be0576d12e43bc8fe4c7a437cf83b952x.jpg,https://pictures.dealer.com/f/fairfieldfairfieldfordfd/0285/2cbefe297a5bd720933b173099583795x.jpg,https://pictures.dealer.com/f/fairfieldfairfieldfordfd/0134/eb7a9c4c8a67d33dbdd4c93e5f54890ex.jpg,https://pictures.dealer.com/f/fairfieldfairfieldfordfd/0510/ecc0fb2127c65514206d80bf950fd3c4x.jpg,https://pictures.dealer.com/f/fairfieldfairfieldfordfd/0968/e582b4200df655987fa3961a8c971e67x.jpg,https://pictures.dealer.com/f/fairfieldfairfieldfordfd/0093/fc8576a132a43804c876fae40cbbf7a5x.jpg,https://pictures.dealer.com/f/fairfieldfairfieldfordfd/1040/949352935bbcfb8e4b94dbc28e74e242x.jpg,https://pictures.dealer.com/f/fairfieldfairfieldfordfd/1139/669ca34e49f053d3c768b4ac6d27a8abx.jpg,https://pictures.dealer.com/f/fairfieldfairfieldfordfd/1418/9f4d70e1ccea9be5c79716d01d06e68ex.jpg,https://pictures.dealer.com/f/fairfieldfairfieldfordfd/1119/3659c6d53884ec91eff29eff3973c46ax.jpg,https://pictures.dealer.com/f/fairfieldfairfieldfordfd/1645/cc1b0f7d0e9747df111943ef572e16b8x.jpg,https://pictures.dealer.com/f/fairfieldfairfieldfordfd/0427/15c93d473da2a0f076ebd150b5ec3b3ex.jpg,https://pictures.dealer.com/f/fairfieldfairfieldfordfd/1659/9dca953cac24ce7232fc16ccce0c25e6x.jpg,https://pictures.dealer.com/f/fairfieldfairfieldfordfd/1868/193042f2d8faa566cf3634b7f34e65f7x.jpg,https://pictures.dealer.com/f/fairfieldfairfieldfordfd/1694/abcdbcde55c6caa99be94e397d2c86fax.jpg,https://pictures.dealer.com/f/fairfieldfairfieldfordfd/1618/0a02cebb7fce6382d331d0bd1faea7c0x.jpg,https://pictures.dealer.com/f/fairfieldfairfieldfordfd/0183/fc0c29582f52755077352c0196225e03x.jpg,https://pictures.dealer.com/f/fairfieldfairfieldfordfd/0186/4c163225034b6bb08472356020466632x.jpg,https://pictures.dealer.com/f/fairfieldfairfieldfordfd/0748/e305fa0d29170b54758b053135df32d4x.jpg,https://pictures.dealer.com/f/fairfieldfairfieldfordfd/0276/62b10b27440b255f3b4017ad0adbe7f4x.jpg,https://pictures.dealer.com/f/fairfieldfairfieldfordfd/1444/17b646c87b50b07f33b1fe661f5f1d38x.jpg,https://pictures.dealer.com/f/fairfieldfairfieldfordfd/0477/fe35da6ce4a58b5b0ead86f1c232a285x.jpg,https://pictures.dealer.com/f/fairfieldfairfieldfordfd/0290/236837f130e190a5eee17573e6cb12d4x.jpg,https://pictures.dealer.com/f/fairfieldfairfieldfordfd/1208/38759c7b7e21df7f8aa3cac6e8e6b653x.jpg,https://pictures.dealer.com/f/fairfieldfairfieldfordfd/1425/fdc1774f0d909b03db80516e18f27790x.jpg,https://pictures.dealer.com/f/fairfieldfairfieldfordfd/1035/71eb4f97ab52925bf078bca005d95241x.jpg,https://pictures.dealer.com/f/fairfieldfairfieldfordfd/1526/60f77e5569a41ed6207e3abb73207c59x.jpg",,https://www.carfax.com/vehiclehistory/ar20/QqknLDR6tLVHnHTDlPUPkF-xk2S5kC0UNvxzH0hRwCv6RS-l7ry9w00yAIYANDLIBV-S3O7JXz3gx0Ow2qx7mONkh0ecSwFAXcc,https://www.fordfairfield.com/certified/Ford/2024-Ford-Bronco-0f7a52c7ac182624a36828a787138e3b.htm
1FTFW1E8XMFA38612,2021,Ford,F-150,Platinum,Red,Black,0,"$41,991",,,MFA38612T,,3.5L V6 EcoBoost,10-Speed Automatic,,Truck,Gasoline,Used,,,W1E,,,,,,https://images.dealer.com/autodata/us/color/2021/USD10FOT11AA0/PQ.jpg,,https://www.carfax.com/vehiclehistory/ar20/QhuwmIElAnmBclXP5t3BwBqZRHNkF7Raix5xMsOOIa7mi9oH7knMFK0k_cTSrUhZ2DchQRtv-w_WkU13mman9l4wI6ak0ez2Dvk,https://www.fordfairfield.com/used/Ford/2021-Ford-F-150-2409b369ac1818cc9ffc769c1aa95028.htm
1FM5K8GCXPGA83108,2023,Ford,Explorer,ST,Star White Metallic Tri-Coat,Ebony,0,"$43,393",,,PGA83108,18/,3L EcoBoost V6,10-Speed Automatic,,SUV,Gasoline,Used,,,K8G,,,,,,"https://pictures.dealer.com/f/fairfieldfairfieldfordfd/0265/4570d8f3486b7b5204634fcae17b6387x.jpg,https://pictures.dealer.com/f/fairfieldfairfieldfordfd/1990/3390f9cf48ff41949b80f96711cdc0f7x.jpg,https://pictures.dealer.com/f/fairfieldfairfieldfordfd/1215/d8a91a6021b349f7d7c06ae9d3b49ca0x.jpg,https://pictures.dealer.com/f/fairfieldfairfieldfordfd/0522/b6baaec2a361d78c238d069c5d7a2b9cx.jpg,https://pictures.dealer.com/f/fairfieldfairfieldfordfd/1312/a4f151fb35278b8462c62bcb7e6cdcdex.jpg,https://pictures.dealer.com/f/fairfieldfairfieldfordfd/0671/9ef20853d9d91a3cfc3ac27506f052e4x.jpg,https://pictures.dealer.com/f/fairfieldfairfieldfordfd/0424/ff4f7e92801029f02ca7dcbb59e8d6c4x.jpg,https://pictures.dealer.com/f/fairfieldfairfieldfordfd/0687/a73b22672c44205821649c59351102a9x.jpg,https://pictures.dealer.com/f/fairfieldfairfieldfordfd/1701/2d147a6eea831f6ae2881181abbbd2f2x.jpg,https://pictures.dealer.com/f/fairfieldfairfieldfordfd/1750/c5ca5e29cb11234e3b1f859ba475daa2x.jpg,https://pictures.dealer.com/f/fairfieldfairfieldfordfd/1117/6ecfa05702cea1a2d2ca3ba3802cf444x.jpg,https://pictures.dealer.com/f/fairfieldfairfieldfordfd/1040/949352935bbcfb8e4b94dbc28e74e242x.jpg,https://pictures.dealer.com/f/fairfieldfairfieldfordfd/0210/220b7569e10d8f7630fbee0e7fd488f1x.jpg,https://pictures.dealer.com/f/fairfieldfairfieldfordfd/0876/782cff02445bf2e5f96ea26a94ff6c65x.jpg,https://pictures.dealer.com/f/fairfieldfairfieldfordfd/0412/de27e499ebb8c67dff7c4724ef301c1fx.jpg,https://pictures.dealer.com/f/fairfieldfairfieldfordfd/1368/8863db75c0f60d5b4387c83531d4c25ex.jpg,https://pictures.dealer.com/f/fairfieldfairfieldfordfd/1462/8aacced31e185cfc1f72f4e4631853cax.jpg,https://pictures.dealer.com/f/fairfieldfairfieldfordfd/1882/3ede870d0a31f4b02f97e8eb0cd57369x.jpg,https://pictures.dealer.com/f/fairfieldfairfieldfordfd/1838/7864d54c34f2bc098b806bdef4c9d315x.jpg,https://pictures.dealer.com/f/fairfieldfairfieldfordfd/1060/88cf4bd63a90c1ae3e89f7c72cfc0b6cx.jpg,https://pictures.dealer.com/f/fairfieldfairfieldfordfd/0382/a934508d7f30b0ce51d5bed64ddaa16cx.jpg,https://pictures.dealer.com/f/fairfieldfairfieldfordfd/1767/98a5d0df24aa84760ed7575d7623159cx.jpg,https://pictures.dealer.com/f/fairfieldfairfieldfordfd/1989/a12d97f426e7b386e171b367245f0320x.jpg,https://pictures.dealer.com/f/fairfieldfairfieldfordfd/0587/585b55266fee68c1e556b4bf9264e4b4x.jpg,https://pictures.dealer.com/f/fairfieldfairfieldfordfd/1632/c18786a63793a816820fee9a71e3c88bx.jpg,https://pictures.dealer.com/f/fairfieldfairfieldfordfd/1196/5370b486c899b93d0f1b4f3970ab5a28x.jpg,https://pictures.dealer.com/f/fairfieldfairfieldfordfd/0040/1a3b22ecb32dfa4f4753ace5355c3070x.jpg,https://pictures.dealer.com/f/fairfieldfairfieldfordfd/0275/e7c720ff5fbb299f39280fb955c5a007x.jpg,https://pictures.dealer.com/f/fairfieldfairfieldfordfd/1417/d0e4ca5eb004b2345b82dd9ad1129493x.jpg,https://pictures.dealer.com/f/fairfieldfairfieldfordfd/1228/96c8ccfcaf688bbda3fd900cf9608aa1x.jpg,https://pictures.dealer.com/f/fairfieldfairfieldfordfd/1329/19b61e1a6d261e891ea9ae55d207d333x.jpg,https://pictures.dealer.com/f/fairfieldfairfieldfordfd/0088/20cc5d75ccf22209777887170358f571x.jpg",,https://www.carfax.com/vehiclehistory/ar20/Lfu3uVk0LUF2YRx33oY7AJ8uvwr_L8DYnTHK0x_h75NiKNQ0AEU4RzAieyeEQuiYQMicIzjqwNbP3-GFFa4QB2yxKhDSoXOzJxc,https://www.fordfairfield.com/used/Ford/2023-Ford-Explorer-7d8758f0ac183cbeb84c151303bbeb18.htm
1FMUK8KHXSGB18043,2025,Ford,Explorer,ST-Line,Gray Metallic,Onyx,0,"$43,994",,,SGB18043DL,20/27,2.3L EcoBoost I-4,10-Speed Automatic,,SUV,Gasoline,Used,,,K8K,,,,,,"https://pictures.dealer.com/f/fairfieldfairfieldfordfd/0303/5b65e90affaef5c103fe9be4f0e6ae2ex.jpg,https://pictures.dealer.com/f/fairfieldfairfieldfordfd/1718/0d2f609238705ad8e9819cbe73a331bex.jpg,https://pictures.dealer.com/f/fairfieldfairfieldfordfd/1985/d8a91a6021b349f7d7c06ae9d3b49ca0x.jpg,https://pictures.dealer.com/f/fairfieldfairfieldfordfd/0360/17d574b6fdbb4dbfd353509228cc71bdx.jpg,https://pictures.dealer.com/f/fairfieldfairfieldfordfd/1074/92e9e624627dd6018b44b9926dad1b99x.jpg,https://pictures.dealer.com/f/fairfieldfairfieldfordfd/0632/50cf2fddcdc42fae99358d06f46dda95x.jpg,https://pictures.dealer.com/f/fairfieldfairfieldfordfd/1408/81c3454838f3eda9fd7222030bd97e32x.jpg,https://pictures.dealer.com/f/fairfieldfairfieldfordfd/0434/500d775e6d55d066f0b6a6e65efc2dabx.jpg,https://pictures.dealer.com/f/fairfieldfairfieldfordfd/0187/afe5ae36b88ed7ffd4d99f68edf15294x.jpg,https://pictures.dealer.com/f/fairfieldfairfieldfordfd/1996/0cae6241e85da91a3bc6bc504fbafeb1x.jpg,https://pictures.dealer.com/f/fairfieldfairfieldfordfd/0790/89910e699873bc0330d62d67037fa667x.jpg,https://pictures.dealer.com/f/fairfieldfairfieldfordfd/1613/949352935bbcfb8e4b94dbc28e74e242x.jpg,https://pictures.dealer.com/f/fairfieldfairfieldfordfd/0874/960a42c6fa7a482dc55d945f33e4bdccx.jpg,https://pictures.dealer.com/f/fairfieldfairfieldfordfd/0414/76788b15a7daf274f4d03e1e703fab73x.jpg,https://pictures.dealer.com/f/fairfieldfairfieldfordfd/1699/6c7a516f94c3b12d92f203d011b7a517x.jpg,https://pictures.dealer.com/f/fairfieldfairfieldfordfd/1774/a0492efb3a558cf15261bd58cb940f35x.jpg,https://pictures.dealer.com/f/fairfieldfairfieldfordfd/0009/c346acd7f99be826fdfc111325fa55eax.jpg,https://pictures.dealer.com/f/fairfieldfairfieldfordfd/0770/14624005128f9790a20aed286ea647cex.jpg,https://pictures.dealer.com/f/fairfieldfairfieldfordfd/1056/b2c04f0479881f785b07f90563ee47bcx.jpg,https://pictures.dealer.com/f/fairfieldfairfieldfordfd/0217/3cd706670ab22f9c7594fd5ccddf7a1ex.jpg,https://pictures.dealer.com/f/fairfieldfairfieldfordfd/1734/b801a0f0362a446994ce47316fd76225x.jpg,https://pictures.dealer.com/f/fairfieldfairfieldfordfd/1780/6ea6802f72b431136dce5b435cee619fx.jpg,https://pictures.dealer.com/f/fairfieldfairfieldfordfd/1511/6f4b15ea711974a77f530d83e3616d11x.jpg,https://pictures.dealer.com/f/fairfieldfairfieldfordfd/1368/5548e38cc4cdf2aeb4eec4e24575b024x.jpg,https://pictures.dealer.com/f/fairfieldfairfieldfordfd/0758/afb18d81c9a5587712a91edfec7f68bdx.jpg,https://pictures.dealer.com/f/fairfieldfairfieldfordfd/1585/f51248ba0437c0ceb086c984c368cea9x.jpg,https://pictures.dealer.com/f/fairfieldfairfieldfordfd/1331/fbb682778f6624aad558fc65bd579f7ex.jpg,https://pictures.dealer.com/f/fairfieldfairfieldfordfd/0994/c4a565047a079aff9e0d2a4949acb883x.jpg,https://pictures.dealer.com/f/fairfieldfairfieldfordfd/0415/7a946c4604bebfbc005bb6eef15aaee8x.jpg,https://pictures.dealer.com/f/fairfieldfairfieldfordfd/0130/462cad6b16edbc3963f565d37727c646x.jpg,https://pictures.dealer.com/f/fairfieldfairfieldfordfd/1137/899ec012cb09f5e78c149809a48a830cx.jpg,https://pictures.dealer.com/f/fairfieldfairfieldfordfd/1480/d79d701459cb417f2dc382d247c0dd2fx.jpg",,https://www.carfax.com/vehiclehistory/ar20/ji6xl2MUYaZX0phtircN_sRYEjyl9JGLAU-j99AOIe8g7vA4OW1JU8wlJv2RqJMvJ5GeBE6ndmgREybXhSrKr39eA-0elPuYfSI,https://www.fordfairfield.com/used/Ford/2025-Ford-Explorer-880fd239ac1825eaa548c8aff89d315a.htm
1FMWK8GC6SGB00628,2025,Ford,Explorer,ST,Vapor Blue,Onyx,0,"$53,991",,,SGB00628,18/,3L EcoBoost V6,10-Speed Automatic,,SUV,Gasoline,Used,,,K8G,,,,,,"https://pictures.dealer.com/f/fairfieldfairfieldfordfd/0486/f58e3ceba6a0eb3ffa3fd595ae2ad617x.jpg,https://pictures.dealer.com/f/fairfieldfairfieldfordfd/0610/fa1fba3cb4381e45153b9adc41f3fa93x.jpg,https://pictures.dealer.com/f/fairfieldfairfieldfordfd/1215/d8a91a6021b349f7d7c06ae9d3b49ca0x.jpg,https://pictures.dealer.com/f/fairfieldfairfieldfordfd/0709/60ee6aacc149dfa0b7b46a8840d7c163x.jpg,https://pictures.dealer.com/f/fairfieldfairfieldfordfd/1153/67f5535f7c9647a89e0877314c5c6d75x.jpg,https://pictures.dealer.com/f/fairfieldfairfieldfordfd/1852/85b7d8074397452ec2e44506c7c55f31x.jpg,https://pictures.dealer.com/f/fairfieldfairfieldfordfd/1984/746f753930b202992eb8e241f5fe3c42x.jpg,https://pictures.dealer.com/f/fairfieldfairfieldfordfd/0440/2e7c9432057310193b101f63732ea120x.jpg,https://pictures.dealer.com/f/fairfieldfairfieldfordfd/1805/a4169bf6de950624d1a2b6f11d996a46x.jpg,https://pictures.dealer.com/f/fairfieldfairfieldfordfd/0490/ea6967396921cd9e58f4195e8eb47b43x.jpg,https://pictures.dealer.com/f/fairfieldfairfieldfordfd/1122/2f312c654fd2dec9b0cc472412c7f90bx.jpg,https://pictures.dealer.com/f/fairfieldfairfieldfordfd/1040/949352935bbcfb8e4b94dbc28e74e242x.jpg,https://pictures.dealer.com/f/fairfieldfairfieldfordfd/0228/f0712abcbb894cdc3c1140acaed031d9x.jpg,https://pictures.dealer.com/f/fairfieldfairfieldfordfd/1722/33adaa5918c1039f9087684ece926defx.jpg,https://pictures.dealer.com/f/fairfieldfairfieldfordfd/0090/e67c2ed275ee006f0acce663a77daea3x.jpg,https://pictures.dealer.com/f/fairfieldfairfieldfordfd/1008/69254407fcee72e945b97bf0147369adx.jpg,https://pictures.dealer.com/f/fairfieldfairfieldfordfd/0267/00d27118d330eccd8087968fcf6b9748x.jpg,https://pictures.dealer.com/f/fairfieldfairfieldfordfd/0372/8479dc25dbf2020fb07b58885e51f966x.jpg,https://pictures.dealer.com/f/fairfieldfairfieldfordfd/0292/9412c7ac09f39319e38b9d24f6900bb4x.jpg,https://pictures.dealer.com/f/fairfieldfairfieldfordfd/0543/c6a85b175aedf3d0324a82a87c8616b6x.jpg,https://pictures.dealer.com/f/fairfieldfairfieldfordfd/1930/04d185f6924b878b34272c770119c0fcx.jpg,https://pictures.dealer.com/f/fairfieldfairfieldfordfd/0655/7d42fb84306e7adfebfc131f543fc10cx.jpg,https://pictures.dealer.com/f/fairfieldfairfieldfordfd/0079/9b00b9f8a236b81467fb9ca73aa1b472x.jpg,https://pictures.dealer.com/f/fairfieldfairfieldfordfd/1265/a2560ead36dab3b154679462a819dae5x.jpg,https://pictures.dealer.com/f/fairfieldfairfieldfordfd/0677/b39c7a96debdcaea4217a7981fd4dd51x.jpg,https://pictures.dealer.com/f/fairfieldfairfieldfordfd/1559/425c348d158f000ede4d1e9f07fd2117x.jpg,https://pictures.dealer.com/f/fairfieldfairfieldfordfd/0470/5af67eb6c91acc9c747ff8f43fab8d44x.jpg,https://pictures.dealer.com/f/fairfieldfairfieldfordfd/0297/b3cdd4b57fdf1070f6c51b37a01a8cfdx.jpg,https://pictures.dealer.com/f/fairfieldfairfieldfordfd/0870/596e7b5da0cf814c6a78577efe40ea2fx.jpg,https://pictures.dealer.com/f/fairfieldfairfieldfordfd/1411/588ba21999778905706c844d831cbe1ex.jpg,https://pictures.dealer.com/f/fairfieldfairfieldfordfd/1566/47315a07cb437df865f281c81f957a6ex.jpg",,https://www.carfax.com/vehiclehistory/ar20/nTVbdH1iSnowdnrWPLtzc69n3Ahyw6JbScJEJaXM__-2xAzpJBJpHfMX_Xc7jqnEsoScIxlchFvPp0TTsLiiQceJjY4dM93hcuI,https://www.fordfairfield.com/used/Ford/2025-Ford-Explorer-fffc30dbac184f944c6da18482f4b925.htm
1FMEE2BP4RLB29153,2024,Ford,Bronco,Wildtrak,Green Metallic,Black,0,"$53,994",,,241210DL,17/17,2.7L EcoBoost V6,10-Speed Automatic,,SUV,Gasoline,Used,,,E2B,,,,"fairfieldfairfieldfordfd_e91a5517ac1813745a3aade5e81691d0,fairfieldfairfieldfordfd_4974e8e8ac1851ee476495f263b7e0b7,fairfieldfairfieldfordfd_4974e8d7ac1851ee476495f2cd6633ce",,"https://pictures.dealer.com/f/fairfieldfairfieldfordfd/0586/dd62a2b22d9f55ed1d7962203d51087ax.jpg,https://pictures.dealer.com/f/fairfieldfairfieldfordfd/0214/1187a0844ef3286caed92c5e7dae5c06x.jpg,https://pictures.dealer.com/f/fairfieldfairfieldfordfd/1985/d8a91a6021b349f7d7c06ae9d3b49ca0x.jpg,https://pictures.dealer.com/f/fairfieldfairfieldfordfd/1665/b8c8ad9158b1a646cd32b99fb46e1681x.jpg,https://pictures.dealer.com/f/fairfieldfairfieldfordfd/0060/a6599cf3ba05c49ed79e90d570b8d1bfx.jpg,https://pictures.dealer.com/f/fairfieldfairfieldfordfd/0361/feba2b0a629fff5febf3e76854adeb79x.jpg,https://pictures.dealer.com/f/fairfieldfairfieldfordfd/1372/59a79954fb4c2054567a657ff3e887ecx.jpg,https://pictures.dealer.com/f/fairfieldfairfieldfordfd/0215/f1b92a902d70998a4152d1e9754f7692x.jpg,https://pictures.dealer.com/f/fairfieldfairfieldfordfd/1610/5b356e191f6ffc54557e3246b2ba9b71x.jpg,https://pictures.dealer.com/f/fairfieldfairfieldfordfd/0588/28cf94e45938bbc65316b199d868cab8x.jpg,https://pictures.dealer.com/f/fairfieldfairfieldfordfd/0691/ac5b1c5bb4a1663c797595ebc7459ac6x.jpg,https://pictures.dealer.com/f/fairfieldfairfieldfordfd/1613/949352935bbcfb8e4b94dbc28e74e242x.jpg,https://pictures.dealer.com/f/fairfieldfairfieldfordfd/1157/fcd393c9e1caa50d0c3c2fea2cd6c68fx.jpg,https://pictures.dealer.com/f/fairfieldfairfieldfordfd/0847/e2e2c8c962555e90ed8b2ea0a00496edx.jpg,https://pictures.dealer.com/f/fairfieldfairfieldfordfd/1190/287276fe58085569f47194f5b643c7b4x.jpg,https://pictures.dealer.com/f/fairfieldfairfieldfordfd/1873/98411f241ccad76a55248cb0be4659a9x.jpg,https://pictures.dealer.com/f/fairfieldfairfieldfordfd/1663/4ae8a205ab049375020eb13b22dfb823x.jpg,https://pictures.dealer.com/f/fairfieldfairfieldfordfd/1097/2dc335bb5bf4447d33614b388e05c936x.jpg,https://pictures.dealer.com/f/fairfieldfairfieldfordfd/1094/c7b9e4a72ee4d50c3a73da0e021bdeaax.jpg,https://pictures.dealer.com/f/fairfieldfairfieldfordfd/0638/718f3cfd4bc60024857d02f3aec4d963x.jpg,https://pictures.dealer.com/f/fairfieldfairfieldfordfd/0886/9744d8b45431eeff013c24e753294195x.jpg,https://pictures.dealer.com/f/fairfieldfairfieldfordfd/0774/5f5d328461870f9f15fda3796ec1c237x.jpg,https://pictures.dealer.com/f/fairfieldfairfieldfordfd/0993/2a28309bbc9bfc16b38f06cb64c220bdx.jpg,https://pictures.dealer.com/f/fairfieldfairfieldfordfd/1504/e06d10b9d1951b23b428b5cfdc032fa2x.jpg,https://pictures.dealer.com/f/fairfieldfairfieldfordfd/0577/ab24b2be388b5901cd6f26b53e744ddcx.jpg,https://pictures.dealer.com/f/fairfieldfairfieldfordfd/1742/5e137c2cb1a70292dc41f8273e0d3165x.jpg,https://pictures.dealer.com/f/fairfieldfairfieldfordfd/1378/823b2ae6ea91838c36744cb445f0d3dax.jpg",,https://www.carfax.com/vehiclehistory/ar20/o2YzM6JKxutO9r0TRj8r07MITkaVz3u5ZloVNOraUoNeSsRFH678MU22VKmIUqUvLmzzdRTbhRsKSs__mhcOqDtGeduW9jJDy68,https://www.fordfairfield.com/used/Ford/2024-Ford-Bronco-736198acac18279ed46b83de9dc9b196.htm
1FT8X2BTXSEC31141,2025,Ford,F-250SD,XL,Oxford White,Medium Dark Slate,0,"$59,994",,,SEC31141,,6.7L Power Stroke V8 DI 32V OHV Turbodiesel,10-Speed Automatic,,Truck,Diesel,Used,,,X2B,,,,,,"https://pictures.dealer.com/f/fairfieldfairfieldfordfd/0291/2824b39c2072a1bf68801a1cd527c120x.jpg,https://pictures.dealer.com/f/fairfieldfairfieldfordfd/1047/5c232b30b30127a1c69c2c684800f181x.jpg,https://pictures.dealer.com/f/fairfieldfairfieldfordfd/1985/d8a91a6021b349f7d7c06ae9d3b49ca0x.jpg,https://pictures.dealer.com/f/fairfieldfairfieldfordfd/1111/7c4488ba9e6e58c5e3323c6b2ffbcf2fx.jpg,https://pictures.dealer.com/f/fairfieldfairfieldfordfd/0065/d96de42c686e8850a1293b7cc1766a19x.jpg,https://pictures.dealer.com/f/fairfieldfairfieldfordfd/1954/f969790295553d0cad3ac110f638500cx.jpg,https://pictures.dealer.com/f/fairfieldfairfieldfordfd/1555/582977d72690c480659478ad3da3c605x.jpg,https://pictures.dealer.com/f/fairfieldfairfieldfordfd/1791/9691a3cccba93b19d5201e56b52b92d1x.jpg,https://pictures.dealer.com/f/fairfieldfairfieldfordfd/0408/0bcdbc1db244b180c00df71f9a8a7973x.jpg,https://pictures.dealer.com/f/fairfieldfairfieldfordfd/0222/57a87fb6ee444e4192a49c4813144d7ex.jpg,https://pictures.dealer.com/f/fairfieldfairfieldfordfd/0277/9025a1dbc0bc4d5860df312e76e007acx.jpg,https://pictures.dealer.com/f/fairfieldfairfieldfordfd/1613/949352935bbcfb8e4b94dbc28e74e242x.jpg,https://pictures.dealer.com/f/fairfieldfairfieldfordfd/1340/90f3e7bfc64939c47f05c196d2a649d6x.jpg,https://pictures.dealer.com/f/fairfieldfairfieldfordfd/0857/87db26e570d61bc5c0585e6fdc922a46x.jpg,https://pictures.dealer.com/f/fairfieldfairfieldfordfd/1752/3d381bace177e4a4e1d06b76e56dc819x.jpg,https://pictures.dealer.com/f/fairfieldfairfieldfordfd/0166/ea82f862389c8774a6f298e59077b77fx.jpg,https://pictures.dealer.com/f/fairfieldfairfieldfordfd/0246/454ab0c0b0f16f51e1c04b8c80054520x.jpg,https://pictures.dealer.com/f/fairfieldfairfieldfordfd/0659/22f55499c3fd1cf30347dec07d7c0c5bx.jpg,https://pictures.dealer.com/f/fairfieldfairfieldfordfd/0908/8afa3ce30dbd57dc4fabdac0d4884502x.jpg,https://pictures.dealer.com/f/fairfieldfairfieldfordfd/0367/3ed540de1b71b71ec859a4b5cfd0ff5ax.jpg,https://pictures.dealer.com/f/fairfieldfairfieldfordfd/1276/9bb056b3694d724be00f3f447596060ax.jpg,https://pictures.dealer.com/f/fairfieldfairfieldfordfd/1900/f76159cb271fcf7dd022a640d296b233x.jpg,https://pictures.dealer.com/f/fairfieldfairfieldfordfd/1318/03a5c7d004a0890f5a4f95fb2c52ab81x.jpg,https://pictures.dealer.com/f/fairfieldfairfieldfordfd/0460/30f9ee3d9d2e6e1ad1d4811f5cce952dx.jpg,https://pictures.dealer.com/f/fairfieldfairfieldfordfd/1684/3afd3c217454a1dbbb2f2c50d48e856bx.jpg,https://pictures.dealer.com/f/fairfieldfairfieldfordfd/0988/b714b4600f57368d3cb0566351b8a2eax.jpg,https://pictures.dealer.com/f/fairfieldfairfieldfordfd/0839/762b63a9df5bd06c47b40e29c5059176x.jpg,https://pictures.dealer.com/f/fairfieldfairfieldfordfd/1188/5e0942e43be75997388d879a55dfc3fex.jpg",,https://www.carfax.com/vehiclehistory/ar20/QUatJK8XwWI3oMfK3gdsrUiWiQJFQldqM_ZFrF51RJBUuPq4-VzykqzhWZWcPXzgBdJesMK7avA1N31UaTB52zEslGooTbO8wKE,https://www.fordfairfield.com/used/Ford/2025-Ford-F-250SD-6323c4a4ac184cdadd7d624f4854d260.htm
1GNALBEK6EZ127945,2014,Chevrolet,Equinox,LT,Silver Ice Metallic,Jet Black,0,"$8,592",,,EZ127945,22/,2.4L 4-Cylinder SIDI DOHC,6-Speed Automatic with Overdrive,,SUV,Gasoline,Used,,,1LH26,,,,,,"https://pictures.dealer.com/f/fairfieldfairfieldfordfd/0121/7e1a7657a30896ff5dfedfbf18dd0488x.jpg,https://pictures.dealer.com/f/fairfieldfairfieldfordfd/1269/fae9cc811a4d653f4dcf414ac881883ex.jpg,https://pictures.dealer.com/f/fairfieldfairfieldfordfd/1215/d8a91a6021b349f7d7c06ae9d3b49ca0x.jpg,https://pictures.dealer.com/f/fairfieldfairfieldfordfd/1168/13b6c69729dcfe2de5490a843297ec35x.jpg,https://pictures.dealer.com/f/fairfieldfairfieldfordfd/1541/a8cace9b8f85f62f5006ca4c823f9336x.jpg,https://pictures.dealer.com/f/fairfieldfairfieldfordfd/1923/19ef3f68914bf53bdeaa2efcdb4237cbx.jpg,https://pictures.dealer.com/f/fairfieldfairfieldfordfd/1777/089953326de0338056affedb4d238c43x.jpg,https://pictures.dealer.com/f/fairfieldfairfieldfordfd/1741/f35904460e0c7d11f7261d108d707788x.jpg,https://pictures.dealer.com/f/fairfieldfairfieldfordfd/1911/ff69a782b368ce245cb38467dfb8418bx.jpg,https://pictures.dealer.com/f/fairfieldfairfieldfordfd/0283/fc2804eaf93f44d108ffb4a20bc092c3x.jpg,https://pictures.dealer.com/f/fairfieldfairfieldfordfd/0980/7d3df392653c4f481403613642952ee3x.jpg,https://pictures.dealer.com/f/fairfieldfairfieldfordfd/1040/949352935bbcfb8e4b94dbc28e74e242x.jpg,https://pictures.dealer.com/f/fairfieldfairfieldfordfd/0478/46bcdd8b4474c56cab3fba4507836d4cx.jpg,https://pictures.dealer.com/f/fairfieldfairfieldfordfd/0066/65dbb4d780c6cf7a6672f19b8990855bx.jpg,https://pictures.dealer.com/f/fairfieldfairfieldfordfd/1509/2fa65a98d1742c7d7f6bcec0dc589facx.jpg,https://pictures.dealer.com/f/fairfieldfairfieldfordfd/0206/00a6ea71c24029105f01e1b1319858dbx.jpg,https://pictures.dealer.com/f/fairfieldfairfieldfordfd/1129/f74315ebb350d258b2be97ce51ef4ec6x.jpg,https://pictures.dealer.com/f/fairfieldfairfieldfordfd/0176/f3d55999543d0cd8718e01043831cfaax.jpg,https://pictures.dealer.com/f/fairfieldfairfieldfordfd/0725/57046fe2a76b358f047905228130ca97x.jpg,https://pictures.dealer.com/f/fairfieldfairfieldfordfd/1175/cad11d2f41cb08bb3efa5c81b344adf0x.jpg,https://pictures.dealer.com/f/fairfieldfairfieldfordfd/1480/2db2ae3d8d49955998f820f704841e9ax.jpg,https://pictures.dealer.com/f/fairfieldfairfieldfordfd/0002/0825e7532b424766da29c29164908619x.jpg,https://pictures.dealer.com/f/fairfieldfairfieldfordfd/0220/acf9f1ec896ac7677cfabf058fdb65fdx.jpg,https://pictures.dealer.com/f/fairfieldfairfieldfordfd/0223/0b0e4bfc72bafe924b98c426532bd67bx.jpg,https://pictures.dealer.com/f/fairfieldfairfieldfordfd/1618/395869251a1e8ac78117092463f29f8cx.jpg,https://pictures.dealer.com/f/fairfieldfairfieldfordfd/0212/0264503011e858da3d489425e169c69cx.jpg,https://pictures.dealer.com/f/fairfieldfairfieldfordfd/1126/f3178a22f2d66e3bcc0ece98db8c783cx.jpg",,https://www.carfax.com/vehiclehistory/ar20/fVlcZFn9PQy7ZzGT13WWSmetqLMJ71jQGXjKFvfb1DTm5SqdLisexSfMZdvUteiBA7Xm1PvxY5cfpIFiJLBhsgu5_LzTL3JXh9c,https://www.fordfairfield.com/used/Chevrolet/2014-Chevrolet-Equinox-1ee489afac1805c330b79c99f70ced26.htm
KL8CB6SA8LC410735,2020,Chevrolet,Spark,LS,Summit White,Black,0,"$9,991",,,LC410735,30/,1.4L DOHC,CVT,,Hatchback,Gasoline,Used,,,1DR48,,,,,,https://images.dealer.com/autodata/us/color/2020/USD00CHC331B0/GAZ.jpg,,,https://www.fordfairfield.com/used/Chevrolet/2020-Chevrolet-Spark-5116a2b6ac1819acc11d1ffffcdf5a3f.htm
2LMDJ6JK4EBL09655,2014,Lincoln,MKX,Base,,,0,"$9,991",,,EBL09655,18/,3.7L V6 Ti-VCT 24V,6-Speed Automatic with Select-Shift,,SUV,Gasoline,Used,,,J6J,,,,,,https://images.dealer.com/autodata/us/large_stockphoto/2014/USC40LIS031A0.jpg,,,https://www.fordfairfield.com/used/Lincoln/2014-Lincoln-MKX-54fa7b44ac182114caf35e54bee44dde.htm
JF2GPAGC3EH315627,2014,Subaru,XV Crosstrek,2.0i Limited,Ice Silver Metallic,Black,0,"$10,591",,,EH315627,25/,2L 16V DOHC,Lineartronic CVT,,SUV,Gasoline,Used,,,ERC,,,,,,"https://pictures.dealer.com/f/fairfieldfairfieldfordfd/1600/2b06cfa521166c632104ba91e46c9c2ex.jpg,https://pictures.dealer.com/f/fairfieldfairfieldfordfd/0570/c6245ca261a071c0a55c600f377ad7edx.jpg,https://pictures.dealer.com/f/fairfieldfairfieldfordfd/1215/d8a91a6021b349f7d7c06ae9d3b49ca0x.jpg,https://pictures.dealer.com/f/fairfieldfairfieldfordfd/0837/9e8600729350d5717c986eafcea8a38ex.jpg,https://pictures.dealer.com/f/fairfieldfairfieldfordfd/0725/ad91aa866c060edc24288b0b25b88c79x.jpg,https://pictures.dealer.com/f/fairfieldfairfieldfordfd/1434/9addbf54bcf2c6ad161c9936cf9653d2x.jpg,https://pictures.dealer.com/f/fairfieldfairfieldfordfd/0837/11eb1aadd0c162e2a3c8fcd9543f0be1x.jpg,https://pictures.dealer.com/f/fairfieldfairfieldfordfd/1809/e2d8b8914e0090794be7513a7457dcffx.jpg,https://pictures.dealer.com/f/fairfieldfairfieldfordfd/0821/bc9a90d9ed1f1b59f2363d54a72e4223x.jpg,https://pictures.dealer.com/f/fairfieldfairfieldfordfd/0262/b682617e7ade63ca652057df5346109bx.jpg,https://pictures.dealer.com/f/fairfieldfairfieldfordfd/0204/7691e61f8a41cb43596393dd1721d859x.jpg,https://pictures.dealer.com/f/fairfieldfairfieldfordfd/1040/949352935bbcfb8e4b94dbc28e74e242x.jpg,https://pictures.dealer.com/f/fairfieldfairfieldfordfd/0766/97ae0b1fae77fafe3bca0b06311afee1x.jpg,https://pictures.dealer.com/f/fairfieldfairfieldfordfd/1710/9a396367b9d656e69f39f65adb0f9aecx.jpg,https://pictures.dealer.com/f/fairfieldfairfieldfordfd/0583/fabaa89d3a454b04b88866b640ffb924x.jpg,https://pictures.dealer.com/f/fairfieldfairfieldfordfd/1822/47295e0f4ae762fdda26575b8f530528x.jpg,https://pictures.dealer.com/f/fairfieldfairfieldfordfd/1580/4f3a559e13904b349c0f47b4b2ef1230x.jpg,https://pictures.dealer.com/f/fairfieldfairfieldfordfd/1269/83836c6aa0e9a61816649d35abbaae1dx.jpg,https://pictures.dealer.com/f/fairfieldfairfieldfordfd/0088/dca7110aba3d9f54f198efd6e159eaf0x.jpg,https://pictures.dealer.com/f/fairfieldfairfieldfordfd/0214/6b926737e0b594a55136f84029b38472x.jpg,https://pictures.dealer.com/f/fairfieldfairfieldfordfd/1973/38608a9061a85044615ad07a687cd1f5x.jpg,https://pictures.dealer.com/f/fairfieldfairfieldfordfd/0186/de89032c29a1b0d53c636f6324bc9abex.jpg,https://pictures.dealer.com/f/fairfieldfairfieldfordfd/1174/3262e8f67e8101ad92fe11da217ab091x.jpg,https://pictures.dealer.com/f/fairfieldfairfieldfordfd/0756/7020277d7c67d02bcf4243ef9e07d9dbx.jpg,https://pictures.dealer.com/f/fairfieldfairfieldfordfd/0613/c9eb4c2b3452bd7ae3ce755907b892e6x.jpg,https://pictures.dealer.com/f/fairfieldfairfieldfordfd/1287/7b036fffed8c1e44ace28ed706d94d46x.jpg,https://pictures.dealer.com/f/fairfieldfairfieldfordfd/1307/6595e58b42108e1d82a4f495e8ae282bx.jpg,https://pictures.dealer.com/f/fairfieldfairfieldfordfd/1148/bca913e6c29e42c3e529a278c7bca12ax.jpg",,https://www.carfax.com/vehiclehistory/ar20/uRx1PHt5zz9xyeJwiGADdySEWhvGjyGIoykyV2K_tU7XJmMeU0uc4jVPXz3TxJspOmOQHCIA2BzgHXXRwazPnjSm3zUjNscvy9Y,https://www.fordfairfield.com/used/Subaru/2014-Subaru-XV-Crosstrek-38a33725ac18398030ed32a5859e870e.htm
KM8J33A23GU203637,2016,Hyundai,Tucson,Limited,Sedona Sunset,Black,0,"$11,991",,,GU203637,25/,1.6L I4 DGI Turbocharged DOHC 16V ULEV II 175hp,7-Speed Automatic,,SUV,Gasoline,Used,,,84472F45,,,,,,https://images.dealer.com/autodata/us/large_stockphoto-color/2016/USC60HYS021D0/SA5.jpg,,https://www.carfax.com/vehiclehistory/ar20/h-OV7QGt-OHWfdMs75F7OQjV412EoxIPW5DdALr3T4MuvVoYCI-jezFCd3hta_nvWPFuPU9GD3ulfodKvNezblGTsLGvhlgYQ6g,https://www.fordfairfield.com/used/Hyundai/2016-Hyundai-Tucson-4217a918ac182a0dbd9c040a0dd406f1.htm
JM1BM1V75E1213326,2014,Mazda,Mazda3,i Touring,Liquid Silver Metallic,Black,0,"$11,991",,,E1213326,30/,2L SKYACTIVÂ®-G 4-Cylinder DOHC 16V,6-Speed Automatic,,Sedan,Gasoline,Used,,,M3SITRA,,,,,,https://images.dealer.com/autodata/us/large_stockphoto-color/2014/USC40MAC171C1/38P.jpg,,https://www.carfax.com/vehiclehistory/ar20/L7YOq1LqTeQFA-bvWw7y0kCKZmV8-jZWettrX6wJT-RIM-ewW-H1dbjhIowuS_G2a9bPmTYH3riBurz62wLmW_02MyjZlOxF3qU,https://www.fordfairfield.com/used/Mazda/2014-Mazda-Mazda3-3dca44b4ac182783f5c09a089ec10d4f.htm
55SWF4JB2FU088445,2015,Mercedes-Benz,C-Class,C 300,Silver,Silk Beige,0,"$13,593",,,FU088445,25/,2L I4 Turbocharged,7G-TRONIC PLUS 7-Speed Automatic,,Sedan,Gasoline,Used,,,C300W,,,,,,"https://pictures.dealer.com/f/fairfieldfairfieldfordfd/0371/ef05687daa66f5dce4c12101e43274e3x.jpg,https://pictures.dealer.com/f/fairfieldfairfieldfordfd/0495/7f00d537b6a4dc90f5f528591008ed71x.jpg,https://pictures.dealer.com/f/fairfieldfairfieldfordfd/1215/d8a91a6021b349f7d7c06ae9d3b49ca0x.jpg,https://pictures.dealer.com/f/fairfieldfairfieldfordfd/1093/1ff1fbe6ad41bfe141cf5f15c070fd9ax.jpg,https://pictures.dealer.com/f/fairfieldfairfieldfordfd/0703/feabd0554e48a78ea1a5eeed496babccx.jpg,https://pictures.dealer.com/f/fairfieldfairfieldfordfd/1499/c803300ec80e3e131f49abf6c0154ca7x.jpg,https://pictures.dealer.com/f/fairfieldfairfieldfordfd/1103/761a814045cf5d1601cad06c8e9e6690x.jpg,https://pictures.dealer.com/f/fairfieldfairfieldfordfd/0028/2f9e0871ad844c3ffd3e3f00699fe6a4x.jpg,https://pictures.dealer.com/f/fairfieldfairfieldfordfd/1027/4b9178012cdb507f40907d620e59411ax.jpg,https://pictures.dealer.com/f/fairfieldfairfieldfordfd/0024/b72c46e8061a02fc797e01e2b16c9159x.jpg,https://pictures.dealer.com/f/fairfieldfairfieldfordfd/0054/f5a756582dc02be10a7518dbff303cb7x.jpg,https://pictures.dealer.com/f/fairfieldfairfieldfordfd/1040/949352935bbcfb8e4b94dbc28e74e242x.jpg,https://pictures.dealer.com/f/fairfieldfairfieldfordfd/0636/d4f7537b779e6943a915f993ccd31827x.jpg,https://pictures.dealer.com/f/fairfieldfairfieldfordfd/0741/283068259ea1e475fe19ee39edea3bd3x.jpg,https://pictures.dealer.com/f/fairfieldfairfieldfordfd/0802/22e918dd89e4cc4ac965a0df96bea8f6x.jpg,https://pictures.dealer.com/f/fairfieldfairfieldfordfd/1482/afafadef8b16be4f032ac8ee60c31c08x.jpg,https://pictures.dealer.com/f/fairfieldfairfieldfordfd/0943/1350db816b6f8e27a5d9fda2d98b5884x.jpg,https://pictures.dealer.com/f/fairfieldfairfieldfordfd/1562/cbac148db2db9f0b5d53f584dd469d22x.jpg,https://pictures.dealer.com/f/fairfieldfairfieldfordfd/1096/586602227359b85bd294fa67dcc6030ax.jpg,https://pictures.dealer.com/f/fairfieldfairfieldfordfd/1398/27a29feb81f74c5720d5a65fde866941x.jpg,https://pictures.dealer.com/f/fairfieldfairfieldfordfd/0119/1382f652c6d95a6557f75c582ad58bb7x.jpg,https://pictures.dealer.com/f/fairfieldfairfieldfordfd/0073/c4f92d7a6716e3c7cbdc06a3fe866883x.jpg,https://pictures.dealer.com/f/fairfieldfairfieldfordfd/0682/c68fc0eb19453f9a74a5a159d59e2f45x.jpg,https://pictures.dealer.com/f/fairfieldfairfieldfordfd/1437/8b9c5ce33980a5b1530a5b86a669848ex.jpg,https://pictures.dealer.com/f/fairfieldfairfieldfordfd/0951/47f913a9f65791e111411c925c3b5fb3x.jpg,https://pictures.dealer.com/f/fairfieldfairfieldfordfd/0461/dc53afe96e8ac883796e39961447839ex.jpg,https://pictures.dealer.com/f/fairfieldfairfieldfordfd/0305/0ef470eaa664c82e32ce0282c7e428dbx.jpg,https://pictures.dealer.com/f/fairfieldfairfieldfordfd/1469/065ac9c4c855e114a87109d859db7025x.jpg",,https://www.carfax.com/vehiclehistory/ar20/hFWck-fKPH9CvjJxduxXjQxBP6tPo3RnO4bSwrgusssSW1Q07RZZJN9B7yurwxJFr1HhevxMpvceobX5T6PmWiUyo3Dxe0FGf-4,https://www.fordfairfield.com/used/Mercedes-Benz/2015-Mercedes-Benz-C-Class-898e45b7ac18386f415638933b7aa838.htm
5FNRL5H6XGB004993,2016,Honda,Odyssey,EX-L,Gray,Gray,0,"$15,392",,,GB004993,19/,3.5L V6 SOHC i-VTEC 24V,6-Speed Automatic,,Minivan/Van,Gasoline,Used,,,,,,,,,"https://pictures.dealer.com/f/fairfieldfairfieldfordfd/1244/d7e5ef17494792234e12b15564054919x.jpg,https://pictures.dealer.com/f/fairfieldfairfieldfordfd/1688/8e411941bd05227b803fe52a1d0199a6x.jpg,https://pictures.dealer.com/f/fairfieldfairfieldfordfd/1215/d8a91a6021b349f7d7c06ae9d3b49ca0x.jpg,https://pictures.dealer.com/f/fairfieldfairfieldfordfd/1426/775aa7f67e356dd50be8531e553f872dx.jpg,https://pictures.dealer.com/f/fairfieldfairfieldfordfd/0335/1e0a44ba858cbe7070631d79f3b039f3x.jpg,https://pictures.dealer.com/f/fairfieldfairfieldfordfd/0731/f66cbb0ceae82798465a60859abc061bx.jpg,https://pictures.dealer.com/f/fairfieldfairfieldfordfd/1838/6c3560229979dfc46992dcf1c40b12fbx.jpg,https://pictures.dealer.com/f/fairfieldfairfieldfordfd/1661/4b53a41a59e81644da72c83373dd11f5x.jpg,https://pictures.dealer.com/f/fairfieldfairfieldfordfd/0180/6d5af3823468e43078ff8ca329e22607x.jpg,https://pictures.dealer.com/f/fairfieldfairfieldfordfd/1496/9420734b6bdcdef994e31043a6f7aef2x.jpg,https://pictures.dealer.com/f/fairfieldfairfieldfordfd/0628/69b09de79b66b9efb15d83cfce9e2daax.jpg,https://pictures.dealer.com/f/fairfieldfairfieldfordfd/1040/949352935bbcfb8e4b94dbc28e74e242x.jpg,https://pictures.dealer.com/f/fairfieldfairfieldfordfd/0328/581bb1a0aa9b4a9a54dfbf21ccd6af2cx.jpg,https://pictures.dealer.com/f/fairfieldfairfieldfordfd/1109/6fca1d88fca7145432adcb93e549f69fx.jpg,https://pictures.dealer.com/f/fairfieldfairfieldfordfd/0262/4c88d52cef01b8cdb67db3dafd6453fbx.jpg,https://pictures.dealer.com/f/fairfieldfairfieldfordfd/1153/820d323f800410497a14e10c8bbb0ed0x.jpg,https://pictures.dealer.com/f/fairfieldfairfieldfordfd/0325/c3bb3ffddaa07c6101b2c79ae3694be8x.jpg,https://pictures.dealer.com/f/fairfieldfairfieldfordfd/0479/7be6734917ae55158d020e0c2f383d98x.jpg,https://pictures.dealer.com/f/fairfieldfairfieldfordfd/0207/c1cdf9d079c1ae7cbf5add77a08d97e1x.jpg,https://pictures.dealer.com/f/fairfieldfairfieldfordfd/1125/446192aa5c6792425b651a3737779bf2x.jpg,https://pictures.dealer.com/f/fairfieldfairfieldfordfd/0838/aaf0b8d567813507c2ae26d74458b8d2x.jpg,https://pictures.dealer.com/f/fairfieldfairfieldfordfd/1735/88bbe1f9f8495336bfbf2edb10c1c4d5x.jpg,https://pictures.dealer.com/f/fairfieldfairfieldfordfd/1061/0a8ada6c6087a37dd72d376bc2f91588x.jpg,https://pictures.dealer.com/f/fairfieldfairfieldfordfd/1159/2e093451d2f7a13366cab86f70f17447x.jpg,https://pictures.dealer.com/f/fairfieldfairfieldfordfd/0442/8323db539dc1471e37c684b27091e789x.jpg,https://pictures.dealer.com/f/fairfieldfairfieldfordfd/0260/a658ed43489449a9677e840407da2891x.jpg,https://pictures.dealer.com/f/fairfieldfairfieldfordfd/1302/37131fe23e27b5dcf8c5602b7f02c0c2x.jpg,https://pictures.dealer.com/f/fairfieldfairfieldfordfd/1841/15e20711f4d94bd94791f276ea0285c6x.jpg,https://pictures.dealer.com/f/fairfieldfairfieldfordfd/1422/4755d4cdec2cadb5394ad4dd8de98989x.jpg,https://pictures.dealer.com/f/fairfieldfairfieldfordfd/1197/51c8a253d47934a9b555a1b50aa6fa5ex.jpg",,https://www.carfax.com/vehiclehistory/ar20/HPD4zS0o1Qz1bn6PRnbWAalxy8kLBfvUJhClKSKbyt6YP7G5rLkRxA4bHMTzw7nKhmWuq8Hm3hGtWKNkhduiyizP-xuHLjvRWyo,https://www.fordfairfield.com/used/Honda/2016-Honda-Odyssey-d5f06768ac181cf0de4a195331c85878.htm
JM3KFACLXH0162658,2017,Mazda,CX-5,Touring,Machine Gray Metallic,Black,0,"$15,593",,,H0162658,24/,2.5L SKYACTIVÂ® 4-Cylinder DOHC 16V,6-Speed Automatic,,SUV,Gasoline,Used,,,CX5TR2A,,,,,,"https://pictures.dealer.com/f/fairfieldfairfieldfordfd/1756/b89001f47eb1704e21ce2bce5f6d5d8cx.jpg,https://pictures.dealer.com/f/fairfieldfairfieldfordfd/0945/c25903fd2e9c68b43b2f705c4e2e4d3ax.jpg,https://pictures.dealer.com/f/fairfieldfairfieldfordfd/1215/d8a91a6021b349f7d7c06ae9d3b49ca0x.jpg,https://pictures.dealer.com/f/fairfieldfairfieldfordfd/0158/3aad5d3294664bd00203560ef620f5d6x.jpg,https://pictures.dealer.com/f/fairfieldfairfieldfordfd/1363/9ae8bddf184ad7e491dc54963dafb409x.jpg,https://pictures.dealer.com/f/fairfieldfairfieldfordfd/0593/ae6312abee492dbf49d1aff5e14b8d86x.jpg,https://pictures.dealer.com/f/fairfieldfairfieldfordfd/1240/616965e875ee1f13b4961fffd33ccedfx.jpg,https://pictures.dealer.com/f/fairfieldfairfieldfordfd/1545/cb4ba0afcaf6b81ca600814b5dc443bdx.jpg,https://pictures.dealer.com/f/fairfieldfairfieldfordfd/1507/b15ff44a4e737155da4e4a21a4a161f3x.jpg,https://pictures.dealer.com/f/fairfieldfairfieldfordfd/0769/91325591c051335c5defe8854da2aea9x.jpg,https://pictures.dealer.com/f/fairfieldfairfieldfordfd/1342/f668f2e6156b62eadcd60e5ee31758a3x.jpg,https://pictures.dealer.com/f/fairfieldfairfieldfordfd/1040/949352935bbcfb8e4b94dbc28e74e242x.jpg,https://pictures.dealer.com/f/fairfieldfairfieldfordfd/0340/e6456cc772e25edf8928cf3d802041a9x.jpg,https://pictures.dealer.com/f/fairfieldfairfieldfordfd/1496/b4210578ccb675d47bac13998f6aa18ax.jpg,https://pictures.dealer.com/f/fairfieldfairfieldfordfd/1104/ce02e98c49f8baf169418b96f22f6f4ax.jpg,https://pictures.dealer.com/f/fairfieldfairfieldfordfd/0671/3bdfe0404722713d8a94cb3457f61b0dx.jpg,https://pictures.dealer.com/f/fairfieldfairfieldfordfd/1820/b744d2bce48aa88408d66acd9e781b7ax.jpg,https://pictures.dealer.com/f/fairfieldfairfieldfordfd/0961/f255a2d800b362622292bfb2ba5d51c1x.jpg,https://pictures.dealer.com/f/fairfieldfairfieldfordfd/0485/37c00cba4ed9ce050e1343455beef660x.jpg,https://pictures.dealer.com/f/fairfieldfairfieldfordfd/1739/e9228897e3df7c3d98e933c81f6488dax.jpg,https://pictures.dealer.com/f/fairfieldfairfieldfordfd/0692/3311594e74899f8cc114b0718bd1ce03x.jpg,https://pictures.dealer.com/f/fairfieldfairfieldfordfd/1716/42b0c51c546424b17977ea79472f3444x.jpg,https://pictures.dealer.com/f/fairfieldfairfieldfordfd/1410/68c03e7685a7f1efea2854193fd97bb1x.jpg,https://pictures.dealer.com/f/fairfieldfairfieldfordfd/0062/963fa924b432ea4bd5b6fbe3d71a353fx.jpg,https://pictures.dealer.com/f/fairfieldfairfieldfordfd/0199/8c60d5892117bb320a4ce7f124bbe547x.jpg,https://pictures.dealer.com/f/fairfieldfairfieldfordfd/1628/2677cc4010ea6f2a6ee11c3c1f16997cx.jpg,https://pictures.dealer.com/f/fairfieldfairfieldfordfd/1123/6dd7e17c613006ee4ce6123e9f7014ddx.jpg,https://pictures.dealer.com/f/fairfieldfairfieldfordfd/0748/7005b4b7c14e85fea122eafd9ad9e46ex.jpg,https://pictures.dealer.com/f/fairfieldfairfieldfordfd/0871/2bcf4d272123bd180f0aa33c4232681bx.jpg",,https://www.carfax.com/vehiclehistory/ar20/7OVD4JKdcI6oJNeh8YUOtnosWd3Rhmvc71nyIDK0UkqJAR52mrDuXfHBDivoI0UgGIdjiTNim3IvCkMa1oLpSDwfzQ93EQ-oQdY,https://www.fordfairfield.com/used/Mazda/2017-Mazda-CX-5-7f3f086fac181e5fc742f94fc26cb2fc.htm
3VWN57BUXKM034573,2019,Volkswagen,Jetta,1.4T S,Blue,,0,"$15,991",,,KM034573,30/,1.4L TSI,6-Speed Manual,,Sedan,Gasoline,Used,,,BU32M2,,,,,,https://images.dealer.com/ddc/vehicles/2019/Volkswagen/Jetta/Sedan/trim_14T_S_9cccc9/color/Blue%20Silk%20Metallic-2B2B-28%2C84%2C105-640-en_US.jpg,,https://www.carfax.com/vehiclehistory/ar20/D39L9a-4uvZ6jwaPDvPjY24lqXu2R-8iU7Dd5J3azGIBPXrRXQ7WcE7TFUbbQQCt58ME3AcvCLrOdPxS6ngq4I1mA-xnQ0tX_LA,https://www.fordfairfield.com/used/Volkswagen/2019-Volkswagen-Jetta-42ec3937ac18398030ed32a5beedd9ed.htm
1HGCR2F84EA186396,2014,Honda,Accord,EX-L,Alabaster Silver Metallic,,0,"$16,491",,,EA186396,27/,2.4L I4 DOHC i-VTEC 16V,CVT,,Sedan,Gasoline,Used,,,,,,,,,https://images.dealer.com/ddc/vehicles/2014/Honda/Accord/Sedan/trim_EXL_a7ac5f/color/Alabaster%20Silver%20Metallic-SI-167%2C171%2C176-640-en_US.jpg,,,https://www.fordfairfield.com/used/Honda/2014-Honda-Accord-54fa7cbcac182624a36828a7c676e341.htm
4T1BF1FK5HU767428,2017,Toyota,Camry,SE,Super White,Black,0,"$17,491",,,HU767428,24/,2.5L I4 SMPI DOHC,6-Speed Automatic,,Sedan,Gasoline,Used,,,,,,,,,"https://pictures.dealer.com/f/fairfieldfairfieldfordfd/1043/6748365d51b129189b2b10f9809761f6x.jpg,https://pictures.dealer.com/f/fairfieldfairfieldfordfd/0760/06f177369ef115a7da1c80022edc4a2dx.jpg,https://pictures.dealer.com/f/fairfieldfairfieldfordfd/1215/d8a91a6021b349f7d7c06ae9d3b49ca0x.jpg,https://pictures.dealer.com/f/fairfieldfairfieldfordfd/1577/d97d5f11ff995d06fc43d3614705080cx.jpg,https://pictures.dealer.com/f/fairfieldfairfieldfordfd/0524/14b307cf7775b8c6fbc4064f88c0e4e3x.jpg,https://pictures.dealer.com/f/fairfieldfairfieldfordfd/0134/4af718fe319f1b75b26f188122b667d9x.jpg,https://pictures.dealer.com/f/fairfieldfairfieldfordfd/1982/34cc58975998ebb25007ea0cddff70cax.jpg,https://pictures.dealer.com/f/fairfieldfairfieldfordfd/0705/0484bfc3597ce4c8ef32e8c05b3a1f27x.jpg,https://pictures.dealer.com/f/fairfieldfairfieldfordfd/0574/13bef18f1d988bd2d90e534bb31c69a8x.jpg,https://pictures.dealer.com/f/fairfieldfairfieldfordfd/0835/1fa49993206e13628f516ecce1419d89x.jpg,https://pictures.dealer.com/f/fairfieldfairfieldfordfd/0737/2340b39963a66e70d3f9ef9cae8bd6f0x.jpg,https://pictures.dealer.com/f/fairfieldfairfieldfordfd/1040/949352935bbcfb8e4b94dbc28e74e242x.jpg,https://pictures.dealer.com/f/fairfieldfairfieldfordfd/0231/06e449b220156742be1ce956663186eax.jpg,https://pictures.dealer.com/f/fairfieldfairfieldfordfd/0631/f162d9aa0c5abb8fc3ff5d71e413e64ex.jpg,https://pictures.dealer.com/f/fairfieldfairfieldfordfd/1168/bacbef788fd1ff37d106f5ec72544d9ax.jpg,https://pictures.dealer.com/f/fairfieldfairfieldfordfd/0582/4b27112634c6401fd439da28e89ad8ffx.jpg,https://pictures.dealer.com/f/fairfieldfairfieldfordfd/0826/531aea1c5da1e839c88517b724e05da1x.jpg,https://pictures.dealer.com/f/fairfieldfairfieldfordfd/0734/3b76eb2549e88e7c215c93c89fe1ba34x.jpg,https://pictures.dealer.com/f/fairfieldfairfieldfordfd/1430/51e16da70e6463aaa06cd84caf51f9dcx.jpg,https://pictures.dealer.com/f/fairfieldfairfieldfordfd/0897/8f5fd94e924cbef1113780e030c04cb1x.jpg,https://pictures.dealer.com/f/fairfieldfairfieldfordfd/0667/0851164c55b37201e4ce4bd31018abedx.jpg,https://pictures.dealer.com/f/fairfieldfairfieldfordfd/0607/c56c36b8b45986cc6ad2e33a7c68d949x.jpg,https://pictures.dealer.com/f/fairfieldfairfieldfordfd/0431/7c8ec295f3eaa197ce5ef2822dfc8fb0x.jpg,https://pictures.dealer.com/f/fairfieldfairfieldfordfd/0063/a523aa0cdcb01cc8e3b016a466899173x.jpg,https://pictures.dealer.com/f/fairfieldfairfieldfordfd/1791/96ebfc3ffb85fc6d44a92724ecb6cc5bx.jpg,https://pictures.dealer.com/f/fairfieldfairfieldfordfd/0618/a35a5590fcfe0c9b2ea34856fc2839c1x.jpg,https://pictures.dealer.com/f/fairfieldfairfieldfordfd/0388/df04fa1e514f6ae6907dd14c6025dc4dx.jpg",,https://www.carfax.com/vehiclehistory/ar20/6dmEZwgpy78uAtZwrxhF7-oAP6Frryi9HR8l3W5Om9H8J0cXUYbragHmoseDx_a7PL4rb-oIEWEBjAtZRZWuFMYzyweFyeh73oM,https://www.fordfairfield.com/used/Toyota/2017-Toyota-Camry-e48c8f1fac184dd26bf9b2360131e6a5.htm
JTMWFREV0FD076773,2015,Toyota,RAV4,XLE,Silver,,0,"$17,591",,,FD076773,24/,2.5L 4-Cylinder DOHC Dual VVT-i,6-Speed Automatic,,SUV,Gasoline,Used,,,4440,,,,,,"https://pictures.dealer.com/f/fairfieldfairfieldfordfd/1861/4d11b2a2fb2ffd3cfc8dc42766239be6x.jpg,https://pictures.dealer.com/f/fairfieldfairfieldfordfd/0198/92e0afa0d692eeb120ffc5681397390cx.jpg,https://pictures.dealer.com/f/fairfieldfairfieldfordfd/1215/d8a91a6021b349f7d7c06ae9d3b49ca0x.jpg,https://pictures.dealer.com/f/fairfieldfairfieldfordfd/1867/4927e274b5817fa60e5b0d47e193d78bx.jpg,https://pictures.dealer.com/f/fairfieldfairfieldfordfd/0670/037c9a4a6b0ca9cd9cab08e4e4df8d2cx.jpg,https://pictures.dealer.com/f/fairfieldfairfieldfordfd/1472/b1ae31aeec84c9d5c27eeff1324122b7x.jpg,https://pictures.dealer.com/f/fairfieldfairfieldfordfd/0479/f4b6c93e01346fb398196cec9f590f5bx.jpg,https://pictures.dealer.com/f/fairfieldfairfieldfordfd/1482/9dca45038608f3fd0aa660ca1f05821ax.jpg,https://pictures.dealer.com/f/fairfieldfairfieldfordfd/1190/40452d8cd877fdd6c56bb662c038be27x.jpg,https://pictures.dealer.com/f/fairfieldfairfieldfordfd/0456/abb50461873d1ef00beeecda6bf54befx.jpg,https://pictures.dealer.com/f/fairfieldfairfieldfordfd/0398/9fabf85dfadc98192af85fab1719ff7dx.jpg,https://pictures.dealer.com/f/fairfieldfairfieldfordfd/1040/949352935bbcfb8e4b94dbc28e74e242x.jpg,https://pictures.dealer.com/f/fairfieldfairfieldfordfd/1223/ab9815a11acd73d9cc43e64aa30b9014x.jpg,https://pictures.dealer.com/f/fairfieldfairfieldfordfd/1007/5be9ad8d933ae8f84489d45fe8588d59x.jpg,https://pictures.dealer.com/f/fairfieldfairfieldfordfd/0227/61a23c68dae06ef0b619c165162ead75x.jpg,https://pictures.dealer.com/f/fairfieldfairfieldfordfd/0119/45ab9b50d6c8d36db4ef59b4e32b683dx.jpg,https://pictures.dealer.com/f/fairfieldfairfieldfordfd/0286/e8c1a7eeff3f5040731ad8aa978f2735x.jpg,https://pictures.dealer.com/f/fairfieldfairfieldfordfd/0580/1d5792f740ffc7f60be965bb5d2acfc5x.jpg,https://pictures.dealer.com/f/fairfieldfairfieldfordfd/1257/3c798dd36e9837680589d907114ac14ex.jpg,https://pictures.dealer.com/f/fairfieldfairfieldfordfd/0199/d1fbfc24a24a499300fec4f94159b964x.jpg,https://pictures.dealer.com/f/fairfieldfairfieldfordfd/1315/ab61dd944535cbd027739d8b8072de02x.jpg,https://pictures.dealer.com/f/fairfieldfairfieldfordfd/0252/c3ec7e2ff28318b574f3189efe322405x.jpg,https://pictures.dealer.com/f/fairfieldfairfieldfordfd/0386/ca5a604e992c879a00125a9d0824319dx.jpg,https://pictures.dealer.com/f/fairfieldfairfieldfordfd/1754/05c9e6f066125bfc0bb81f3f23350018x.jpg,https://pictures.dealer.com/f/fairfieldfairfieldfordfd/1294/e5cb2b9b3ded719da16b34bd95ad2d00x.jpg,https://pictures.dealer.com/f/fairfieldfairfieldfordfd/1595/e05eee0b17de57f5b4919c7e19371916x.jpg",,https://www.carfax.com/vehiclehistory/ar20/FcXfTGx1rOO-gn7jb9ZTQuVJw6S8MxT0gjXVOnEqhdtq5WHHNR97oTNgaKvEhaamohFVlsnJk3u34M-EoloDFULOSRqJQCt9VrM,https://www.fordfairfield.com/used/Toyota/2015-Toyota-RAV4-1ee486f9ac1819acc11d1fffcaee7087.htm
1GCRCREC7JZ157088,2018,Chevrolet,Silverado 1500,LT,Black,Jet Black,0,"$17,991",,,JZ157088,18/,5.3L EcoTec3 V8,6-Speed Automatic Electronic with Overdrive,,Truck,Gasoline,Used,,,CC15753,,,,,,https://images.dealer.com/autodata/us/large_stockphoto-color/2018/USC80CHT273D0/GBA.jpg,,https://www.carfax.com/vehiclehistory/ar20/yqsaI12kz8kw2zXEHlRKtG9g3zvUD7QutcCYCoZzaQR9FJg6JfsssrBn_7r5i8UNbJdO2GrUXLEjqkXBHE66XE0QZngKlZ7Pwjs,https://www.fordfairfield.com/used/Chevrolet/2018-Chevrolet-Silverado-1500-3dca40eeac1818a251d1105044098fdf.htm
1C4RJFBG9JC300007,2018,Jeep,Grand Cherokee,Limited,Sangria Metallic Clearcoat,Black,0,"$17,991",,,JC300007,18/,3.6L V6 24V VVT,8-Speed Automatic,,SUV,Gasoline,Used,,,WKJP74,,,,,,https://images.dealer.com/autodata/us/large_stockphoto-color/2018/USC80JES052B0/PHR.jpg,,https://www.carfax.com/vehiclehistory/ar20/L69O9XAvjL_-r0gNnnNk8371V1HAMK99ftUQ08CP9jIO5HTbvRevxW57GVbPWAs0wCySXpIdLJRTLwlQ5cpyO0rYeKk-uQovmNc,https://www.fordfairfield.com/used/Jeep/2018-Jeep-Grand-Cherokee-18130b6bac183d5c6d318c5b8f8cdcff.htm
JM1GL1UM1L1517511,2020,Mazda,Mazda6,Sport,Snowflake White Pearl Mica,Black,0,"$17,991",,,L1517511T,26/,2.5L SKYACTIVÂ®-G I4 DOHC 16V,6-Speed Automatic,,Sedan,Gasoline,Used,,,M6GSPA,,,,,,"https://pictures.dealer.com/f/fairfieldfairfieldfordfd/1965/150b099550034abcfbee669edbcb94b8x.jpg,https://pictures.dealer.com/f/fairfieldfairfieldfordfd/0974/ac4cf482836d05e1d5e4ae1b5e325b94x.jpg,https://pictures.dealer.com/f/fairfieldfairfieldfordfd/1215/d8a91a6021b349f7d7c06ae9d3b49ca0x.jpg,https://pictures.dealer.com/f/fairfieldfairfieldfordfd/0144/8224685d4e4b6772ac31e0f12c88b2c7x.jpg,https://pictures.dealer.com/f/fairfieldfairfieldfordfd/0108/280c93256dee91cd73db54c38eafbcc8x.jpg,https://pictures.dealer.com/f/fairfieldfairfieldfordfd/0939/e0c48cbb5e2bde1b887e7fc7b3153bd2x.jpg,https://pictures.dealer.com/f/fairfieldfairfieldfordfd/0628/d3824fc04ae2043b8b074dc896be203dx.jpg,https://pictures.dealer.com/f/fairfieldfairfieldfordfd/0337/40ef764ce6890bbd804d0839ca543268x.jpg,https://pictures.dealer.com/f/fairfieldfairfieldfordfd/1870/dc4fa47b3d6f11e0ceeca15ad7922cc4x.jpg,https://pictures.dealer.com/f/fairfieldfairfieldfordfd/0295/6da8d4c074664fc17b2cae94fa01bc17x.jpg,https://pictures.dealer.com/f/fairfieldfairfieldfordfd/0704/ceec3318993c99e436d63e1f54319ca5x.jpg,https://pictures.dealer.com/f/fairfieldfairfieldfordfd/1040/949352935bbcfb8e4b94dbc28e74e242x.jpg,https://pictures.dealer.com/f/fairfieldfairfieldfordfd/0834/ff96b4c89d7c9ea56f675c0cb4780350x.jpg,https://pictures.dealer.com/f/fairfieldfairfieldfordfd/1891/6adaebf1e0ef5363b08f8a9426fcb9a8x.jpg,https://pictures.dealer.com/f/fairfieldfairfieldfordfd/1337/2e29752eac3bf47e0083ec608d4bb4d3x.jpg,https://pictures.dealer.com/f/fairfieldfairfieldfordfd/0862/42dc85c8bfefd4aa5655480bf61f8809x.jpg,https://pictures.dealer.com/f/fairfieldfairfieldfordfd/1321/1462833bf42a3cd1311324d5314f43a1x.jpg,https://pictures.dealer.com/f/fairfieldfairfieldfordfd/0923/b5bc330e0fff1ce9c59120eb7d47a006x.jpg,https://pictures.dealer.com/f/fairfieldfairfieldfordfd/0599/067ab36ab0a77286f4ea2c8b18fcc0bbx.jpg,https://pictures.dealer.com/f/fairfieldfairfieldfordfd/1412/46587219676e8e5da13f263a28ade7fax.jpg,https://pictures.dealer.com/f/fairfieldfairfieldfordfd/1076/bd7bcd60ceb397f429a12b92c44197a6x.jpg,https://pictures.dealer.com/f/fairfieldfairfieldfordfd/0539/1b871af756ff812e7b38502f546a9453x.jpg,https://pictures.dealer.com/f/fairfieldfairfieldfordfd/1926/3fda7ba2080f0bdcfb8e9f5b38b32ddax.jpg,https://pictures.dealer.com/f/fairfieldfairfieldfordfd/1342/b152d464eaac1724ac0bdcfc1e1f7810x.jpg,https://pictures.dealer.com/f/fairfieldfairfieldfordfd/1843/87584d14200d78fe0b01d774be99a9f7x.jpg,https://pictures.dealer.com/f/fairfieldfairfieldfordfd/1181/300265064d03cd346f868bb20e301fe9x.jpg,https://pictures.dealer.com/f/fairfieldfairfieldfordfd/0512/c007c56a4de22b4914f19c911a12cfedx.jpg,https://pictures.dealer.com/f/fairfieldfairfieldfordfd/0692/6fea0d37511425edd2736a682c0b13d8x.jpg",,https://www.carfax.com/vehiclehistory/ar20/MfsRMMzX-OdSUoaMIYTzwRqr7CxdVUFsaHVA_T4gbCVqBpBC1rk_uQf2x8a_KzZTPOhPnvTbhHeXjUoJ0Dbth7Xb5HH6Frm4u2c,https://www.fordfairfield.com/used/Mazda/2020-Mazda-Mazda6-ff1dd19fac184dd26bf9b2361727328f.htm
5N1AZ2MG7JN171065,2018,Nissan,Murano,Platinum,Pearl White,Cashmere,0,"$17,991",,,JN171065T,21/,3.5L V6 DOHC 24V,CVT with Xtronic,,SUV,Gasoline,Used,,,23718,,,,,,"https://pictures.dealer.com/f/fairfieldfairfieldfordfd/0487/ac61d8058e383fb82fae5fa6c86f1721x.jpg,https://pictures.dealer.com/f/fairfieldfairfieldfordfd/0196/699bf27988e3eda816574fd83be4d31ax.jpg,https://pictures.dealer.com/f/fairfieldfairfieldfordfd/1215/d8a91a6021b349f7d7c06ae9d3b49ca0x.jpg,https://pictures.dealer.com/f/fairfieldfairfieldfordfd/1755/20445d88246980037934b0ec1eaa4e3fx.jpg,https://pictures.dealer.com/f/fairfieldfairfieldfordfd/1166/3b0d8caf520f5e2aec8860d42b35112dx.jpg,https://pictures.dealer.com/f/fairfieldfairfieldfordfd/0224/7d067c305997b20cdb7a73089d07813ax.jpg,https://pictures.dealer.com/f/fairfieldfairfieldfordfd/1929/02ff378d258dfc2431f69855ea02c33ax.jpg,https://pictures.dealer.com/f/fairfieldfairfieldfordfd/0283/0f1c1bbb9d2c2d771ee866d172595385x.jpg,https://pictures.dealer.com/f/fairfieldfairfieldfordfd/1744/7eced81e44c75fe523b0d17168aac745x.jpg,https://pictures.dealer.com/f/fairfieldfairfieldfordfd/1342/33df8f2dfe51f1469c2236af50950297x.jpg,https://pictures.dealer.com/f/fairfieldfairfieldfordfd/1851/aec60e6f7da5b7be7c8f4bf2db6b6714x.jpg,https://pictures.dealer.com/f/fairfieldfairfieldfordfd/1040/949352935bbcfb8e4b94dbc28e74e242x.jpg,https://pictures.dealer.com/f/fairfieldfairfieldfordfd/0570/58e85b2c0f1b967c97693143222a5732x.jpg,https://pictures.dealer.com/f/fairfieldfairfieldfordfd/0226/039bc92fab38c9eacc753116ae243b9cx.jpg,https://pictures.dealer.com/f/fairfieldfairfieldfordfd/1026/db1e7f24c1e719d4ccba2440d7b09ce8x.jpg,https://pictures.dealer.com/f/fairfieldfairfieldfordfd/1924/d0d051acd880f5c593869ab6bdf610d9x.jpg,https://pictures.dealer.com/f/fairfieldfairfieldfordfd/1424/9d4acac9539d8acb33bd86fb1d0b3389x.jpg,https://pictures.dealer.com/f/fairfieldfairfieldfordfd/1192/62dc6140d120f4a582db745ffc536374x.jpg,https://pictures.dealer.com/f/fairfieldfairfieldfordfd/1512/38f476962754114d96c3e3b29350a862x.jpg,https://pictures.dealer.com/f/fairfieldfairfieldfordfd/1022/df0eccaaf78c5c908392cba0fe728aa2x.jpg,https://pictures.dealer.com/f/fairfieldfairfieldfordfd/1233/802c3eb2aa21d965c57644b2b4163458x.jpg,https://pictures.dealer.com/f/fairfieldfairfieldfordfd/1271/e842afa827e9e7f0ed60ee8619e4a9cbx.jpg,https://pictures.dealer.com/f/fairfieldfairfieldfordfd/0644/3e247dcb8622523a8c58c3a335d6436ex.jpg,https://pictures.dealer.com/f/fairfieldfairfieldfordfd/1511/97e7622d93d1175953aebffb78f375a3x.jpg,https://pictures.dealer.com/f/fairfieldfairfieldfordfd/1386/dd55f82570fe9a27a24d8924df89b36ax.jpg,https://pictures.dealer.com/f/fairfieldfairfieldfordfd/0975/92729eccf4078da06ac6b1420b4bb0ebx.jpg,https://pictures.dealer.com/f/fairfieldfairfieldfordfd/0364/2cee537cdb9fdd42eda36c75ffd8a626x.jpg,https://pictures.dealer.com/f/fairfieldfairfieldfordfd/0977/7254c8be48041698002db04f886100e8x.jpg,https://pictures.dealer.com/f/fairfieldfairfieldfordfd/1701/0fc2da3b4642024a36891a7a5dec9198x.jpg,https://pictures.dealer.com/f/fairfieldfairfieldfordfd/0254/d1bbea9614bff12a37b5d7b46e4ef3a5x.jpg,https://pictures.dealer.com/f/fairfieldfairfieldfordfd/1783/6323bfc4ce2a4d3e0a120fc99508d65fx.jpg",,https://www.carfax.com/vehiclehistory/ar20/SDF_cahOJtVEc7XPg033IifYft_HFZVZ7WrEKiaM1CtuiQ3BPj3rolAS8kinBh7-WNPvUBlR9AKW5fyKgLT2yUoGncncf3qd464,https://www.fordfairfield.com/used/Nissan/2018-Nissan-Murano-e48c972eac180ccb907a2ab0b9072a40.htm
5N1DL0MN1KC553235,2019,INFINITI,QX60,Luxe,Black Obsidian,Stone,0,"$17,994",,,KC553235,20/,3.5L V6,CVT,,SUV,Gasoline,Used,,,84719,,,,,,"https://pictures.dealer.com/f/fairfieldfairfieldfordfd/0344/b6bbbb0f04fc6032c4e3c07b097c8afbx.jpg,https://pictures.dealer.com/f/fairfieldfairfieldfordfd/0741/7ffef199618130a66c1bd5718e1bc5cax.jpg,https://pictures.dealer.com/f/fairfieldfairfieldfordfd/1215/d8a91a6021b349f7d7c06ae9d3b49ca0x.jpg,https://pictures.dealer.com/f/fairfieldfairfieldfordfd/1519/1bde6b0e03e622382f673a412f05f54bx.jpg,https://pictures.dealer.com/f/fairfieldfairfieldfordfd/0456/9cb4aa169b9c3ae474ac643848514dd1x.jpg,https://pictures.dealer.com/f/fairfieldfairfieldfordfd/1775/2c89e47a473fa44fac6fd487270fd446x.jpg,https://pictures.dealer.com/f/fairfieldfairfieldfordfd/0451/a5b476a33fc8e29be0f918a60d657cb3x.jpg,https://pictures.dealer.com/f/fairfieldfairfieldfordfd/1360/ab1228c468f01e10e22665017ebb51ccx.jpg,https://pictures.dealer.com/f/fairfieldfairfieldfordfd/0106/579f0ef29064c8396fe6a8ffdd0df73dx.jpg,https://pictures.dealer.com/f/fairfieldfairfieldfordfd/1684/a1565836258e85c4dd9cc982b37ae6adx.jpg,https://pictures.dealer.com/f/fairfieldfairfieldfordfd/0627/ad983be2a3a705ab5f0bf8f6d503bb44x.jpg,https://pictures.dealer.com/f/fairfieldfairfieldfordfd/1040/949352935bbcfb8e4b94dbc28e74e242x.jpg,https://pictures.dealer.com/f/fairfieldfairfieldfordfd/0057/6fe85907b893af4b8cfb49db65fa64adx.jpg,https://pictures.dealer.com/f/fairfieldfairfieldfordfd/0464/5fec7f18534f8e234505b5a1a5354c4ax.jpg,https://pictures.dealer.com/f/fairfieldfairfieldfordfd/1556/a0a15a597c490fd346ee9bc12725e83fx.jpg,https://pictures.dealer.com/f/fairfieldfairfieldfordfd/1958/763cb0399636ee9367095e5d8c705bc0x.jpg,https://pictures.dealer.com/f/fairfieldfairfieldfordfd/0116/163662aa365e777fefccf217f87513a2x.jpg,https://pictures.dealer.com/f/fairfieldfairfieldfordfd/1273/f875fb82129ce66d1578f6e186dec09ex.jpg,https://pictures.dealer.com/f/fairfieldfairfieldfordfd/1971/30f22f91425a7661bccd1a1471ff28a0x.jpg,https://pictures.dealer.com/f/fairfieldfairfieldfordfd/0792/7456df594ff8fb57eb7436316347d0fbx.jpg,https://pictures.dealer.com/f/fairfieldfairfieldfordfd/0595/a1abc0f8c8375fc3f41d3711dd45494ex.jpg,https://pictures.dealer.com/f/fairfieldfairfieldfordfd/0680/dc3c7d406ff54d973d291997025e8698x.jpg,https://pictures.dealer.com/f/fairfieldfairfieldfordfd/1246/7a15eb9539c8cf9a70e9a99ca5d52f15x.jpg,https://pictures.dealer.com/f/fairfieldfairfieldfordfd/0956/6f869c15eba47f1956e1234f477cc377x.jpg,https://pictures.dealer.com/f/fairfieldfairfieldfordfd/0763/edbd1e18206522b35e0cf45a14584a5fx.jpg,https://pictures.dealer.com/f/fairfieldfairfieldfordfd/1846/177b677fd4e1e6781e5bf48cb3d7aeedx.jpg,https://pictures.dealer.com/f/fairfieldfairfieldfordfd/1341/b4e672a4313b1a52c66ba0036faaf9bfx.jpg,https://pictures.dealer.com/f/fairfieldfairfieldfordfd/1957/16491672236caf84d9d90b65565f786dx.jpg,https://pictures.dealer.com/f/fairfieldfairfieldfordfd/0068/83b50925f11dacc9605fe0c342c9529ax.jpg,https://pictures.dealer.com/f/fairfieldfairfieldfordfd/1913/7037b90d808ecc8be7771ba91451f32ax.jpg,https://pictures.dealer.com/f/fairfieldfairfieldfordfd/0165/cef6fb623d69238e2c5da97ca3a481e4x.jpg,https://pictures.dealer.com/f/fairfieldfairfieldfordfd/1779/5acf809f0acc38e3bcc26adb982668b4x.jpg",,https://www.carfax.com/vehiclehistory/ar20/GiiWq-_EiyDiSDpnk-ngZxd5fVfrmqlIYVWWRrlFq9ddHHeeqIqE0PvIf5V4n95GpkzYAajyjfXtgJ3exzZNqzmC5u15SqpABwk,https://www.fordfairfield.com/used/INFINITI/2019-INFINITI-QX60-5983778fac184a00ccd5d71bb18a3f46.htm
WAUTNAF56JA001962,2018,Audi,A5,2.0T Premium Plus,Black Metallic,Black,0,"$18,594",,,JA001962,24/,2L 4-Cylinder TFSI,7-Speed Automatic S tronic,,Coupe,Gasoline,Used,,,F535NY,,,,,,"https://pictures.dealer.com/f/fairfieldfairfieldfordfd/1160/02e66ccd08ad046a175a524e6242f521x.jpg,https://pictures.dealer.com/f/fairfieldfairfieldfordfd/0449/551ea8b60a2af066e3f439140d33b2b5x.jpg,https://pictures.dealer.com/f/fairfieldfairfieldfordfd/1985/d8a91a6021b349f7d7c06ae9d3b49ca0x.jpg,https://pictures.dealer.com/f/fairfieldfairfieldfordfd/1872/4ef94a4ef03294864a187e43fa983f14x.jpg,https://pictures.dealer.com/f/fairfieldfairfieldfordfd/1892/3f144f1b2447d1052d9718b624cd7623x.jpg,https://pictures.dealer.com/f/fairfieldfairfieldfordfd/1186/55c5adb4186159988b314b19fb121a55x.jpg,https://pictures.dealer.com/f/fairfieldfairfieldfordfd/0207/13c758bd27c5ff23c202f50ee523f78ax.jpg,https://pictures.dealer.com/f/fairfieldfairfieldfordfd/0920/b777b8486197b33e2ad2b13aafd87251x.jpg,https://pictures.dealer.com/f/fairfieldfairfieldfordfd/1457/f5dfc50c3e17c1e435cfe9e4c99855ebx.jpg,https://pictures.dealer.com/f/fairfieldfairfieldfordfd/1770/7cad95f8ea02cbb0383716a48e7af00dx.jpg,https://pictures.dealer.com/f/fairfieldfairfieldfordfd/1991/177393a1dd0c075cae5ba1499d84f664x.jpg,https://pictures.dealer.com/f/fairfieldfairfieldfordfd/1613/949352935bbcfb8e4b94dbc28e74e242x.jpg,https://pictures.dealer.com/f/fairfieldfairfieldfordfd/0122/fd0732e83577ba2bded9f1cdf37069a7x.jpg,https://pictures.dealer.com/f/fairfieldfairfieldfordfd/0862/2222983c1fa9c5dc4a00e64a4b9c8e67x.jpg,https://pictures.dealer.com/f/fairfieldfairfieldfordfd/0073/b808dea53bb4bad280f2ee7d2c3a0eb5x.jpg,https://pictures.dealer.com/f/fairfieldfairfieldfordfd/1178/079a5ca1375f7105785075bf7549f4cdx.jpg,https://pictures.dealer.com/f/fairfieldfairfieldfordfd/1999/96d238b64f15fdbb3b8d0ab336f4b43bx.jpg,https://pictures.dealer.com/f/fairfieldfairfieldfordfd/0506/2b3d3ab1acf8646e44bbeb091e0460d2x.jpg,https://pictures.dealer.com/f/fairfieldfairfieldfordfd/0935/80ecde4fdd5e615eb4bfe7d37eafb514x.jpg,https://pictures.dealer.com/f/fairfieldfairfieldfordfd/1206/f667a16b0f22af385f79899b659b0367x.jpg,https://pictures.dealer.com/f/fairfieldfairfieldfordfd/0960/2356f799290be7e83168bfcfef0324edx.jpg,https://pictures.dealer.com/f/fairfieldfairfieldfordfd/0508/e5be81304cb29476bfbf2b7619f0277dx.jpg,https://pictures.dealer.com/f/fairfieldfairfieldfordfd/0929/9ab46eeed0fabc6a225479f5acdf339dx.jpg,https://pictures.dealer.com/f/fairfieldfairfieldfordfd/1525/d636e9167101a3da1c4f801d8ae4978ex.jpg,https://pictures.dealer.com/f/fairfieldfairfieldfordfd/1117/d5751afbf3df1005d2332b69c166e682x.jpg,https://pictures.dealer.com/f/fairfieldfairfieldfordfd/1126/efd82e25b75282b7704bb6dd87b490ebx.jpg,https://pictures.dealer.com/f/fairfieldfairfieldfordfd/1401/8235c247894d7ccb63577609f149c51ex.jpg,https://pictures.dealer.com/f/fairfieldfairfieldfordfd/1905/6ee103caa0e592d43e24a6c8266194c8x.jpg,https://pictures.dealer.com/f/fairfieldfairfieldfordfd/1714/14dbfeb71ba18cacf9f17ed67727d7bfx.jpg,https://pictures.dealer.com/f/fairfieldfairfieldfordfd/1601/c504a866b446b1fd384eee9454f78892x.jpg",,https://www.carfax.com/vehiclehistory/ar20/XaMssEg7M7QURUDCTlrhAmINcjp4heT4ccgJ2LUtESHKJ84AbiEevlM7_PAGUFRqzNEjJZbhy2uN9dWNwdpHtKGZTVNwAIER4M0,https://www.fordfairfield.com/used/Audi/2018-Audi-A5-40928acfac181ac0c35c016664613741.htm
1HGCV1F10LA093722,2020,Honda,Accord,LX,White,Gray,0,"$19,092",,,LA093722,30/,1.5L 1.5T I4 DOHC 16V Turbocharged VTEC,CVT,,Sedan,Gasoline,Used,,,CV1F1LEW,,,,,,"https://pictures.dealer.com/f/fairfieldfairfieldfordfd/1229/c2b4d9d87481fc496207a7394f05a617x.jpg,https://pictures.dealer.com/f/fairfieldfairfieldfordfd/0541/403c47b973bf414f570073b4658ea828x.jpg,https://pictures.dealer.com/f/fairfieldfairfieldfordfd/1215/d8a91a6021b349f7d7c06ae9d3b49ca0x.jpg,https://pictures.dealer.com/f/fairfieldfairfieldfordfd/0471/b6249dbe3291ba0b2a74d036576ad64dx.jpg,https://pictures.dealer.com/f/fairfieldfairfieldfordfd/0837/52dfb7ee91a30cb66349b3f448d09be7x.jpg,https://pictures.dealer.com/f/fairfieldfairfieldfordfd/1380/1862efda5890edcba4366f7aff03dfecx.jpg,https://pictures.dealer.com/f/fairfieldfairfieldfordfd/1985/412e4c9bd197992b87635f35b5b85c04x.jpg,https://pictures.dealer.com/f/fairfieldfairfieldfordfd/1106/e1594d6943c91249ce64b8f21c93a9f2x.jpg,https://pictures.dealer.com/f/fairfieldfairfieldfordfd/0283/618d6243c03437ff5bdbec375633c713x.jpg,https://pictures.dealer.com/f/fairfieldfairfieldfordfd/1166/f107a84ccd40c6b373d9dbb5c0bf6655x.jpg,https://pictures.dealer.com/f/fairfieldfairfieldfordfd/1932/47d8d423484c7a5c47765a995622bf48x.jpg,https://pictures.dealer.com/f/fairfieldfairfieldfordfd/1040/949352935bbcfb8e4b94dbc28e74e242x.jpg,https://pictures.dealer.com/f/fairfieldfairfieldfordfd/0602/615da0d1513d3bdb58ba583e57912f77x.jpg,https://pictures.dealer.com/f/fairfieldfairfieldfordfd/1573/40d545cc36cb2fafe638a6a7456a6f34x.jpg,https://pictures.dealer.com/f/fairfieldfairfieldfordfd/1561/192142e4779677fc95deb38be18227e0x.jpg,https://pictures.dealer.com/f/fairfieldfairfieldfordfd/0818/66731f8658f11514f66d106b19ee5598x.jpg,https://pictures.dealer.com/f/fairfieldfairfieldfordfd/1597/96750cb7cef84f6870db698673cf5340x.jpg,https://pictures.dealer.com/f/fairfieldfairfieldfordfd/1672/832afb79e5a87798942edf024f5b44f3x.jpg,https://pictures.dealer.com/f/fairfieldfairfieldfordfd/0545/f21ccae14520f6dfdabfe883c47d6dcax.jpg,https://pictures.dealer.com/f/fairfieldfairfieldfordfd/0136/3518413c5aa3ae14b319f30c50371232x.jpg,https://pictures.dealer.com/f/fairfieldfairfieldfordfd/0094/b8f033f1010db604328fb0e5af8cb118x.jpg,https://pictures.dealer.com/f/fairfieldfairfieldfordfd/0053/f0fcb235fb286004c809139042a3289dx.jpg,https://pictures.dealer.com/f/fairfieldfairfieldfordfd/1592/061f9a4ad5066825a83d0128127d303ax.jpg,https://pictures.dealer.com/f/fairfieldfairfieldfordfd/1223/6d4c7d1ebf69c0a8237bc1639d6aa2c7x.jpg,https://pictures.dealer.com/f/fairfieldfairfieldfordfd/1150/f61669304cfb8a4fa1956d56085654e1x.jpg,https://pictures.dealer.com/f/fairfieldfairfieldfordfd/0827/576523afc89a962e9bf2332f77e304dcx.jpg,https://pictures.dealer.com/f/fairfieldfairfieldfordfd/0391/36990312dbbe4ff2435cada88b223d24x.jpg,https://pictures.dealer.com/f/fairfieldfairfieldfordfd/0733/78a5868780e4cc16820d09ce95286e15x.jpg",,https://www.carfax.com/vehiclehistory/ar20/9Q_fDpbuoWWlLYMTnd2OTUARroJxZpp1HEdJGT2E5P_khEl6cYuBybpwfViecvHovslcqTm-gCfH68kGviRmewUYS95uqWx6j1c,https://www.fordfairfield.com/used/Honda/2020-Honda-Accord-d511bfa8ac180ccb907a2ab021807c35.htm
JHLRW2H59KX018558,2019,Honda,CR-V,EX,Lunar Silver Metallic,Black,0,"$19,494",,,KX018558,27/,1.5L I4 DOHC 16V,CVT,,SUV,Gasoline,Used,,,RW2H5KJW,,,,,,"https://pictures.dealer.com/f/fairfieldfairfieldfordfd/0908/1dd56bcd571db066a1357bb75e285618x.jpg,https://pictures.dealer.com/f/fairfieldfairfieldfordfd/0088/b4b6251ba38a93db15712761dbf5e7f6x.jpg,https://pictures.dealer.com/f/fairfieldfairfieldfordfd/1215/d8a91a6021b349f7d7c06ae9d3b49ca0x.jpg,https://pictures.dealer.com/f/fairfieldfairfieldfordfd/1732/af25db6f3f297aa11ea9c56bf143d053x.jpg,https://pictures.dealer.com/f/fairfieldfairfieldfordfd/0353/c11f2d011fd4964bf67a33949b0985d0x.jpg,https://pictures.dealer.com/f/fairfieldfairfieldfordfd/1499/ce50dfeff881cb08971780957af51041x.jpg,https://pictures.dealer.com/f/fairfieldfairfieldfordfd/0823/62b41b1f2fe56eac15a475eae9ad6e80x.jpg,https://pictures.dealer.com/f/fairfieldfairfieldfordfd/0157/48f0b86d699b12296c8b35230e34cb2bx.jpg,https://pictures.dealer.com/f/fairfieldfairfieldfordfd/1713/c507eb12ffb3feeeb18de5f8f759b965x.jpg,https://pictures.dealer.com/f/fairfieldfairfieldfordfd/0469/0668b03e4e8fd06a9fed30ee66d1f6d2x.jpg,https://pictures.dealer.com/f/fairfieldfairfieldfordfd/1087/38f92127c7a33d500945098b8ab57e57x.jpg,https://pictures.dealer.com/f/fairfieldfairfieldfordfd/1040/949352935bbcfb8e4b94dbc28e74e242x.jpg,https://pictures.dealer.com/f/fairfieldfairfieldfordfd/1615/40490ecf5de03c5d4fd523393953df09x.jpg,https://pictures.dealer.com/f/fairfieldfairfieldfordfd/0983/57b00cb34254229256a5d140527500adx.jpg,https://pictures.dealer.com/f/fairfieldfairfieldfordfd/0008/3008457d04ef0b340704868083221a30x.jpg,https://pictures.dealer.com/f/fairfieldfairfieldfordfd/0004/df384e069020c808fca1c1522b746f57x.jpg,https://pictures.dealer.com/f/fairfieldfairfieldfordfd/0125/2b3215177de1a2d4ed534776774508f5x.jpg,https://pictures.dealer.com/f/fairfieldfairfieldfordfd/1102/e1a1f64debe011fd287800d5997c3590x.jpg,https://pictures.dealer.com/f/fairfieldfairfieldfordfd/1806/cebc5b1b9cd966ece50e320c35efaabfx.jpg,https://pictures.dealer.com/f/fairfieldfairfieldfordfd/1266/8476dd553fde2f944b80f1c9980c848bx.jpg,https://pictures.dealer.com/f/fairfieldfairfieldfordfd/0531/9c84b141a45f9584ad47f9b895e2d334x.jpg,https://pictures.dealer.com/f/fairfieldfairfieldfordfd/1393/48775bb4ca0a3227995d311fbf81f3d3x.jpg,https://pictures.dealer.com/f/fairfieldfairfieldfordfd/0931/49d1c08969c6722d22bd718f7a44a68bx.jpg,https://pictures.dealer.com/f/fairfieldfairfieldfordfd/1437/fe99cc3c90092605820f7516a3e22dd2x.jpg,https://pictures.dealer.com/f/fairfieldfairfieldfordfd/0855/bdcd07b675f716515569306db0dd7712x.jpg,https://pictures.dealer.com/f/fairfieldfairfieldfordfd/0134/8c0985e77a374dbfe9da7f1e2b4c53f3x.jpg,https://pictures.dealer.com/f/fairfieldfairfieldfordfd/1822/1f79f230474ebd48a022c9645d3a20a8x.jpg,https://pictures.dealer.com/f/fairfieldfairfieldfordfd/1200/63392c353508bc1a28a20570ce4d2e4bx.jpg",,https://www.carfax.com/vehiclehistory/ar20/C_KB77GtH4BR0EuvPXKIc7YzCc86kBeec8F4-O5Mj4avIWBdAEbxAeHh8hPGUsCS79MFC_T8L3xAcEmNK0LHacEQNsMP_W5FG6M,https://www.fordfairfield.com/used/Honda/2019-Honda-CR-V-658552cdac1830a049f43d7f980cad2a.htm
5FNYF6H52JB027238,2018,Honda,Pilot,EX-L,Blue,Beige,0,"$19,494",,,JB027238,18/,3.5L V6 24V SOHC i-VTEC,6-Speed Automatic,,SUV,Gasoline,Used,,,YF6H5JJNW,,,,,,"https://pictures.dealer.com/f/fairfieldfairfieldfordfd/0456/3da157d2b6aa683a4f1ae8a9d94a3a96x.jpg,https://pictures.dealer.com/f/fairfieldfairfieldfordfd/0707/141795a9eec96ff5774dcb9d8231a268x.jpg,https://pictures.dealer.com/f/fairfieldfairfieldfordfd/1985/d8a91a6021b349f7d7c06ae9d3b49ca0x.jpg,https://pictures.dealer.com/f/fairfieldfairfieldfordfd/1641/a3804192465de0a54b4db18263a42a5ax.jpg,https://pictures.dealer.com/f/fairfieldfairfieldfordfd/0445/c390cba087e53820b71ef5ef5881ebbcx.jpg,https://pictures.dealer.com/f/fairfieldfairfieldfordfd/1600/39ae6a99497c66bf20c3dc59260b479dx.jpg,https://pictures.dealer.com/f/fairfieldfairfieldfordfd/1406/a178c58911db87b634be3bed619330dbx.jpg,https://pictures.dealer.com/f/fairfieldfairfieldfordfd/0332/e3d27d52ab0250e251e796dce2e264a5x.jpg,https://pictures.dealer.com/f/fairfieldfairfieldfordfd/1020/da03ae7a6dce9a9915d20dda88e5ba77x.jpg,https://pictures.dealer.com/f/fairfieldfairfieldfordfd/1309/fe036883f6bfc516168afd149e0742ccx.jpg,https://pictures.dealer.com/f/fairfieldfairfieldfordfd/0209/df7fe2524b43e7c30c5f9f8468c95251x.jpg,https://pictures.dealer.com/f/fairfieldfairfieldfordfd/1613/949352935bbcfb8e4b94dbc28e74e242x.jpg,https://pictures.dealer.com/f/fairfieldfairfieldfordfd/0800/90edc131b5ec09c475628b8486e577a5x.jpg,https://pictures.dealer.com/f/fairfieldfairfieldfordfd/1794/76f0c8d24df6a66747e43960bd6a72c3x.jpg,https://pictures.dealer.com/f/fairfieldfairfieldfordfd/1241/a5020a301769dab9a748257ac15b4296x.jpg,https://pictures.dealer.com/f/fairfieldfairfieldfordfd/0564/12ed91821c2a8df95e147a1a0a2ebdd0x.jpg,https://pictures.dealer.com/f/fairfieldfairfieldfordfd/0065/6e54e1885608913ba876ad8ea5d67ef4x.jpg,https://pictures.dealer.com/f/fairfieldfairfieldfordfd/1543/042d5b7d66e4329c4cc0fd34641209bdx.jpg,https://pictures.dealer.com/f/fairfieldfairfieldfordfd/0086/31ea91f206d7d572024f5e2056e31945x.jpg,https://pictures.dealer.com/f/fairfieldfairfieldfordfd/1180/2cea5705fa26d99b19d1a4bf9311f7b8x.jpg,https://pictures.dealer.com/f/fairfieldfairfieldfordfd/0826/b1b2e269ebb33009e5103b30a5a42020x.jpg,https://pictures.dealer.com/f/fairfieldfairfieldfordfd/0540/f7717f78c4ab5db04e956b271e3a893ax.jpg,https://pictures.dealer.com/f/fairfieldfairfieldfordfd/0283/9e90b3a2a842a5548e32e4272f03c460x.jpg,https://pictures.dealer.com/f/fairfieldfairfieldfordfd/0007/11405362251f4d56ff7ed3834220341ex.jpg,https://pictures.dealer.com/f/fairfieldfairfieldfordfd/0635/412429b8c58fc4eb9ef4d9b46010d8b1x.jpg,https://pictures.dealer.com/f/fairfieldfairfieldfordfd/0085/3c7ca008e19021ac8602c0fbb854820bx.jpg,https://pictures.dealer.com/f/fairfieldfairfieldfordfd/0392/d6852351492088713b0a3d1316952ab6x.jpg,https://pictures.dealer.com/f/fairfieldfairfieldfordfd/1054/2d975c1c59cb37ee5039798ded973281x.jpg,https://pictures.dealer.com/f/fairfieldfairfieldfordfd/1217/58f53732872f6936564c7ab8ef9b2b68x.jpg,https://pictures.dealer.com/f/fairfieldfairfieldfordfd/1765/f108ea5f458ea7aebf1836c1eefb710cx.jpg,https://pictures.dealer.com/f/fairfieldfairfieldfordfd/1308/3b051612f4b0e2aa5a49e83ff264d6c5x.jpg",,https://www.carfax.com/vehiclehistory/ar20/MwCx4cSdb2vUw7XanMT8C7hXG9mPOAkOOoyVApRyE6mYL2b2rF-m1oaVIgBtO4OxAKlsySNcVc1GGp7bNk0o8-cvYJqQpBKnx9U,https://www.fordfairfield.com/used/Honda/2018-Honda-Pilot-62ed19f4ac181e5fc742f94f20650665.htm
JHMZC5F34JC010123,2018,Honda,Clarity Plug-In Hybrid,Touring,White,Beige,0,"$19,793",,,JC010123,,1.5L I4,CVT,,Sedan,Hybrid,Used,,,ZC5F3JGW,,,,,,"https://pictures.dealer.com/f/fairfieldfairfieldfordfd/1844/7a86c0e4eed6aeb090c4563dbac7e500x.jpg,https://pictures.dealer.com/f/fairfieldfairfieldfordfd/0601/4e640144ee00e3e91f3a81f0c0967b93x.jpg,https://pictures.dealer.com/f/fairfieldfairfieldfordfd/1215/d8a91a6021b349f7d7c06ae9d3b49ca0x.jpg,https://pictures.dealer.com/f/fairfieldfairfieldfordfd/0427/44c4bfa45c81121286c7c9f8ca1d2756x.jpg,https://pictures.dealer.com/f/fairfieldfairfieldfordfd/1017/8a31740e99f0ba9cd12e1495a6d3c41cx.jpg,https://pictures.dealer.com/f/fairfieldfairfieldfordfd/0593/14b9f266b49f2e952cceba2772aaccb7x.jpg,https://pictures.dealer.com/f/fairfieldfairfieldfordfd/1496/8583763c6dc737080b0f4dbba04b6656x.jpg,https://pictures.dealer.com/f/fairfieldfairfieldfordfd/1786/22245780a2f584f6141db263eca4a04fx.jpg,https://pictures.dealer.com/f/fairfieldfairfieldfordfd/1024/ebc036333af977b9e6a032f69a418675x.jpg,https://pictures.dealer.com/f/fairfieldfairfieldfordfd/1737/168434350608e52ae6575842cd66c32cx.jpg,https://pictures.dealer.com/f/fairfieldfairfieldfordfd/0781/96ff27c5beb466ba7934e9a232853700x.jpg,https://pictures.dealer.com/f/fairfieldfairfieldfordfd/1040/949352935bbcfb8e4b94dbc28e74e242x.jpg,https://pictures.dealer.com/f/fairfieldfairfieldfordfd/1300/9436bdbdd9397b9aa7167dd173b5af9cx.jpg,https://pictures.dealer.com/f/fairfieldfairfieldfordfd/0551/fe48ede9ee4108a47d8df72f0b064d7ax.jpg,https://pictures.dealer.com/f/fairfieldfairfieldfordfd/1571/5305b8ea0139dabd512b13cfe9eac66bx.jpg,https://pictures.dealer.com/f/fairfieldfairfieldfordfd/0402/23a273765f5159cc0501877f65f0f8f1x.jpg,https://pictures.dealer.com/f/fairfieldfairfieldfordfd/1759/2d1a339675fc69f5f7a3e6beba58b61ex.jpg,https://pictures.dealer.com/f/fairfieldfairfieldfordfd/0086/9f78ab2d96f613237174df6b533b782ax.jpg,https://pictures.dealer.com/f/fairfieldfairfieldfordfd/1506/e6f2896e1c104aa55985e680bfb65a88x.jpg,https://pictures.dealer.com/f/fairfieldfairfieldfordfd/1172/9d44bc2f6539d688337e0f3901632d5cx.jpg,https://pictures.dealer.com/f/fairfieldfairfieldfordfd/1154/7418c69d51c19d289767ee69dcce6965x.jpg,https://pictures.dealer.com/f/fairfieldfairfieldfordfd/1776/5606264014d15a1d03535a27b88c3ff1x.jpg,https://pictures.dealer.com/f/fairfieldfairfieldfordfd/0035/7c0d2e44475994c94f2b616b00cfa76ex.jpg,https://pictures.dealer.com/f/fairfieldfairfieldfordfd/0038/967603bc17bfc10b91c456bf25e9b40fx.jpg,https://pictures.dealer.com/f/fairfieldfairfieldfordfd/0100/51c1c45bf676f92bdf4fcc6e0438aae5x.jpg,https://pictures.dealer.com/f/fairfieldfairfieldfordfd/1311/eeff6511a01f954a7bf2627649dab4d3x.jpg,https://pictures.dealer.com/f/fairfieldfairfieldfordfd/1327/1603e6eed34a3a67621811a54bb55dfax.jpg,https://pictures.dealer.com/f/fairfieldfairfieldfordfd/0969/b2a425a0ba0263458389c263bc43b737x.jpg",,https://www.carfax.com/vehiclehistory/ar20/e-VGKfKZ9lcNMEA4BJ5xKYGcwEKoz1TC4oTfhf-8DuWrns4M344bckpIHLBM_DVAsjqsF3Qj7rfgOiqbPF9PtMyLfNMZw8_pmkw,https://www.fordfairfield.com/used/Honda/2018-Honda-Clarity-Plug-In-Hybrid-9e24f1a6ac180ad01190f1dd5cae15c9.htm
19XZE4F92LE004830,2020,Honda,Insight,Touring,Blue,Black,0,"$20,991",,,LE004830,,1.5L I4 SMPI DOHC 16V LEV3-SULEV30,CVT,,Sedan,Gasoline,Used,,,ZE4F9LKNW,,,,,,"https://pictures.dealer.com/f/fairfieldfairfieldfordfd/0261/55ad8a3ce3a40de72103f898e1bc9f11x.jpg,https://pictures.dealer.com/f/fairfieldfairfieldfordfd/0101/c6642c0248f247fa84b6e485e6ce2448x.jpg,https://pictures.dealer.com/f/fairfieldfairfieldfordfd/1215/d8a91a6021b349f7d7c06ae9d3b49ca0x.jpg,https://pictures.dealer.com/f/fairfieldfairfieldfordfd/0052/c911a9c17b1bc330faceb8696040fd20x.jpg,https://pictures.dealer.com/f/fairfieldfairfieldfordfd/1759/30f9b034e81701ad80b4c0423c7c8f5ex.jpg,https://pictures.dealer.com/f/fairfieldfairfieldfordfd/1411/f84d348cf067d95b7c9e52b094f45fb1x.jpg,https://pictures.dealer.com/f/fairfieldfairfieldfordfd/0213/ec351d1327cf8446539984523a23b8a1x.jpg,https://pictures.dealer.com/f/fairfieldfairfieldfordfd/1799/90c75ad989fc79b0c33c4254e9ac6fa3x.jpg,https://pictures.dealer.com/f/fairfieldfairfieldfordfd/1217/8bab450be019c7d6f4d6a35903575e75x.jpg,https://pictures.dealer.com/f/fairfieldfairfieldfordfd/1739/1c12ccacc6387e324106d2fdf04df6dax.jpg,https://pictures.dealer.com/f/fairfieldfairfieldfordfd/1517/e89c9a15f852271f0ee4885df0509be4x.jpg,https://pictures.dealer.com/f/fairfieldfairfieldfordfd/1040/949352935bbcfb8e4b94dbc28e74e242x.jpg,https://pictures.dealer.com/f/fairfieldfairfieldfordfd/1887/5a5f8bfe5cc02342f1e8ddeeb7f05172x.jpg,https://pictures.dealer.com/f/fairfieldfairfieldfordfd/0721/691806eaf912e166ea303b77303d2144x.jpg,https://pictures.dealer.com/f/fairfieldfairfieldfordfd/1049/537c801a46e095cb75c645881165fa8bx.jpg,https://pictures.dealer.com/f/fairfieldfairfieldfordfd/1083/15f5575dad1536898dd873bc01ad9cfcx.jpg,https://pictures.dealer.com/f/fairfieldfairfieldfordfd/0660/d6a73b837134a62d1d5c064f1a0e5c92x.jpg,https://pictures.dealer.com/f/fairfieldfairfieldfordfd/0220/7f7ea5fa9dc2ab78e2c2568fc860b064x.jpg,https://pictures.dealer.com/f/fairfieldfairfieldfordfd/1337/afe7fa192b4312a1d9896e556b1f389ex.jpg,https://pictures.dealer.com/f/fairfieldfairfieldfordfd/1193/ef5ca862108a271d515b1232184319e2x.jpg,https://pictures.dealer.com/f/fairfieldfairfieldfordfd/1412/0f191ed84ae7c63275e72f13d94bf081x.jpg,https://pictures.dealer.com/f/fairfieldfairfieldfordfd/1227/74727517a01c38a1701ab8e89096aae9x.jpg,https://pictures.dealer.com/f/fairfieldfairfieldfordfd/1873/97b510e38f7d86208a26b46bd13a47edx.jpg,https://pictures.dealer.com/f/fairfieldfairfieldfordfd/1284/cd15fe6aa5d666b5179cfc087476f197x.jpg,https://pictures.dealer.com/f/fairfieldfairfieldfordfd/0138/155195b0d580bea28edcd9a8a13d271dx.jpg,https://pictures.dealer.com/f/fairfieldfairfieldfordfd/1291/ad6549c3c3a37345aaa84400c4e1092bx.jpg,https://pictures.dealer.com/f/fairfieldfairfieldfordfd/0254/2f965ebaea368925d9fc2efb4de48cc5x.jpg,https://pictures.dealer.com/f/fairfieldfairfieldfordfd/1588/2b00bf2d54997139a59761c0a6580823x.jpg,https://pictures.dealer.com/f/fairfieldfairfieldfordfd/1299/6cebf700ba916a5b1435c1bc2806d50dx.jpg,https://pictures.dealer.com/f/fairfieldfairfieldfordfd/1916/bf00e44dfb751013e6c15a1e80f39139x.jpg",,https://www.carfax.com/vehiclehistory/ar20/l-mbcbi1UvUdeQ7qGsFhNwuNBWBGvd31pPf6Q_IdRx1Sza01VVo0DNRIoVB4B6gDSsMsomgbrNiSP48iNVBu8SYjhEV09sCDGuc,https://www.fordfairfield.com/used/Honda/2020-Honda-Insight-fad3c241ac1812707be87b5931d05c56.htm
WBXYH9C05L5R64907,2020,BMW,X2,sDrive28i,Jet Black,Black,0,"$20,993",,,L5R64907,24/,2L 4-Cylinder DOHC 16V TwinPower Turbo,8-Speed Automatic,,SUV,Gasoline,Used,,,20XX,,,,,,"https://pictures.dealer.com/f/fairfieldfairfieldfordfd/1922/dbe1a8c4df722fd511df50e933b29a63x.jpg,https://pictures.dealer.com/f/fairfieldfairfieldfordfd/1986/104c8755397ce6c67eb95fa1677a9a78x.jpg,https://pictures.dealer.com/f/fairfieldfairfieldfordfd/1215/d8a91a6021b349f7d7c06ae9d3b49ca0x.jpg,https://pictures.dealer.com/f/fairfieldfairfieldfordfd/1970/2bb987ae81bfcf023e05987ec57912acx.jpg,https://pictures.dealer.com/f/fairfieldfairfieldfordfd/1086/bb5016d8991cbb9586af59b5fe8bc09fx.jpg,https://pictures.dealer.com/f/fairfieldfairfieldfordfd/0559/3e8d6e51162d0c072a9ce507339df224x.jpg,https://pictures.dealer.com/f/fairfieldfairfieldfordfd/0263/10eb86b018b57cf44f56c0359855150ex.jpg,https://pictures.dealer.com/f/fairfieldfairfieldfordfd/1426/514597a423d1c1ea58e33f9a75640e9dx.jpg,https://pictures.dealer.com/f/fairfieldfairfieldfordfd/0335/3131224b462e1630e7253c42413813e0x.jpg,https://pictures.dealer.com/f/fairfieldfairfieldfordfd/1360/ba937796373ee2cbb489631a8c83c433x.jpg,https://pictures.dealer.com/f/fairfieldfairfieldfordfd/1171/2d480646793947086f5c67d8373ce548x.jpg,https://pictures.dealer.com/f/fairfieldfairfieldfordfd/1040/949352935bbcfb8e4b94dbc28e74e242x.jpg,https://pictures.dealer.com/f/fairfieldfairfieldfordfd/0419/61e3f73005a92ebca07e4f3581d24471x.jpg,https://pictures.dealer.com/f/fairfieldfairfieldfordfd/0872/0f2b9fcedc54cf23814c56bc0d615e33x.jpg,https://pictures.dealer.com/f/fairfieldfairfieldfordfd/1571/84e9df192c353a91c185a5bbfa0803dax.jpg,https://pictures.dealer.com/f/fairfieldfairfieldfordfd/0208/9d27c0da35cb222793dc7420fb1ecb4fx.jpg,https://pictures.dealer.com/f/fairfieldfairfieldfordfd/1828/f0241e913fd8d39dc7677ed092763fdcx.jpg,https://pictures.dealer.com/f/fairfieldfairfieldfordfd/1223/08799ef3775673e75b1053d5e80d9bb0x.jpg,https://pictures.dealer.com/f/fairfieldfairfieldfordfd/0618/c8cea55db3e81a3d3b8e5280d99b818fx.jpg,https://pictures.dealer.com/f/fairfieldfairfieldfordfd/1631/65d5df1c2a652a03a68a45253d9ec1bax.jpg,https://pictures.dealer.com/f/fairfieldfairfieldfordfd/0391/39c51ee5224a02e1ade3743bcd529d04x.jpg,https://pictures.dealer.com/f/fairfieldfairfieldfordfd/1338/e7fae35eae526edea031f4505fcb281bx.jpg,https://pictures.dealer.com/f/fairfieldfairfieldfordfd/0009/52fa976204c02cd353572f406ee1ed34x.jpg,https://pictures.dealer.com/f/fairfieldfairfieldfordfd/0798/a70d3b103ff93d9abb3f63b023e406d3x.jpg,https://pictures.dealer.com/f/fairfieldfairfieldfordfd/1197/fa2770426c375d9304bfc1ba20a2dbbdx.jpg,https://pictures.dealer.com/f/fairfieldfairfieldfordfd/1834/ab38960def8d8e8b8015e918ff5e5a96x.jpg,https://pictures.dealer.com/f/fairfieldfairfieldfordfd/1223/bfa28e9cf19634ea4f1cbaa7639ba057x.jpg,https://pictures.dealer.com/f/fairfieldfairfieldfordfd/0738/fc9addb253244ab7bb6858bc52a7737ax.jpg",,https://www.carfax.com/vehiclehistory/ar20/0e091R9oKbivFEUKw3xFLGzbj2gyOUqiQiCXPhDXVkojEvNAoGeI8Hf_BGRKc1fy3vS1wb2IUfll7JzvDhP551b1iTlJBvnLY6Y,https://www.fordfairfield.com/used/BMW/2020-BMW-X2-898e391fac180ae35e27a6414a252c87.htm
1C4RDHAG9LC130285,2020,Dodge,Durango,SXT,White Knuckle Clearcoat,Black,0,"$20,993",,,LC130285,19/,3.6L V6 24V VVT,8-Speed Automatic,,SUV,Gasoline,Used,,,WDDL75,,,,,,"https://pictures.dealer.com/f/fairfieldfairfieldfordfd/0055/8f867fb90f4cdd4ff9494d21e4f7de77x.jpg,https://pictures.dealer.com/f/fairfieldfairfieldfordfd/0426/adbdee7176eb0fdbaf2ce970d5f4c08fx.jpg,https://pictures.dealer.com/f/fairfieldfairfieldfordfd/1215/d8a91a6021b349f7d7c06ae9d3b49ca0x.jpg,https://pictures.dealer.com/f/fairfieldfairfieldfordfd/1067/053d17a7863a6259fb9aa0921a3a2e9ex.jpg,https://pictures.dealer.com/f/fairfieldfairfieldfordfd/0394/e3820433f6cad693c8ac4400e4b49ca9x.jpg,https://pictures.dealer.com/f/fairfieldfairfieldfordfd/1037/9d3252a003022aeda11638842527ddd7x.jpg,https://pictures.dealer.com/f/fairfieldfairfieldfordfd/1776/7f2bf38cb3bf16ac372471f67df049bax.jpg,https://pictures.dealer.com/f/fairfieldfairfieldfordfd/0529/6267c6c4377020a6bad03f287d0acff5x.jpg,https://pictures.dealer.com/f/fairfieldfairfieldfordfd/1973/2fd4d8eae0ee84e0a04d9d8524a3cedfx.jpg,https://pictures.dealer.com/f/fairfieldfairfieldfordfd/0328/f1afb683e22b85e8cd2306a762e5696bx.jpg,https://pictures.dealer.com/f/fairfieldfairfieldfordfd/1440/cefd96e67ef3d29f70f4e5cb64da47a2x.jpg,https://pictures.dealer.com/f/fairfieldfairfieldfordfd/1040/949352935bbcfb8e4b94dbc28e74e242x.jpg,https://pictures.dealer.com/f/fairfieldfairfieldfordfd/0173/3a644a70254ab5476d7d3b01e2d8fed2x.jpg,https://pictures.dealer.com/f/fairfieldfairfieldfordfd/1044/1a7e058a213d32bce4bc1e6cb58e71a7x.jpg,https://pictures.dealer.com/f/fairfieldfairfieldfordfd/1474/2379865bb61b7b2ae1b73da70cde024dx.jpg,https://pictures.dealer.com/f/fairfieldfairfieldfordfd/0516/28fc683588947532b0a178ae0ae0b2dfx.jpg,https://pictures.dealer.com/f/fairfieldfairfieldfordfd/0368/ee5fe57c75636832dca1da9d656f87b7x.jpg,https://pictures.dealer.com/f/fairfieldfairfieldfordfd/0805/98a7de8484b99744fdebf52ab4abfabbx.jpg,https://pictures.dealer.com/f/fairfieldfairfieldfordfd/1802/d919bc992b960a33f9d1791bfdc1eca1x.jpg,https://pictures.dealer.com/f/fairfieldfairfieldfordfd/0874/43ffd7b12e8d29cbf3534c78536b15b0x.jpg,https://pictures.dealer.com/f/fairfieldfairfieldfordfd/0512/6ce7ae94eb44169ff29d953d06342380x.jpg,https://pictures.dealer.com/f/fairfieldfairfieldfordfd/1075/8039118945dc4ffb818c9d8d487fd281x.jpg,https://pictures.dealer.com/f/fairfieldfairfieldfordfd/0444/10c11cd43df5272b9bda2af99b905764x.jpg,https://pictures.dealer.com/f/fairfieldfairfieldfordfd/1752/5cf75613aaa4c0a8f23ed36fe62c1a44x.jpg,https://pictures.dealer.com/f/fairfieldfairfieldfordfd/1418/4684a20cd1e5292c2903165be536d320x.jpg,https://pictures.dealer.com/f/fairfieldfairfieldfordfd/0275/d7a9514bf48dff22603a9f5c35a6d093x.jpg,https://pictures.dealer.com/f/fairfieldfairfieldfordfd/0317/2c3ed164d35c4d4427a6be177fc88058x.jpg,https://pictures.dealer.com/f/fairfieldfairfieldfordfd/0535/0971264f6aede568c46b32203c2192e9x.jpg,https://pictures.dealer.com/f/fairfieldfairfieldfordfd/0067/90eaf9209baf58bbc71f21cf48481533x.jpg,https://pictures.dealer.com/f/fairfieldfairfieldfordfd/1519/0ace235902ed8533449cae67c4ac88e6x.jpg",,https://www.carfax.com/vehiclehistory/ar20/Pho8d5Kpf2wulJxS_1U_tByHG5RRXmoJ8nnotNLSWw1F-2gPeMvbki3M-GFQOzjHdb-k3ADAlyKV8W7ExAesg-43toKBgkajqHw,https://www.fordfairfield.com/used/Dodge/2020-Dodge-Durango-7862763fac185d30d0b35d0f55ed8545.htm
WVWHR7AN5LE017363,2020,Volkswagen,Arteon,2.0T SEL R-Line,Deep Black,Stone Gray/Raven,0,"$20,994",,,LE017363,22/,2L TSI DOHC,8-Speed Automatic with Tiptronic,,Sedan,Gasoline,Used,,,3H7BQA,,,,,,"https://pictures.dealer.com/f/fairfieldfairfieldfordfd/0993/9668651e18935bad7ee18cfa88c6a8c1x.jpg,https://pictures.dealer.com/f/fairfieldfairfieldfordfd/1839/73bcc935408e2d0c68228cc24f89eab6x.jpg,https://pictures.dealer.com/f/fairfieldfairfieldfordfd/1985/d8a91a6021b349f7d7c06ae9d3b49ca0x.jpg,https://pictures.dealer.com/f/fairfieldfairfieldfordfd/0318/ace45b3afcbf9dc70a54b63835261cefx.jpg,https://pictures.dealer.com/f/fairfieldfairfieldfordfd/0951/8e7194fe54383885108fc7598e5757dfx.jpg,https://pictures.dealer.com/f/fairfieldfairfieldfordfd/1965/c3243c9c4582b476498c0ce5307fa459x.jpg,https://pictures.dealer.com/f/fairfieldfairfieldfordfd/1969/83cba5d279ca0b7c4f17d34aa3dc8a83x.jpg,https://pictures.dealer.com/f/fairfieldfairfieldfordfd/0309/76e2a15e2cf6e1fd1520003f2d707383x.jpg,https://pictures.dealer.com/f/fairfieldfairfieldfordfd/1121/6318a4b24e932a46a22d021a50b5271dx.jpg,https://pictures.dealer.com/f/fairfieldfairfieldfordfd/1034/7a9d81987b76d5e657af8bd84d489bf2x.jpg,https://pictures.dealer.com/f/fairfieldfairfieldfordfd/0734/25af9e194e30438b302c6f55eaecdaeex.jpg,https://pictures.dealer.com/f/fairfieldfairfieldfordfd/1613/949352935bbcfb8e4b94dbc28e74e242x.jpg,https://pictures.dealer.com/f/fairfieldfairfieldfordfd/0097/7255682fc41dcb2ea3c173da04083e03x.jpg,https://pictures.dealer.com/f/fairfieldfairfieldfordfd/1724/b0036a42b63b65d999581e591d79fd92x.jpg,https://pictures.dealer.com/f/fairfieldfairfieldfordfd/0604/36ada1f96f5ff681b9429471d1722b1bx.jpg,https://pictures.dealer.com/f/fairfieldfairfieldfordfd/0095/4f4cb38082463f5406e76ecc2b1d1de0x.jpg,https://pictures.dealer.com/f/fairfieldfairfieldfordfd/0590/7fd3becdb666e93507358c17f480425cx.jpg,https://pictures.dealer.com/f/fairfieldfairfieldfordfd/1166/2254de2d2b9abc6db2d7f788760e0198x.jpg,https://pictures.dealer.com/f/fairfieldfairfieldfordfd/0471/6fae004d45dbe998d5b312676ecc5e17x.jpg,https://pictures.dealer.com/f/fairfieldfairfieldfordfd/0507/54b6a671481016ead0944cbeeecffdb9x.jpg,https://pictures.dealer.com/f/fairfieldfairfieldfordfd/0539/8006d85f680878c29ecfa40208ddc89cx.jpg,https://pictures.dealer.com/f/fairfieldfairfieldfordfd/1820/4cba305424e07a3f5ab28128d825cda0x.jpg,https://pictures.dealer.com/f/fairfieldfairfieldfordfd/1758/a18f666d739bb40cb1a0f82373a867b6x.jpg,https://pictures.dealer.com/f/fairfieldfairfieldfordfd/1958/ef22fb6fb8377eb0d5d15e950efb0257x.jpg,https://pictures.dealer.com/f/fairfieldfairfieldfordfd/0589/d8749a147c4391db3c7c01cfda152e06x.jpg,https://pictures.dealer.com/f/fairfieldfairfieldfordfd/1808/be1fdd68b1c9aff17b330534ec3bfdffx.jpg,https://pictures.dealer.com/f/fairfieldfairfieldfordfd/1704/adf2c1eca89d4a54afc726d9ab8daf9dx.jpg,https://pictures.dealer.com/f/fairfieldfairfieldfordfd/0361/6e6c33b109fa05988c7963dfce6a66aex.jpg,https://pictures.dealer.com/f/fairfieldfairfieldfordfd/0824/555e785d5916be804be4ca6e661cb289x.jpg,https://pictures.dealer.com/f/fairfieldfairfieldfordfd/0589/75a6f8ad415f2c7de8f4725657518dc7x.jpg",,https://www.carfax.com/vehiclehistory/ar20/LP0B2ESfy91xMtp7M2B7h6UZBa1J627vmRuTqODX6v0AL1-vFNBBiMGuxx2ohicJPXtIetrwal1tkc41cCaY5-fk-XivIzRShdQ,https://www.fordfairfield.com/used/Volkswagen/2020-Volkswagen-Arteon-f4373829ac181406e39c08c22d4b7b13.htm
WDC0G4JB8KV171999,2019,Mercedes-Benz,GLC,GLC 300,,,0,"$22,991",,,KV171999T,22/,2L I4,9-Speed Automatic,,SUV,Gasoline,Used,,,GLC300W,,,,,,https://images.dealer.com/autodata/us/large_stockphoto/2019/USC90MBS681A0.jpg,,,https://www.fordfairfield.com/used/Mercedes-Benz/2019-Mercedes-Benz-GLC-54fa7944ac185061f48eb8551ef99bd1.htm
1GYKPCRS8LZ199383,2020,Cadillac,XT6,Premium Luxury,Stellar Black Metallic,Cirrus,0,"$22,993",,,LZ199383,18/,3.6L V6 DI VVT,9-Speed Automatic,,SUV,Gasoline,Used,,,6NW26,,,,,,"https://pictures.dealer.com/f/fairfieldfairfieldfordfd/1529/d8f79d41184d88de436ccf22feb3949dx.jpg,https://pictures.dealer.com/f/fairfieldfairfieldfordfd/1434/517ad0c91c12c0f9980791c1323b2d3ax.jpg,https://pictures.dealer.com/f/fairfieldfairfieldfordfd/1215/d8a91a6021b349f7d7c06ae9d3b49ca0x.jpg,https://pictures.dealer.com/f/fairfieldfairfieldfordfd/1104/40fd03250e540cddebee3763438fa2d9x.jpg,https://pictures.dealer.com/f/fairfieldfairfieldfordfd/0217/1213785c084a78e4718ee8528896c236x.jpg,https://pictures.dealer.com/f/fairfieldfairfieldfordfd/0768/85cc7ae3b834ad987f39069859642192x.jpg,https://pictures.dealer.com/f/fairfieldfairfieldfordfd/0659/c1b582344db164ed50fac7871ebb61c4x.jpg,https://pictures.dealer.com/f/fairfieldfairfieldfordfd/0267/e27b9a6c71367951e3517ddfcc82ba11x.jpg,https://pictures.dealer.com/f/fairfieldfairfieldfordfd/1541/301b7a0bd18d14abac32c0ea4414cf05x.jpg,https://pictures.dealer.com/f/fairfieldfairfieldfordfd/1947/02884bee97f4b3f446dfb26c8d0f9972x.jpg,https://pictures.dealer.com/f/fairfieldfairfieldfordfd/0505/a9765846139158a37a6650ee48121d58x.jpg,https://pictures.dealer.com/f/fairfieldfairfieldfordfd/1040/949352935bbcfb8e4b94dbc28e74e242x.jpg,https://pictures.dealer.com/f/fairfieldfairfieldfordfd/0289/cbab36ea4f778b24ee0a5d762fa8e287x.jpg,https://pictures.dealer.com/f/fairfieldfairfieldfordfd/1336/38793716bfd5309b0ffcf74301e98b88x.jpg,https://pictures.dealer.com/f/fairfieldfairfieldfordfd/0502/50ef53f4cec9a3ded9c470df57be0055x.jpg,https://pictures.dealer.com/f/fairfieldfairfieldfordfd/1178/fc0bee9c85b4b80dd331bf90ecdd16f1x.jpg,https://pictures.dealer.com/f/fairfieldfairfieldfordfd/0372/bb6e1093435bb925780c02186c36a1bbx.jpg,https://pictures.dealer.com/f/fairfieldfairfieldfordfd/0245/a122877094b2aa2faaefc0a71507d213x.jpg,https://pictures.dealer.com/f/fairfieldfairfieldfordfd/0300/4e2c487a7abe65abff4f5f3d7b4595dbx.jpg,https://pictures.dealer.com/f/fairfieldfairfieldfordfd/0998/7fe12837d73a5f3a41d734d86de1f632x.jpg,https://pictures.dealer.com/f/fairfieldfairfieldfordfd/1235/7af39e858105684bfa9e6e09b1261a34x.jpg,https://pictures.dealer.com/f/fairfieldfairfieldfordfd/1730/ccb3db2ce0552fa669c4871efc4364d0x.jpg,https://pictures.dealer.com/f/fairfieldfairfieldfordfd/1812/ff4bc148f403a158d3b8a1d415c86881x.jpg,https://pictures.dealer.com/f/fairfieldfairfieldfordfd/1515/928fa876b68679818f9c548874517ca9x.jpg,https://pictures.dealer.com/f/fairfieldfairfieldfordfd/0083/6a68d8fa1b0239cddca89fadec3dd35bx.jpg,https://pictures.dealer.com/f/fairfieldfairfieldfordfd/1170/0a7a9ec03489b26b6d166879f3ad6c53x.jpg,https://pictures.dealer.com/f/fairfieldfairfieldfordfd/0800/36634ed22aa4a83aca162b520f4f4cc7x.jpg,https://pictures.dealer.com/f/fairfieldfairfieldfordfd/0436/a2405f02d602f036c5052ce4cd332c4cx.jpg",,https://www.carfax.com/vehiclehistory/ar20/9DtfyGrIkweWZVIrVLq5Nx5Sf_XZJM-srImwU6ExZmtwzhJYIZF5nMPkcGLYu1RPVTWqd2n2EpnRP5JTL-7SUypgU0AJND7vkFQ,https://www.fordfairfield.com/used/Cadillac/2020-Cadillac-XT6-898e36c3ac184507235427d4c2c008f7.htm
WVGKMPE27NP069908,2022,Volkswagen,ID.4,Pro S,Kings Red Metallic Black Roof,Black,0,"$22,994",,,NP069908,,Electric Motor,Single-Speed Automatic,,SUV,Electric,Used,,,E214MN,,,,,,"https://pictures.dealer.com/f/fairfieldfairfieldfordfd/1824/86962041ce053bea6db1b0d59deff993x.jpg,https://pictures.dealer.com/f/fairfieldfairfieldfordfd/1886/aaea98b5423fccfc0caf470a3803cb83x.jpg,https://pictures.dealer.com/f/fairfieldfairfieldfordfd/1215/d8a91a6021b349f7d7c06ae9d3b49ca0x.jpg,https://pictures.dealer.com/f/fairfieldfairfieldfordfd/1554/089cc925563be43609d3cc6c04a4b234x.jpg,https://pictures.dealer.com/f/fairfieldfairfieldfordfd/0493/e958d6f8da985fccdf796ca34dde863cx.jpg,https://pictures.dealer.com/f/fairfieldfairfieldfordfd/0493/810dff0397bab63b4b43f7f7844ce274x.jpg,https://pictures.dealer.com/f/fairfieldfairfieldfordfd/1636/4a1f7d05b4c228aa9ed09bad1a7e284fx.jpg,https://pictures.dealer.com/f/fairfieldfairfieldfordfd/1683/9a31a98c61096c8d3599c62f036a5aabx.jpg,https://pictures.dealer.com/f/fairfieldfairfieldfordfd/1863/a9484297fb19e885ae8cc897c3a194b1x.jpg,https://pictures.dealer.com/f/fairfieldfairfieldfordfd/1822/88211f41acdbb054564e93ac361666ddx.jpg,https://pictures.dealer.com/f/fairfieldfairfieldfordfd/0513/5cdb6914e2723200f40ac86fcb64f3c7x.jpg,https://pictures.dealer.com/f/fairfieldfairfieldfordfd/1040/949352935bbcfb8e4b94dbc28e74e242x.jpg,https://pictures.dealer.com/f/fairfieldfairfieldfordfd/1930/cf050a8768eb58f0228c29dabfa413c6x.jpg,https://pictures.dealer.com/f/fairfieldfairfieldfordfd/1507/920a1836730fb0135e51e7d305070dc8x.jpg,https://pictures.dealer.com/f/fairfieldfairfieldfordfd/0105/b8ba5c5ca16ab62f32ce9ef1ea312df2x.jpg,https://pictures.dealer.com/f/fairfieldfairfieldfordfd/0304/d49d3a5d96a45f83bcf9e9e6ad5ea745x.jpg,https://pictures.dealer.com/f/fairfieldfairfieldfordfd/1301/ace3e08f3e0a0c3055f54b728e52d03ax.jpg,https://pictures.dealer.com/f/fairfieldfairfieldfordfd/1510/5fe207b543847aa14ec67fe69fb8738dx.jpg,https://pictures.dealer.com/f/fairfieldfairfieldfordfd/0940/75ce6b09171275e285cbf6f0289d2de3x.jpg,https://pictures.dealer.com/f/fairfieldfairfieldfordfd/1317/816c189b3ff28cc904c299e4a3459334x.jpg,https://pictures.dealer.com/f/fairfieldfairfieldfordfd/0121/c31dc482d286f4509adb7df5fb24879cx.jpg,https://pictures.dealer.com/f/fairfieldfairfieldfordfd/0939/8531a145310ebad9de58ee2625d78da8x.jpg,https://pictures.dealer.com/f/fairfieldfairfieldfordfd/1655/84a9c09369ccc8f108844ea7aff30623x.jpg,https://pictures.dealer.com/f/fairfieldfairfieldfordfd/1546/ef673a961a13e1de0d6bf613127c952dx.jpg,https://pictures.dealer.com/f/fairfieldfairfieldfordfd/1032/f4932147fc8d997d2404d65b5e55974fx.jpg,https://pictures.dealer.com/f/fairfieldfairfieldfordfd/0146/31a88ccc9e736b8e8c988f8972adb76cx.jpg",,https://www.carfax.com/vehiclehistory/ar20/GtDBTwdSJkzClZJjPZ0JErqA4p_sDEwTaQJmtVqwNuRHKi244p906s2kfoXyURbWh6PXjUBMf9vo7KAXBczh_L4dK684h6HzE40,https://www.fordfairfield.com/used/Volkswagen/2022-Volkswagen-ID.4-560ee883ac184a00ccd5d71b0435a03b.htm
KL79MUSL2PB205695,2023,Chevrolet,Trailblazer,RS,Crimson Metallic,Jet Black With Red Accents,0,"$23,894",,,PB205695,26/,1.3L Ecotec Turbo DOHC SIDI w/VVT,9-Speed Automatic,,SUV,Gasoline,Used,,,1TY56,,,,,,"https://pictures.dealer.com/f/fairfieldfairfieldfordfd/0744/9d275b64808bb192c8a278fa80be9ebbx.jpg,https://pictures.dealer.com/f/fairfieldfairfieldfordfd/0469/33b16ca2587af0dd5d3b2fbe51ce66fdx.jpg,https://pictures.dealer.com/f/fairfieldfairfieldfordfd/1985/d8a91a6021b349f7d7c06ae9d3b49ca0x.jpg,https://pictures.dealer.com/f/fairfieldfairfieldfordfd/0734/775f5abda78f7b75344dc9fd3f5170afx.jpg,https://pictures.dealer.com/f/fairfieldfairfieldfordfd/0731/e72039b39d82523fc1adb30aaac5970bx.jpg,https://pictures.dealer.com/f/fairfieldfairfieldfordfd/1939/f88b3d8d19b57cb9c20cf5644d15a9c0x.jpg,https://pictures.dealer.com/f/fairfieldfairfieldfordfd/1587/6a35246febae5fed73bd7a3196ffffc2x.jpg,https://pictures.dealer.com/f/fairfieldfairfieldfordfd/0597/84d0a3a2bb74b2664118ed72eb53097fx.jpg,https://pictures.dealer.com/f/fairfieldfairfieldfordfd/0846/72f6763a76554f1ffabe7234b2374233x.jpg,https://pictures.dealer.com/f/fairfieldfairfieldfordfd/1128/76923d8037a2826bac56c43707d5c667x.jpg,https://pictures.dealer.com/f/fairfieldfairfieldfordfd/1268/e53af1852be8ca7808fe426fd4b4238fx.jpg,https://pictures.dealer.com/f/fairfieldfairfieldfordfd/1613/949352935bbcfb8e4b94dbc28e74e242x.jpg,https://pictures.dealer.com/f/fairfieldfairfieldfordfd/1330/d474dea902b4085b38bd28d2d4e5c9e6x.jpg,https://pictures.dealer.com/f/fairfieldfairfieldfordfd/0504/f829a9751960c9b0500adbf0788663ebx.jpg,https://pictures.dealer.com/f/fairfieldfairfieldfordfd/0689/7307d34bc857b09f0702c5a60e9da652x.jpg,https://pictures.dealer.com/f/fairfieldfairfieldfordfd/1711/49882eaba0bb002ddbb0ad63a968afd5x.jpg,https://pictures.dealer.com/f/fairfieldfairfieldfordfd/1907/3792aaeb5287ab9a69394a28307ce2e3x.jpg,https://pictures.dealer.com/f/fairfieldfairfieldfordfd/1951/e0412e94c4c5ea4a0e9752e4886d4478x.jpg,https://pictures.dealer.com/f/fairfieldfairfieldfordfd/0658/c34a4a4eed65d9886d4826ba2ef9b688x.jpg,https://pictures.dealer.com/f/fairfieldfairfieldfordfd/1460/9d75904575f0dbaa4f9387bf966b4eecx.jpg,https://pictures.dealer.com/f/fairfieldfairfieldfordfd/0953/a839a26d197cc6bfd90b0a8b737351d4x.jpg,https://pictures.dealer.com/f/fairfieldfairfieldfordfd/0769/1688b65f871f4976530c735023d1f0e1x.jpg,https://pictures.dealer.com/f/fairfieldfairfieldfordfd/0470/aab6744f69946fecf28d75277579aa88x.jpg,https://pictures.dealer.com/f/fairfieldfairfieldfordfd/0378/540b45684d4fc51763c2ba85d24f82f5x.jpg,https://pictures.dealer.com/f/fairfieldfairfieldfordfd/0230/1ac4d5d1b14cc787b00d14592af650adx.jpg,https://pictures.dealer.com/f/fairfieldfairfieldfordfd/1155/cb98f933fce3b90da351d8a3633749a2x.jpg,https://pictures.dealer.com/f/fairfieldfairfieldfordfd/0780/9ca15b53e06ffe68da3c063318c63f16x.jpg,https://pictures.dealer.com/f/fairfieldfairfieldfordfd/1230/ab065d66d2797335170ade8539f171f5x.jpg,https://pictures.dealer.com/f/fairfieldfairfieldfordfd/0692/82ebc1280a7ae950d087b72d3c980351x.jpg",,https://www.carfax.com/vehiclehistory/ar20/4a52OabxgrTYesLhJ3r13u0jrX4zVt9kVk-1gvOUTTaK1OuTQyk4SBHeb8S1mIPVj-SlsbUkyqwsKWsdP5vBvJ7aT2eJADyl-JY,https://www.fordfairfield.com/used/Chevrolet/2023-Chevrolet-Trailblazer-605a7379ac181e5fc742f94fc9bd8780.htm
LPSED3KA3NL056370,2022,Polestar,2,Long Range Dual Motor,Black,Charcoal,0,"$24,494",,,NL056370,,Electric Motor,1-Speed Automatic,,Hatchback,Electric,Used,,,534EDPB0E131,,,,,,"https://pictures.dealer.com/f/fairfieldfairfieldfordfd/1473/e5c3b55f7d8d2ac069f3c8480956a7cbx.jpg,https://pictures.dealer.com/f/fairfieldfairfieldfordfd/0027/14437f103b55a17cc6678f9c2e40aacdx.jpg,https://pictures.dealer.com/f/fairfieldfairfieldfordfd/1985/d8a91a6021b349f7d7c06ae9d3b49ca0x.jpg,https://pictures.dealer.com/f/fairfieldfairfieldfordfd/1377/66735bc0ff9aeda98531a34d09ca93fcx.jpg,https://pictures.dealer.com/f/fairfieldfairfieldfordfd/1793/cab0c6d6c88220d1aa631c2358cb0271x.jpg,https://pictures.dealer.com/f/fairfieldfairfieldfordfd/1836/45213f560ad2ba1efa860ba14883648fx.jpg,https://pictures.dealer.com/f/fairfieldfairfieldfordfd/1763/7df7b576ba5843131167bc4436168627x.jpg,https://pictures.dealer.com/f/fairfieldfairfieldfordfd/0664/1d5adf566390f975a3e1c9e3dfc9ac28x.jpg,https://pictures.dealer.com/f/fairfieldfairfieldfordfd/0867/bfb8bfbf81ef7574898dd4be2e2505eax.jpg,https://pictures.dealer.com/f/fairfieldfairfieldfordfd/1342/7937942c9a5fefebb998d3d3e676a352x.jpg,https://pictures.dealer.com/f/fairfieldfairfieldfordfd/1029/b46e11a6c43a94ee83ad0cd61be4b335x.jpg,https://pictures.dealer.com/f/fairfieldfairfieldfordfd/1613/949352935bbcfb8e4b94dbc28e74e242x.jpg,https://pictures.dealer.com/f/fairfieldfairfieldfordfd/0433/4f65a01b9304ae41fe236be0b35380afx.jpg,https://pictures.dealer.com/f/fairfieldfairfieldfordfd/0517/a5cc1c70f5d0f18d073c24f569e68919x.jpg,https://pictures.dealer.com/f/fairfieldfairfieldfordfd/0740/1ded145e07f7573bc4918cb16b6d8319x.jpg,https://pictures.dealer.com/f/fairfieldfairfieldfordfd/1892/99c82732d94c6d17a0668652f9f14edax.jpg,https://pictures.dealer.com/f/fairfieldfairfieldfordfd/0243/fb4172f9869b7a6279780f60448a77c7x.jpg,https://pictures.dealer.com/f/fairfieldfairfieldfordfd/1949/61f0ad8a536f69ff0ed2c8f05e8053b4x.jpg,https://pictures.dealer.com/f/fairfieldfairfieldfordfd/1626/3b43050c2833d77bbf4c5e84b8e84bf3x.jpg,https://pictures.dealer.com/f/fairfieldfairfieldfordfd/1312/a0d9ebfcac7b838c48c09fdee1caf747x.jpg,https://pictures.dealer.com/f/fairfieldfairfieldfordfd/1938/c60aedad71fb716e5cfd520e3e8ffd24x.jpg,https://pictures.dealer.com/f/fairfieldfairfieldfordfd/0163/8cfb81ae97fba03ab442a51f85e0093dx.jpg,https://pictures.dealer.com/f/fairfieldfairfieldfordfd/0047/3208ee90442692fbcd45506b7dc0e97fx.jpg,https://pictures.dealer.com/f/fairfieldfairfieldfordfd/0341/202bc2433bf04e6f025c8a93678bbfebx.jpg,https://pictures.dealer.com/f/fairfieldfairfieldfordfd/1894/3bd0f8970f7e49cd0e03767ea059830ex.jpg,https://pictures.dealer.com/f/fairfieldfairfieldfordfd/0372/8fb81a6dec0d763f2eeea842cc5d1394x.jpg,https://pictures.dealer.com/f/fairfieldfairfieldfordfd/1496/b88f2f2f305e7ff62657fd3f8aca451ex.jpg,https://pictures.dealer.com/f/fairfieldfairfieldfordfd/0944/6c2a788caf5b7dd16db0b4b483b38e5ex.jpg,https://pictures.dealer.com/f/fairfieldfairfieldfordfd/0957/ae0a407db03d002f52b8436ae4717137x.jpg,https://pictures.dealer.com/f/fairfieldfairfieldfordfd/0437/cc5024b94ecad8409793ba68c9964395x.jpg",,https://www.carfax.com/vehiclehistory/ar20/JZmVsbCrhuyHYiyT2uA1ERtKdbyPH-dcC3egtTZHKmrowcVuBsq9Qkfhh1WpCa9lux1v4MCszhMXxpkL_p4tHwEmMeZ62JcoB4o,https://www.fordfairfield.com/used/Polestar/2022-Polestar-2-f4373553ac1805797444ddaa37f34b82.htm
3GNAXWEV8NS185266,2022,Chevrolet,Equinox,RS,Cherry Red Tintcoat,Jet Black,0,"$24,992",,,NS185266,25/,1.5L DOHC,6-Speed Automatic Electronic with Overdrive,,SUV,Gasoline,Used,,,1XY26,,,,,,"https://pictures.dealer.com/f/fairfieldfairfieldfordfd/1631/2ff999ec40098f21c07d3e82c99dc779x.jpg,https://pictures.dealer.com/f/fairfieldfairfieldfordfd/0778/fb54a0d6641af6ed640028edebeaa938x.jpg,https://pictures.dealer.com/f/fairfieldfairfieldfordfd/1215/d8a91a6021b349f7d7c06ae9d3b49ca0x.jpg,https://pictures.dealer.com/f/fairfieldfairfieldfordfd/1892/ac6231313537b8c9eca3b8055da1a06fx.jpg,https://pictures.dealer.com/f/fairfieldfairfieldfordfd/0958/1bc3e816a19494264939214395bba979x.jpg,https://pictures.dealer.com/f/fairfieldfairfieldfordfd/0403/d85b35a9bad8845916bd97c2df7ae4c4x.jpg,https://pictures.dealer.com/f/fairfieldfairfieldfordfd/1817/82180aeebe131c18f4bdd50732159db9x.jpg,https://pictures.dealer.com/f/fairfieldfairfieldfordfd/1498/9d36369204242a0c2ff7b6c94629eb19x.jpg,https://pictures.dealer.com/f/fairfieldfairfieldfordfd/0706/3c95c52789ad6bc4444ceead25661431x.jpg,https://pictures.dealer.com/f/fairfieldfairfieldfordfd/1498/070482507dd694fdcc8295142925bd64x.jpg,https://pictures.dealer.com/f/fairfieldfairfieldfordfd/0085/0651c5fc867960c44b727840d714b286x.jpg,https://pictures.dealer.com/f/fairfieldfairfieldfordfd/1040/949352935bbcfb8e4b94dbc28e74e242x.jpg,https://pictures.dealer.com/f/fairfieldfairfieldfordfd/0738/1f84ced6c40403d204e066e4d32bd370x.jpg,https://pictures.dealer.com/f/fairfieldfairfieldfordfd/1816/4cd6793a97d5b99e617fb75471679cd0x.jpg,https://pictures.dealer.com/f/fairfieldfairfieldfordfd/0624/157279a0f925538331d0354247f6934ex.jpg,https://pictures.dealer.com/f/fairfieldfairfieldfordfd/1093/0186ae1e4899a3b83a6e21a93dc929d8x.jpg,https://pictures.dealer.com/f/fairfieldfairfieldfordfd/0308/9f6874613a0453576f6ccbce613ca530x.jpg,https://pictures.dealer.com/f/fairfieldfairfieldfordfd/0856/9b90a9da7fd151a5033749cc9c2c0636x.jpg,https://pictures.dealer.com/f/fairfieldfairfieldfordfd/1114/1ce23f8f93dc4b62b4607000f4267ec5x.jpg,https://pictures.dealer.com/f/fairfieldfairfieldfordfd/1736/3f7f3c018bbc74d0da2a206fac5ad33bx.jpg,https://pictures.dealer.com/f/fairfieldfairfieldfordfd/1705/1d3253c2e06502c892334229e7cbbbd6x.jpg,https://pictures.dealer.com/f/fairfieldfairfieldfordfd/0849/227cbc891f3a6379a7f94995ab02ec9dx.jpg,https://pictures.dealer.com/f/fairfieldfairfieldfordfd/0094/b466e0aebd824bb5d67397d739d7f7cbx.jpg,https://pictures.dealer.com/f/fairfieldfairfieldfordfd/1026/d9f0d73cb6e6ce32dac236c631903821x.jpg,https://pictures.dealer.com/f/fairfieldfairfieldfordfd/1098/605c91374f6f63045b69a7c07abe0983x.jpg,https://pictures.dealer.com/f/fairfieldfairfieldfordfd/1380/38c8dc0f29fb9d5d9a532ec78fb507c8x.jpg,https://pictures.dealer.com/f/fairfieldfairfieldfordfd/0323/a27ed58a5ae921168e84f90e91e16b44x.jpg,https://pictures.dealer.com/f/fairfieldfairfieldfordfd/0888/edf5132f9e489c1e136cfa479594c5d3x.jpg,https://pictures.dealer.com/f/fairfieldfairfieldfordfd/1967/b6968de3a210edae161bfbece26cea9fx.jpg,https://pictures.dealer.com/f/fairfieldfairfieldfordfd/1595/d796456d76d271d51ff30dc5deb375bfx.jpg",,https://www.carfax.com/vehiclehistory/ar20/_GzxB6mXKRk_7eyzgU4k70iF9cxE6ufTOzgZiY2lZ6VAjhsIARB5M0uI7CTkxNRZNZFok_T6eKzrx3DH2DP78JzmYoneDNUVtlg,https://www.fordfairfield.com/used/Chevrolet/2022-Chevrolet-Equinox-c2374ba9ac1850ce6cf4e5c12afbddd3.htm
1C6HJTAG9LL183308,2020,Jeep,Gladiator,Sport,Billet Silver Metallic Clearcoat,Black,0,"$24,994",,,LL183308,16/,3.6L V6 24V VVT,6-Speed Manual,,Truck,Gasoline,Used,,,JTJL98,,,,,,"https://pictures.dealer.com/f/fairfieldfairfieldfordfd/0482/580b204cd4152d4a3d916ca31b1048d8x.jpg,https://pictures.dealer.com/f/fairfieldfairfieldfordfd/0169/f3cb999fc4652b81680a82e77c7c1cb4x.jpg,https://pictures.dealer.com/f/fairfieldfairfieldfordfd/1985/d8a91a6021b349f7d7c06ae9d3b49ca0x.jpg,https://pictures.dealer.com/f/fairfieldfairfieldfordfd/1994/dd64ccb8ecfdb7e6477e6b789be28990x.jpg,https://pictures.dealer.com/f/fairfieldfairfieldfordfd/1739/c7482358ad9a2e56aa1c64a9f2d90ba5x.jpg,https://pictures.dealer.com/f/fairfieldfairfieldfordfd/0219/7e3c6de92f043a30a53fb70508a15375x.jpg,https://pictures.dealer.com/f/fairfieldfairfieldfordfd/1382/40f5aedf465f70c0b8f8be80c2bc1379x.jpg,https://pictures.dealer.com/f/fairfieldfairfieldfordfd/0865/f0d48f4cef7fdfd517b443a5165e76b2x.jpg,https://pictures.dealer.com/f/fairfieldfairfieldfordfd/0225/58d356a790e684a866b362446c960015x.jpg,https://pictures.dealer.com/f/fairfieldfairfieldfordfd/0908/747590af1c9ee7cf44fbe83420982a7cx.jpg,https://pictures.dealer.com/f/fairfieldfairfieldfordfd/1450/f863a052568da9181fdcd8c00a7530d4x.jpg,https://pictures.dealer.com/f/fairfieldfairfieldfordfd/1613/949352935bbcfb8e4b94dbc28e74e242x.jpg,https://pictures.dealer.com/f/fairfieldfairfieldfordfd/1064/3728f74b93c3edeb8f1486deca344385x.jpg,https://pictures.dealer.com/f/fairfieldfairfieldfordfd/1429/b8f9489adb18e194c03bcf6f45746099x.jpg,https://pictures.dealer.com/f/fairfieldfairfieldfordfd/0397/979f4bd3be68210418ce09571b3e686ax.jpg,https://pictures.dealer.com/f/fairfieldfairfieldfordfd/0356/d0ca9d236e541b790ff5178959764d84x.jpg,https://pictures.dealer.com/f/fairfieldfairfieldfordfd/0648/f2b2841bbbc43a35d38713ec39cf1e52x.jpg,https://pictures.dealer.com/f/fairfieldfairfieldfordfd/0012/45d2cffe42ecd185ab3aca95cf5d40e8x.jpg,https://pictures.dealer.com/f/fairfieldfairfieldfordfd/0432/fed106f778ba34581f059a33654ddda4x.jpg,https://pictures.dealer.com/f/fairfieldfairfieldfordfd/1349/99281ff51fa0b512b634ce7777f77502x.jpg,https://pictures.dealer.com/f/fairfieldfairfieldfordfd/0334/f36537c947da7b60802001ba721a99bfx.jpg,https://pictures.dealer.com/f/fairfieldfairfieldfordfd/0131/de517a73aa9ce7d6ae614aa08b19bb3bx.jpg,https://pictures.dealer.com/f/fairfieldfairfieldfordfd/0910/89ea22b9fb6615f2928b2da364a9fad2x.jpg,https://pictures.dealer.com/f/fairfieldfairfieldfordfd/0312/392a6603c58bc1d253275b38896e9df6x.jpg,https://pictures.dealer.com/f/fairfieldfairfieldfordfd/1474/b06f95e4fe11f8f73f4c18bb76ef517ex.jpg,https://pictures.dealer.com/f/fairfieldfairfieldfordfd/0504/fd37ad9ba8afec620772c3569722965cx.jpg,https://pictures.dealer.com/f/fairfieldfairfieldfordfd/0895/f6b15c6a0913fae2e262b33a6bbee6c4x.jpg,https://pictures.dealer.com/f/fairfieldfairfieldfordfd/1627/b7fb0a7f4889a0a789d947b94682ea1dx.jpg",,https://www.carfax.com/vehiclehistory/ar20/FumpSadaTsvubRUpqeQFI9ZkzV5lYymukM47_vYE6EtcsdfDdXLH9GDOOSSfkRiuEXA12HK_RbVo1ipOP--P4LjP3ixnagYqf3U,https://www.fordfairfield.com/used/Jeep/2020-Jeep-Gladiator-3e383de8ac183e7befe5f05cdcee3b19.htm
1N6ED1EJXNN611730,2022,Nissan,Frontier,SV,Glacier White,Charcoal,0,"$25,594",,,NN611730,18/,3.8L DI DOHC 24V V6,9-Speed Automatic,,Truck,Gasoline,Used,,,32312,,,,,,"https://pictures.dealer.com/f/fairfieldfairfieldfordfd/1983/a19a715d6698caa8851375551882be72x.jpg,https://pictures.dealer.com/f/fairfieldfairfieldfordfd/0794/cd3b045562dc71556a676a0ea2d6883ax.jpg,https://pictures.dealer.com/f/fairfieldfairfieldfordfd/1985/d8a91a6021b349f7d7c06ae9d3b49ca0x.jpg,https://pictures.dealer.com/f/fairfieldfairfieldfordfd/0214/7550fa464e249446fb83bf9b9cc0a685x.jpg,https://pictures.dealer.com/f/fairfieldfairfieldfordfd/0394/0f7f89a6d2b6aaf8c5dc8a51e78b86f0x.jpg,https://pictures.dealer.com/f/fairfieldfairfieldfordfd/1267/f01f733241b16763994a4bab8e9a515fx.jpg,https://pictures.dealer.com/f/fairfieldfairfieldfordfd/1764/97a146c226b0251d3f777b7739919996x.jpg,https://pictures.dealer.com/f/fairfieldfairfieldfordfd/1662/c1ef35e426861c480afddd4315c7a389x.jpg,https://pictures.dealer.com/f/fairfieldfairfieldfordfd/1985/ceec41b06851673c0d3eebc37dea5e2fx.jpg,https://pictures.dealer.com/f/fairfieldfairfieldfordfd/1052/6219eefdf2b3a39c61d4c64492fe6468x.jpg,https://pictures.dealer.com/f/fairfieldfairfieldfordfd/0962/c06b6b0b3449fc9ba6c14807de69d0e0x.jpg,https://pictures.dealer.com/f/fairfieldfairfieldfordfd/1613/949352935bbcfb8e4b94dbc28e74e242x.jpg,https://pictures.dealer.com/f/fairfieldfairfieldfordfd/1872/938258442ebbe0064f46ccb35bedff53x.jpg,https://pictures.dealer.com/f/fairfieldfairfieldfordfd/0908/4d962d860213341756295e10c03cd1f0x.jpg,https://pictures.dealer.com/f/fairfieldfairfieldfordfd/1295/a6982a89e00fd9eb7166f72e98bb8fe9x.jpg,https://pictures.dealer.com/f/fairfieldfairfieldfordfd/0142/62269e8cef0289732be9e8377160e66ex.jpg,https://pictures.dealer.com/f/fairfieldfairfieldfordfd/0209/3b1bf9e3400623d7be010a4d89ace595x.jpg,https://pictures.dealer.com/f/fairfieldfairfieldfordfd/0555/9f57597e7f55c584992b2baf866490a8x.jpg,https://pictures.dealer.com/f/fairfieldfairfieldfordfd/0164/bfe83c37b0175d8169ffa301b16f0274x.jpg,https://pictures.dealer.com/f/fairfieldfairfieldfordfd/1435/da5ab7a0cada913abfe106b088b6df57x.jpg,https://pictures.dealer.com/f/fairfieldfairfieldfordfd/0031/eeef2fed0f1b25e1c31ad158dadc70a4x.jpg,https://pictures.dealer.com/f/fairfieldfairfieldfordfd/0652/ed2e4dec03d53aef1699bdb883b7de61x.jpg,https://pictures.dealer.com/f/fairfieldfairfieldfordfd/1150/0f7850f92a81917aac6d1cbee9a7f7b3x.jpg,https://pictures.dealer.com/f/fairfieldfairfieldfordfd/1260/6f1b405c9f518d1eea7b8d2ed7891f1dx.jpg,https://pictures.dealer.com/f/fairfieldfairfieldfordfd/1144/6c65c2908c16db825f140092d7e9dc3cx.jpg,https://pictures.dealer.com/f/fairfieldfairfieldfordfd/1892/5103db8e704918d0006177f8c963f51bx.jpg,https://pictures.dealer.com/f/fairfieldfairfieldfordfd/1143/37d52da34d9a3d1f0837efa527ac5296x.jpg,https://pictures.dealer.com/f/fairfieldfairfieldfordfd/1219/ca34a01663007105f44c86325f5391c5x.jpg,https://pictures.dealer.com/f/fairfieldfairfieldfordfd/1459/d98aa88fab2b7b14486a65d459a2b32fx.jpg",,https://www.carfax.com/vehiclehistory/ar20/Ta08NCgClxt8jJTUOhMViy-2mN29KLkuzx7u854v8Z1WWd2XXy9dcZUHNInZZbEOmYL7IFTjw7JYo8uJ3mjggHthRGP9SnZzGp8,https://www.fordfairfield.com/used/Nissan/2022-Nissan-Frontier-3570ee5dac183215b22316aa4ec32136.htm
5FNRL6H77KB000908,2019,Honda,Odyssey,EX-L,Pacific Pewter Metallic,Beige,0,"$26,591",,,KB000908,19/,3.5L V6 SOHC i-VTEC 24V,9-Speed Automatic,,Minivan/Van,Gasoline,Used,,,,,,,,,"https://pictures.dealer.com/f/fairfieldfairfieldfordfd/1894/e0bc8a065a30e397493f5b6a64f97bfbx.jpg,https://pictures.dealer.com/f/fairfieldfairfieldfordfd/0678/a35c54196c76632986d77c0c2a7970b8x.jpg,https://pictures.dealer.com/f/fairfieldfairfieldfordfd/1215/d8a91a6021b349f7d7c06ae9d3b49ca0x.jpg,https://pictures.dealer.com/f/fairfieldfairfieldfordfd/1841/809134a1df49a894577ed588072c4705x.jpg,https://pictures.dealer.com/f/fairfieldfairfieldfordfd/0664/12bdaadd08fbafc730e60679db769bffx.jpg,https://pictures.dealer.com/f/fairfieldfairfieldfordfd/1853/57c8f14a3a927f23ebf08fa023b32ab0x.jpg,https://pictures.dealer.com/f/fairfieldfairfieldfordfd/1732/f3662b6451a6220562a9a441a8480548x.jpg,https://pictures.dealer.com/f/fairfieldfairfieldfordfd/0614/0f1887c3c098e3de5e52ab0db8e6ae90x.jpg,https://pictures.dealer.com/f/fairfieldfairfieldfordfd/1408/f9f0729df28a617aec30b6fee9efcbbfx.jpg,https://pictures.dealer.com/f/fairfieldfairfieldfordfd/0235/f50afe8a71bda5880cca251a6d271471x.jpg,https://pictures.dealer.com/f/fairfieldfairfieldfordfd/0457/ef66b69bfe98d42aa9a5c9e2a26733fdx.jpg,https://pictures.dealer.com/f/fairfieldfairfieldfordfd/1040/949352935bbcfb8e4b94dbc28e74e242x.jpg,https://pictures.dealer.com/f/fairfieldfairfieldfordfd/0130/11b261b07db1bec6676742abf974888ax.jpg,https://pictures.dealer.com/f/fairfieldfairfieldfordfd/0484/d57bb74b8ff892746185f83778ef9868x.jpg,https://pictures.dealer.com/f/fairfieldfairfieldfordfd/0294/d0f2375c17543f57f544549c50efba9fx.jpg,https://pictures.dealer.com/f/fairfieldfairfieldfordfd/1571/d1d241b7a822f5af091361f3040f3b5ex.jpg,https://pictures.dealer.com/f/fairfieldfairfieldfordfd/1252/7cad950b429f795d74ee3f99ddaaa8b9x.jpg,https://pictures.dealer.com/f/fairfieldfairfieldfordfd/0871/6f85dbcc5b0e77e209d3ca5fb683ef21x.jpg,https://pictures.dealer.com/f/fairfieldfairfieldfordfd/0905/ffda67075a037b8b1144a66412385905x.jpg,https://pictures.dealer.com/f/fairfieldfairfieldfordfd/1444/5d882d7920689a9b7daf7a476c8ab450x.jpg,https://pictures.dealer.com/f/fairfieldfairfieldfordfd/0660/7111a88a4c2e2730e5a7105223c9019ax.jpg,https://pictures.dealer.com/f/fairfieldfairfieldfordfd/1616/339c0035536748b9b7cdf262f97d5780x.jpg,https://pictures.dealer.com/f/fairfieldfairfieldfordfd/1622/ef0d05cc0b16d7e31a99b55edee09113x.jpg,https://pictures.dealer.com/f/fairfieldfairfieldfordfd/0619/b7f907dd690fca123c7f7589efbc8f91x.jpg,https://pictures.dealer.com/f/fairfieldfairfieldfordfd/1359/9b3777b2391cef3fe67c2a710e3eedf4x.jpg,https://pictures.dealer.com/f/fairfieldfairfieldfordfd/0294/a221c0544ad68c20cbc41dd3ca9f7a33x.jpg,https://pictures.dealer.com/f/fairfieldfairfieldfordfd/1592/4073bb279a98e07e923b9c85833800eax.jpg,https://pictures.dealer.com/f/fairfieldfairfieldfordfd/1536/d47d65eff52a64089020e360d04bf803x.jpg,https://pictures.dealer.com/f/fairfieldfairfieldfordfd/0571/a5e7815314642002ae23809687431e32x.jpg,https://pictures.dealer.com/f/fairfieldfairfieldfordfd/1429/9387bfafea3ca7c2ebb45c6288ad987ex.jpg,https://pictures.dealer.com/f/fairfieldfairfieldfordfd/0074/3b9178f5bed9cd29703bb5bb38417fc6x.jpg,https://pictures.dealer.com/f/fairfieldfairfieldfordfd/1828/ee1eaa5334b6c236bc29ffdff9c7cfc3x.jpg",,https://www.carfax.com/vehiclehistory/ar20/F38TTogwn6CiUG3RdRwJAAv84GSBiuqhwGRxDC-dwj7Ksb-DDDIcU02x6tR5MKhNT1Tanl3c-cjeS06t8LOQfgekdCzlhQFF6sM,https://www.fordfairfield.com/used/Honda/2019-Honda-Odyssey-fffc3502ac181cf0de4a1953ccc1bab6.htm
3GKALYEV6NL174328,2022,GMC,Terrain,AT4,Summit White,Jet Black,0,"$26,992",,,NL174328,25/,1.5L DOHC,9-Speed Automatic,,SUV,Gasoline,Used,,,TXC26,,,,,,"https://pictures.dealer.com/f/fairfieldfairfieldfordfd/1700/8bde8e6ac1c5ca78f8f2295f86ea5b16x.jpg,https://pictures.dealer.com/f/fairfieldfairfieldfordfd/0187/ee7da1d9fea1cfb5f77c098f4e6c59abx.jpg,https://pictures.dealer.com/f/fairfieldfairfieldfordfd/1215/d8a91a6021b349f7d7c06ae9d3b49ca0x.jpg,https://pictures.dealer.com/f/fairfieldfairfieldfordfd/0174/c3de00f86222e9217ecd82d5a1443f40x.jpg,https://pictures.dealer.com/f/fairfieldfairfieldfordfd/0392/98994f15d463709032daab805f2ffc34x.jpg,https://pictures.dealer.com/f/fairfieldfairfieldfordfd/1056/a4ff46bb3741c7497004e2cb21167434x.jpg,https://pictures.dealer.com/f/fairfieldfairfieldfordfd/0682/723e18341c9c9c2ba083b1bce996ad4fx.jpg,https://pictures.dealer.com/f/fairfieldfairfieldfordfd/1066/92592c36483a2a560ed31d326143718dx.jpg,https://pictures.dealer.com/f/fairfieldfairfieldfordfd/1691/cce22761218ce6afdacb7013a328dbdax.jpg,https://pictures.dealer.com/f/fairfieldfairfieldfordfd/0597/670ea6d6283cbbc50a5a3bf280c2ef32x.jpg,https://pictures.dealer.com/f/fairfieldfairfieldfordfd/1365/999c5778d02d3ef690714c25ae3ad217x.jpg,https://pictures.dealer.com/f/fairfieldfairfieldfordfd/1040/949352935bbcfb8e4b94dbc28e74e242x.jpg,https://pictures.dealer.com/f/fairfieldfairfieldfordfd/1570/c2023b8221f32cf49c9d34de210cd360x.jpg,https://pictures.dealer.com/f/fairfieldfairfieldfordfd/0391/392f0dd43357ac05e29a020ee687ff1dx.jpg,https://pictures.dealer.com/f/fairfieldfairfieldfordfd/0565/6b73c0f25761b1e29f745438cee44bd5x.jpg,https://pictures.dealer.com/f/fairfieldfairfieldfordfd/0894/2b1d7305d9fe69c166b00291c382fdbax.jpg,https://pictures.dealer.com/f/fairfieldfairfieldfordfd/0050/f6131b465a760e8fa7c6aaf9789d42e3x.jpg,https://pictures.dealer.com/f/fairfieldfairfieldfordfd/1350/cc913259d5714dbd09bdc0917d7fe067x.jpg,https://pictures.dealer.com/f/fairfieldfairfieldfordfd/0520/216630b8e282f23bdfc250c937306ea5x.jpg,https://pictures.dealer.com/f/fairfieldfairfieldfordfd/0702/043be9f7ec4a399e2b756bae45e16fb9x.jpg,https://pictures.dealer.com/f/fairfieldfairfieldfordfd/0236/3dcccd3ab33c707c8a92c00c22f654c3x.jpg,https://pictures.dealer.com/f/fairfieldfairfieldfordfd/1601/00ceea4c48178ed866e49343d7b0bc73x.jpg,https://pictures.dealer.com/f/fairfieldfairfieldfordfd/1154/5522bd1d60f9bd26fcad1608930c5323x.jpg,https://pictures.dealer.com/f/fairfieldfairfieldfordfd/1785/fb4baf99bda9374b4fa0f64e8b7d6ac0x.jpg,https://pictures.dealer.com/f/fairfieldfairfieldfordfd/1808/def778d3407de12c6e8cc9712d68c288x.jpg,https://pictures.dealer.com/f/fairfieldfairfieldfordfd/1460/6c5fd99d3df41c032f877c33fc31e393x.jpg,https://pictures.dealer.com/f/fairfieldfairfieldfordfd/0569/c9352290ddab503ddb13dc14a36aeed4x.jpg,https://pictures.dealer.com/f/fairfieldfairfieldfordfd/1962/12c7bfd9446f32996d74c57f1661b150x.jpg,https://pictures.dealer.com/f/fairfieldfairfieldfordfd/0262/d96d5af158eb2ca9796ea3a7fe08c095x.jpg,https://pictures.dealer.com/f/fairfieldfairfieldfordfd/0848/7eb29c0bcf25fb2bd32d10394d619e09x.jpg,https://pictures.dealer.com/f/fairfieldfairfieldfordfd/0168/05ab2c8e9b59e443ce45fb2bbc9a1a92x.jpg",,https://www.carfax.com/vehiclehistory/ar20/Y56KEZulwolu97TP5ebY_MqQvNeGWz6nDW-Hhca-DahsDMkU45NYQRdInslVxXunTnGPJ_hlgex_nnElVi--6lQm7Q0aOA-65tQ,https://www.fordfairfield.com/used/GMC/2022-GMC-Terrain-dccae98dac182cddb86dbea15cb33cc6.htm
W1KWF8DB5MR649528,2021,Mercedes-Benz,C-Class,C 300,Brilliant Blue Metallic,Silk Beige,0,"$26,992",,,MR649528,23/,2L I4 Turbocharged,9-Speed Automatic,,Sedan,Gasoline,Used,,,C300W,,,,,,"https://pictures.dealer.com/f/fairfieldfairfieldfordfd/1892/b262b94955712e4e1210293e9caee00bx.jpg,https://pictures.dealer.com/f/fairfieldfairfieldfordfd/0640/f7ec319dbcf1b06e3c66c68c57edde16x.jpg,https://pictures.dealer.com/f/fairfieldfairfieldfordfd/1215/d8a91a6021b349f7d7c06ae9d3b49ca0x.jpg,https://pictures.dealer.com/f/fairfieldfairfieldfordfd/1398/f0ed38f598d04a33dab5f4ec0ec56a64x.jpg,https://pictures.dealer.com/f/fairfieldfairfieldfordfd/0606/1ffeaa4828fbe4e99ef19118cc156a25x.jpg,https://pictures.dealer.com/f/fairfieldfairfieldfordfd/0512/4024d6a042bc9fdf0f1ba4f996bc71f6x.jpg,https://pictures.dealer.com/f/fairfieldfairfieldfordfd/0447/07092382ba066ff2269485d2c4ec86f4x.jpg,https://pictures.dealer.com/f/fairfieldfairfieldfordfd/0605/bbb1e8ff45231ab8c86a7a54340142f3x.jpg,https://pictures.dealer.com/f/fairfieldfairfieldfordfd/1704/81e0e1c54b31717bd7ac024f827454c4x.jpg,https://pictures.dealer.com/f/fairfieldfairfieldfordfd/1678/6a26b320de0f56ed7a852b14c28e9021x.jpg,https://pictures.dealer.com/f/fairfieldfairfieldfordfd/0492/ee9678d0262b1cd7c14eb459ffbf6149x.jpg,https://pictures.dealer.com/f/fairfieldfairfieldfordfd/1040/949352935bbcfb8e4b94dbc28e74e242x.jpg,https://pictures.dealer.com/f/fairfieldfairfieldfordfd/0721/46f61b1f3d9f4ba8345b69daa422a241x.jpg,https://pictures.dealer.com/f/fairfieldfairfieldfordfd/0288/a40534fbce91f2b958a81f23556b6c94x.jpg,https://pictures.dealer.com/f/fairfieldfairfieldfordfd/1788/a39d74758415e69a1f87e20021259866x.jpg,https://pictures.dealer.com/f/fairfieldfairfieldfordfd/0175/ad86ef0e7836b5af36dc2d4e946eedb9x.jpg,https://pictures.dealer.com/f/fairfieldfairfieldfordfd/1385/16af484f415cfdd7c075b77848304dd2x.jpg,https://pictures.dealer.com/f/fairfieldfairfieldfordfd/1866/fa01164528a430f762bb40531cf55734x.jpg,https://pictures.dealer.com/f/fairfieldfairfieldfordfd/0437/8381176a4130375be612206b317030c8x.jpg,https://pictures.dealer.com/f/fairfieldfairfieldfordfd/1101/87a3baee29613c27da531da499156867x.jpg,https://pictures.dealer.com/f/fairfieldfairfieldfordfd/0374/b7841af826076146d3264c3f538c3226x.jpg,https://pictures.dealer.com/f/fairfieldfairfieldfordfd/1034/08da18c498d0c1baf30edc39ba6ee85cx.jpg,https://pictures.dealer.com/f/fairfieldfairfieldfordfd/1118/4e3b01c79c3347ac549adb66e79605abx.jpg,https://pictures.dealer.com/f/fairfieldfairfieldfordfd/0204/ea7462ee0f871aba09f8a85af0c9efe5x.jpg,https://pictures.dealer.com/f/fairfieldfairfieldfordfd/0967/910744c9e436328abd09d96642f99f4dx.jpg,https://pictures.dealer.com/f/fairfieldfairfieldfordfd/1150/920948114ce05e86779cdab84152490ax.jpg,https://pictures.dealer.com/f/fairfieldfairfieldfordfd/1583/87393e318f9d74a28847b138fcc8d8d0x.jpg",,https://www.carfax.com/vehiclehistory/ar20/cF-vlr3U5BXPUiUfjCy-6r7f8VZPgs84usBOvqCoUkQIbu-GNnjJqUT1C9byHSk772veP80lEWMVjKY0fEsJMmNbdCJKA4XUkjA,https://www.fordfairfield.com/used/Mercedes-Benz/2021-Mercedes-Benz-C-Class-ad954b93ac180e70894ab665a3d7d973.htm
JF2SKAPC1NH477880,2022,Subaru,Forester,Limited,Autumn Green Metallic,Black,0,"$26,994",,,NH477880,26/,2.5L 4-Cylinder DOHC 16V,Lineartronic CVT,,SUV,Gasoline,Used,,,NFI,,,,,,"https://pictures.dealer.com/f/fairfieldfairfieldfordfd/1637/13772a0c30cfbcbe1f53ac3c604f23b1x.jpg,https://pictures.dealer.com/f/fairfieldfairfieldfordfd/1268/2dc705bb8b81c2a4b4b45b4913afd2a9x.jpg,https://pictures.dealer.com/f/fairfieldfairfieldfordfd/1215/d8a91a6021b349f7d7c06ae9d3b49ca0x.jpg,https://pictures.dealer.com/f/fairfieldfairfieldfordfd/1220/62f96b2dae910b18ca2f86c5808d24a4x.jpg,https://pictures.dealer.com/f/fairfieldfairfieldfordfd/0974/d641b5dbae304c923f7d8835738b8be7x.jpg,https://pictures.dealer.com/f/fairfieldfairfieldfordfd/1637/7fb6ee8c67c6e8217bcf18b86b47dedbx.jpg,https://pictures.dealer.com/f/fairfieldfairfieldfordfd/0199/531b4e21a43de7ecc504d94c9505f2abx.jpg,https://pictures.dealer.com/f/fairfieldfairfieldfordfd/0255/90f867ca76b8a123e733b2666a706a2ax.jpg,https://pictures.dealer.com/f/fairfieldfairfieldfordfd/1539/22c7a52d396462730f18ba90c5e074bex.jpg,https://pictures.dealer.com/f/fairfieldfairfieldfordfd/1312/8408a6ddcb7a01f71dd9343548a512a9x.jpg,https://pictures.dealer.com/f/fairfieldfairfieldfordfd/0191/a619baca65be4ded115d6a42a5432da2x.jpg,https://pictures.dealer.com/f/fairfieldfairfieldfordfd/1040/949352935bbcfb8e4b94dbc28e74e242x.jpg,https://pictures.dealer.com/f/fairfieldfairfieldfordfd/0659/f3138062086de0e511a9215e12f043acx.jpg,https://pictures.dealer.com/f/fairfieldfairfieldfordfd/0944/d2c58c2182ef82838338487b89a7f7aax.jpg,https://pictures.dealer.com/f/fairfieldfairfieldfordfd/1978/014e3fc6ceba68520716ae0253a445b1x.jpg,https://pictures.dealer.com/f/fairfieldfairfieldfordfd/0705/cffaab34713524b04d67f297864c6457x.jpg,https://pictures.dealer.com/f/fairfieldfairfieldfordfd/1961/572239ef1623ebfff427ae4c05bb33b0x.jpg,https://pictures.dealer.com/f/fairfieldfairfieldfordfd/1082/fddb7fce3127cc1868a827a996afcba7x.jpg,https://pictures.dealer.com/f/fairfieldfairfieldfordfd/0436/481bfd10bdcdcdf7b21183d8fbce4fe9x.jpg,https://pictures.dealer.com/f/fairfieldfairfieldfordfd/0846/c55fbeb8a30d361206b1217638acd5d5x.jpg,https://pictures.dealer.com/f/fairfieldfairfieldfordfd/1663/78fe996f82f57b54e775e0a721dc5072x.jpg,https://pictures.dealer.com/f/fairfieldfairfieldfordfd/0790/5cc6927256db8889d72998274bb0c808x.jpg,https://pictures.dealer.com/f/fairfieldfairfieldfordfd/1003/afafb1af9745a8e97b25f4002f3dd1e6x.jpg,https://pictures.dealer.com/f/fairfieldfairfieldfordfd/0829/9622ffa0f3273c566e342ad04a8f21c3x.jpg,https://pictures.dealer.com/f/fairfieldfairfieldfordfd/0804/ce833c529597036e13c6a8954d568fd8x.jpg,https://pictures.dealer.com/f/fairfieldfairfieldfordfd/0938/31b30b7fcf0c9d3b15cbeb5c4790b0acx.jpg,https://pictures.dealer.com/f/fairfieldfairfieldfordfd/0641/0d9928e348bdea15e6e34f6146b89babx.jpg,https://pictures.dealer.com/f/fairfieldfairfieldfordfd/1364/b61660757e47eeb7859be80702011b82x.jpg,https://pictures.dealer.com/f/fairfieldfairfieldfordfd/0072/e98be5309e82ec44651d0d059b182c0ex.jpg,https://pictures.dealer.com/f/fairfieldfairfieldfordfd/0266/15559d65dcf56eacf7f544f388387348x.jpg,https://pictures.dealer.com/f/fairfieldfairfieldfordfd/1462/4526685fab9f52eb7070af415af93e74x.jpg",,https://www.carfax.com/vehiclehistory/ar20/mzjgg-0utZSgYAG7VDUrK1znJDXDhS3n7aOLntIoYUw6Sh92QRrW5PD5t9tbFD_X_Ngo-T2W1_gw6ON8gRnBkJr8s8lwXolv3io,https://www.fordfairfield.com/used/Subaru/2022-Subaru-Forester-63d3e054ac185d30d0b35d0f094e246f.htm
JF1VBAF62N9019143,2022,Subaru,WRX,Premium,Ice Silver Metallic,Carbon Black,0,"$27,591",,,N9019143,19/,2.4L DOHC,6-Speed Manual,,Sedan,Gasoline,Used,,,NUC,,,,,,"https://pictures.dealer.com/f/fairfieldfairfieldfordfd/1493/c51711efd23659a468ae40d12ddff13cx.jpg,https://pictures.dealer.com/f/fairfieldfairfieldfordfd/0675/0ee53fa02912332029375b252c4f1ea8x.jpg,https://pictures.dealer.com/f/fairfieldfairfieldfordfd/1215/d8a91a6021b349f7d7c06ae9d3b49ca0x.jpg,https://pictures.dealer.com/f/fairfieldfairfieldfordfd/1170/b8989c01ee658e1ae79a73d1e4eb14c5x.jpg,https://pictures.dealer.com/f/fairfieldfairfieldfordfd/1379/b6a625cf62ea1cb455a4e9bee22c9366x.jpg,https://pictures.dealer.com/f/fairfieldfairfieldfordfd/0872/d8291f6744c4c51aa66a70fcbe8fc3bfx.jpg,https://pictures.dealer.com/f/fairfieldfairfieldfordfd/1092/c2baa72974ee9817c427cdd7a4c4ef93x.jpg,https://pictures.dealer.com/f/fairfieldfairfieldfordfd/0315/87698b4915bff7afbf01d31236e3b8d3x.jpg,https://pictures.dealer.com/f/fairfieldfairfieldfordfd/0725/8d30e6a9775da0d63c19439b348ebc39x.jpg,https://pictures.dealer.com/f/fairfieldfairfieldfordfd/0548/bfdd24d17658f3985662357c3555e3cbx.jpg,https://pictures.dealer.com/f/fairfieldfairfieldfordfd/0927/a14b0be64f3672e8c2dc092bbde37e2ex.jpg,https://pictures.dealer.com/f/fairfieldfairfieldfordfd/1040/949352935bbcfb8e4b94dbc28e74e242x.jpg,https://pictures.dealer.com/f/fairfieldfairfieldfordfd/1701/97abf33f553100d162de49c1952a789ax.jpg,https://pictures.dealer.com/f/fairfieldfairfieldfordfd/0815/388f07ddff2fa360a25c0c3fc555d6bax.jpg,https://pictures.dealer.com/f/fairfieldfairfieldfordfd/0423/6d7df25e5d710002912f4183bc4223fex.jpg,https://pictures.dealer.com/f/fairfieldfairfieldfordfd/0641/4b444c92c4ac574ec5dc00695c4bda2bx.jpg,https://pictures.dealer.com/f/fairfieldfairfieldfordfd/1260/658aa142c83643fc63716ae385a26471x.jpg,https://pictures.dealer.com/f/fairfieldfairfieldfordfd/0490/7b33f2b21f65cb3911e5b386d6ca3c38x.jpg,https://pictures.dealer.com/f/fairfieldfairfieldfordfd/1080/29e1871c16190a84ca75f6100696772bx.jpg,https://pictures.dealer.com/f/fairfieldfairfieldfordfd/1950/1aa2af76bb79aa79b30b1842bab98b8ex.jpg,https://pictures.dealer.com/f/fairfieldfairfieldfordfd/0235/9a9be8a5277b3762c9ed6e3df364b6c4x.jpg,https://pictures.dealer.com/f/fairfieldfairfieldfordfd/1326/f4ad518f323857a5244b74c380fca24ex.jpg,https://pictures.dealer.com/f/fairfieldfairfieldfordfd/1266/d8676982be1047dbe7f309cf9c5d18a9x.jpg,https://pictures.dealer.com/f/fairfieldfairfieldfordfd/1248/1cf129cccbf8a74840dafd0a155d3720x.jpg,https://pictures.dealer.com/f/fairfieldfairfieldfordfd/1982/a72c0477d83b26957e6d86bf4a120607x.jpg,https://pictures.dealer.com/f/fairfieldfairfieldfordfd/1411/0f2d6c8343e669d8850d4468ea7c25dex.jpg,https://pictures.dealer.com/f/fairfieldfairfieldfordfd/1431/630344f0f952b0d02719316f42024d19x.jpg,https://pictures.dealer.com/f/fairfieldfairfieldfordfd/1596/e67b4d4a19751a091117362dc72490b8x.jpg,https://pictures.dealer.com/f/fairfieldfairfieldfordfd/1553/b5362ee3c2327a86f80ca7316b105ddax.jpg",,https://www.carfax.com/vehiclehistory/ar20/g1ZA-urMSPe_Yl6rseKbEBaca9yQ7H82KUR3ppf83khjmguWTcH6o9VhCeGfd8kwcN3nIe-GDZYGAw8GMzaBEtLUPTjAvCqpLBA,https://www.fordfairfield.com/used/Subaru/2022-Subaru-WRX-2e548198ac184f944c6da184fd8156f2.htm
KM8KNDAF2PU205788,2023,Hyundai,IONIQ 5,SEL,Gravity Gold (Matte Gold),Black,0,"$27,592",,,PU205788,,Electric Motor,1-Speed Automatic,,SUV,Electric,Used,,,50442AEZ,,,,,,"https://pictures.dealer.com/f/fairfieldfairfieldfordfd/0279/c71f1ce8c73628cf02aa7fc99a6ffc4bx.jpg,https://pictures.dealer.com/f/fairfieldfairfieldfordfd/1315/4a1d1ca66b9df7ca792a162583b40a3dx.jpg,https://pictures.dealer.com/f/fairfieldfairfieldfordfd/1215/d8a91a6021b349f7d7c06ae9d3b49ca0x.jpg,https://pictures.dealer.com/f/fairfieldfairfieldfordfd/1471/7bba9a0a2713a58a17382cf7708c04b2x.jpg,https://pictures.dealer.com/f/fairfieldfairfieldfordfd/0615/676a83d9cab1beac2c8bce58b08d5999x.jpg,https://pictures.dealer.com/f/fairfieldfairfieldfordfd/0841/70c70aaccfb623e95d7a686ba7cebf00x.jpg,https://pictures.dealer.com/f/fairfieldfairfieldfordfd/0963/3b763a61fd75e176d02f6516a2ddf437x.jpg,https://pictures.dealer.com/f/fairfieldfairfieldfordfd/0437/28a8b63ab84b6929c75f1d511a05c28cx.jpg,https://pictures.dealer.com/f/fairfieldfairfieldfordfd/1327/4a83749f194c931e17405db140c51339x.jpg,https://pictures.dealer.com/f/fairfieldfairfieldfordfd/0116/67cdc41a12dd0ca2b8b0b32ddd0c6b01x.jpg,https://pictures.dealer.com/f/fairfieldfairfieldfordfd/1353/5a63735e9bd9e7029f368f86e51897d2x.jpg,https://pictures.dealer.com/f/fairfieldfairfieldfordfd/1040/949352935bbcfb8e4b94dbc28e74e242x.jpg,https://pictures.dealer.com/f/fairfieldfairfieldfordfd/0474/bf268c3cf2e23cccd6f2d78c3cfdd79bx.jpg,https://pictures.dealer.com/f/fairfieldfairfieldfordfd/1818/aa478177073269d69215fd0b88fdf3c4x.jpg,https://pictures.dealer.com/f/fairfieldfairfieldfordfd/0130/9b07a14163fe0e78f36673d86522a6e4x.jpg,https://pictures.dealer.com/f/fairfieldfairfieldfordfd/1666/a79149f7a51eef8ca6dcfb1433291a34x.jpg,https://pictures.dealer.com/f/fairfieldfairfieldfordfd/1330/37881bda58461fa1dab955dbdf2f2620x.jpg,https://pictures.dealer.com/f/fairfieldfairfieldfordfd/1343/d9b3594614d90b5e53fea060298fac38x.jpg,https://pictures.dealer.com/f/fairfieldfairfieldfordfd/0959/6ce2675ddff30f0cd2a7298d381cb748x.jpg,https://pictures.dealer.com/f/fairfieldfairfieldfordfd/1331/f0fae6d7e9302ac34829ea5f8dc1a6aax.jpg,https://pictures.dealer.com/f/fairfieldfairfieldfordfd/0120/18ed6c82be629f895091d9ef434e7d3ax.jpg,https://pictures.dealer.com/f/fairfieldfairfieldfordfd/0709/1f8b6c72f74371fc562617308554f3efx.jpg,https://pictures.dealer.com/f/fairfieldfairfieldfordfd/1526/53a3d9e2bea1715035fb683894147334x.jpg,https://pictures.dealer.com/f/fairfieldfairfieldfordfd/0115/1268936cf1ec6f715aafb308e38a4191x.jpg,https://pictures.dealer.com/f/fairfieldfairfieldfordfd/0833/3fe718f12175d8fd94b30efeea6628fax.jpg,https://pictures.dealer.com/f/fairfieldfairfieldfordfd/1112/f2764b576763984822ac1c6db05555b2x.jpg,https://pictures.dealer.com/f/fairfieldfairfieldfordfd/0295/a39cb34c3fc689a40f1001d1fbc141d9x.jpg,https://pictures.dealer.com/f/fairfieldfairfieldfordfd/0998/ea494ba0fd889b0315e98923e67b66f1x.jpg,https://pictures.dealer.com/f/fairfieldfairfieldfordfd/0868/faf488898781e17f31cd9a98cc05e002x.jpg,https://pictures.dealer.com/f/fairfieldfairfieldfordfd/1951/1ddc686304046e7cd3817e44846f5a00x.jpg,https://pictures.dealer.com/f/fairfieldfairfieldfordfd/1890/9cabe5fa832a82e279e945aeb463a588x.jpg",,https://www.carfax.com/vehiclehistory/ar20/fxL2D88WpCR5PgZPinzEBuvnhGnsbFwwgMBPHOcIXmD1dIfxsVKaPBQ61Bs3FiPAfiSTiNw0rBs6bQNj2BHrdTNF_I4XhHw9cno,https://www.fordfairfield.com/used/Hyundai/2023-Hyundai-IONIQ-5-cb9e6282ac1805c330b79c99972ab7e1.htm
KM8KN4DE3RU252480,2024,Hyundai,IONIQ 5,SEL,Abyss Black,Black,0,"$29,491",,,RU252480,,Electric Motor,1-Speed Automatic,,SUV,Electric,Used,,,50442REZ,,,,,,"https://pictures.dealer.com/f/fairfieldfairfieldfordfd/0999/1258fd005124d25f451434a8c16e4aeex.jpg,https://pictures.dealer.com/f/fairfieldfairfieldfordfd/1289/ad12ffccbafa15a14e9ace1a0a83288cx.jpg,https://pictures.dealer.com/f/fairfieldfairfieldfordfd/1215/d8a91a6021b349f7d7c06ae9d3b49ca0x.jpg,https://pictures.dealer.com/f/fairfieldfairfieldfordfd/0134/ca622f2ed157b1b277163760e41b5b4bx.jpg,https://pictures.dealer.com/f/fairfieldfairfieldfordfd/0806/3b8460f5be63343ddbdbee572628539bx.jpg,https://pictures.dealer.com/f/fairfieldfairfieldfordfd/0107/9a53bc4d95ca524d458a54552321bd5bx.jpg,https://pictures.dealer.com/f/fairfieldfairfieldfordfd/0921/3d134cd50d098c284c6ca4098d22d840x.jpg,https://pictures.dealer.com/f/fairfieldfairfieldfordfd/1748/9221d20f3d4e4e869cc2e14adeb5db85x.jpg,https://pictures.dealer.com/f/fairfieldfairfieldfordfd/1521/b5362f4bd420e536fe663ed281fc55a6x.jpg,https://pictures.dealer.com/f/fairfieldfairfieldfordfd/0331/2d6200352b1deb87974c6d978cf76402x.jpg,https://pictures.dealer.com/f/fairfieldfairfieldfordfd/1392/e7f372ec5f454b9816b1caef20c22bbbx.jpg,https://pictures.dealer.com/f/fairfieldfairfieldfordfd/1040/949352935bbcfb8e4b94dbc28e74e242x.jpg,https://pictures.dealer.com/f/fairfieldfairfieldfordfd/0327/3619e2e840a0b70f42d61cccca3b2abex.jpg,https://pictures.dealer.com/f/fairfieldfairfieldfordfd/1767/634c0670720d8a77b6308b1b5d8f415bx.jpg,https://pictures.dealer.com/f/fairfieldfairfieldfordfd/0535/781fc9a13026229f98a830ab5a8d2b7ex.jpg,https://pictures.dealer.com/f/fairfieldfairfieldfordfd/0241/3808f2f774b9b987b3cca3bf623c841bx.jpg,https://pictures.dealer.com/f/fairfieldfairfieldfordfd/1752/53aa9e8fb35ac063b081fab836745bd4x.jpg,https://pictures.dealer.com/f/fairfieldfairfieldfordfd/0702/f3557108ba18aaa070da317f2052bbecx.jpg,https://pictures.dealer.com/f/fairfieldfairfieldfordfd/0211/26626e421872b790299b806c93d2c2fex.jpg,https://pictures.dealer.com/f/fairfieldfairfieldfordfd/1349/6fae0ac34b5003c2899e7441d21ff16ex.jpg,https://pictures.dealer.com/f/fairfieldfairfieldfordfd/0873/1827806bbd889082e9be8493d3cb99bdx.jpg,https://pictures.dealer.com/f/fairfieldfairfieldfordfd/0738/47676e51c60f61cba7a83a8f9f6a6622x.jpg,https://pictures.dealer.com/f/fairfieldfairfieldfordfd/0297/e7d7466f367fcd53197bb41cb4db3b4ax.jpg,https://pictures.dealer.com/f/fairfieldfairfieldfordfd/0818/b1b72cc5a012c494544ca633b6159ef0x.jpg,https://pictures.dealer.com/f/fairfieldfairfieldfordfd/0221/2e27411698f3e34639295c2b45a6a823x.jpg,https://pictures.dealer.com/f/fairfieldfairfieldfordfd/0368/699f3e7f7859397ae0050351b0057a2ex.jpg,https://pictures.dealer.com/f/fairfieldfairfieldfordfd/0238/54cfbef7c4357e448e6065161f033b1ex.jpg,https://pictures.dealer.com/f/fairfieldfairfieldfordfd/0131/c7bf178dd4085f42f3b2411d3d4cb2dex.jpg,https://pictures.dealer.com/f/fairfieldfairfieldfordfd/1723/be85d3d5c69302ae784f880b5a02a379x.jpg,https://pictures.dealer.com/f/fairfieldfairfieldfordfd/0386/0b7f6de772f4946d278e0ca3f81698dax.jpg,https://pictures.dealer.com/f/fairfieldfairfieldfordfd/1115/c2b65296febb2f410444f19b11547c6dx.jpg",,https://www.carfax.com/vehiclehistory/ar20/jcOEhSe-eC86Yg3tr-q7UbJC9HvleVWvSD7pV8fjAbY5bWkuARhR9efKyZITnYrPIrg79NFoONLH5a3pRgx8ZbWfyVXPVHObMVY,https://www.fordfairfield.com/used/Hyundai/2024-Hyundai-IONIQ-5-fffc3301ac1805c330b79c99855d818e.htm
WBA4J5C02LBU79342,2020,BMW,4 Series,440i Gran Coupe,Black Sapphire Metallic,Black W/Blue Stitching,0,"$29,592",,,LBU79342,22/,3L 6-Cylinder DOHC 24V Turbocharged,8-Speed Automatic Sport,,Hatchback,Gasoline,Used,,,204U,,,,,,"https://pictures.dealer.com/f/fairfieldfairfieldfordfd/1178/4d22479361ab82f3b414cd2d221cb7e2x.jpg,https://pictures.dealer.com/f/fairfieldfairfieldfordfd/0612/c3ff7f0ba7795f720db7ef7234c1bae8x.jpg,https://pictures.dealer.com/f/fairfieldfairfieldfordfd/1215/d8a91a6021b349f7d7c06ae9d3b49ca0x.jpg,https://pictures.dealer.com/f/fairfieldfairfieldfordfd/0206/27f5605847a84de4480a09b1091dcc19x.jpg,https://pictures.dealer.com/f/fairfieldfairfieldfordfd/1093/2a26eb42e409230eed5cd0a1482c2007x.jpg,https://pictures.dealer.com/f/fairfieldfairfieldfordfd/0439/04586bddaef63d89622f0b6a9f00a06fx.jpg,https://pictures.dealer.com/f/fairfieldfairfieldfordfd/0390/19c15fc79afe72d4ae11f9642cc8e73dx.jpg,https://pictures.dealer.com/f/fairfieldfairfieldfordfd/0786/aa4422b60e969e4aa6a3a49ecc93d83cx.jpg,https://pictures.dealer.com/f/fairfieldfairfieldfordfd/1459/22b792969377ec6fa744cc14377a4aefx.jpg,https://pictures.dealer.com/f/fairfieldfairfieldfordfd/0440/6da591561b664ea8fb815542af96a580x.jpg,https://pictures.dealer.com/f/fairfieldfairfieldfordfd/0228/b2961e79bc0d2ce12d7c3019ef6098dbx.jpg,https://pictures.dealer.com/f/fairfieldfairfieldfordfd/1040/949352935bbcfb8e4b94dbc28e74e242x.jpg,https://pictures.dealer.com/f/fairfieldfairfieldfordfd/0147/68c107d90ac2be66b474efa8a6105636x.jpg,https://pictures.dealer.com/f/fairfieldfairfieldfordfd/0971/92a8a3ce1cc2123335eb20184523b649x.jpg,https://pictures.dealer.com/f/fairfieldfairfieldfordfd/0264/8317bf825ec0fe2918df5b206fa882aex.jpg,https://pictures.dealer.com/f/fairfieldfairfieldfordfd/1755/5bcbe2362b709df876803f2b4184f577x.jpg,https://pictures.dealer.com/f/fairfieldfairfieldfordfd/1766/4897335705a606788908b68d847bb36fx.jpg,https://pictures.dealer.com/f/fairfieldfairfieldfordfd/0392/8badddac1e55c5cd6f8bc92243ffde02x.jpg,https://pictures.dealer.com/f/fairfieldfairfieldfordfd/0920/dadc8efbf0b7977521cec2ee8ea81025x.jpg,https://pictures.dealer.com/f/fairfieldfairfieldfordfd/0308/f641e40b5a8faf4a433d6dc7f7bbf461x.jpg,https://pictures.dealer.com/f/fairfieldfairfieldfordfd/1303/ac6058fde5fe116d90081dd713abd6b3x.jpg,https://pictures.dealer.com/f/fairfieldfairfieldfordfd/0433/9b5693b364ac9933e838e4e1f5f01ac0x.jpg,https://pictures.dealer.com/f/fairfieldfairfieldfordfd/1872/a1ed8d668d276b761196845344807097x.jpg,https://pictures.dealer.com/f/fairfieldfairfieldfordfd/1926/b50f880b880a291a33d3f1e79dffbf28x.jpg,https://pictures.dealer.com/f/fairfieldfairfieldfordfd/1068/f412c10745961580a7853a9815a284efx.jpg,https://pictures.dealer.com/f/fairfieldfairfieldfordfd/1699/3c9f320487760c6c9320f8486b28ea6cx.jpg,https://pictures.dealer.com/f/fairfieldfairfieldfordfd/0069/a015e6f9e348bbba95eba5b0a19fe09ex.jpg,https://pictures.dealer.com/f/fairfieldfairfieldfordfd/0914/0fd3fadbaebe274ea1df30852ec83a06x.jpg",,https://www.carfax.com/vehiclehistory/ar20/xKszXLrjinzhlOEOXexHWQj8s_EfAyGpN892HUwR3sWAzF2RkdVifg-65rePeGJLGbC13M6N4o120EcAQhsCgtVz0MvL860Lg6o,https://www.fordfairfield.com/used/BMW/2020-BMW-4-Series-cb9e68f5ac1819acc11d1fff00f0490b.htm
3MW5P7J09N8C52316,2022,BMW,3 Series,330e iPerformance,Alpine White,Tacora Red,0,"$30,991",,,N8C52316,,2L 4-Cylinder,8-Speed Automatic Sport,,Sedan,Gasoline,Used,,,223D,,,,,,https://images.dealer.com/ddc/vehicles/2022/BMW/330e/Sedan/trim_Base_163302/color/Alpine%20White-300-233%2C238%2C232-640-en_US.jpg,,https://www.carfax.com/vehiclehistory/ar20/seJraA7AmWHNdZ1oXq4XK7pyt5Ci1S3dQhRvDfZTBIOkV1asEyRrBmZsuKYLvTfjh0447nrWSYr9WXAUsCFTEXx9qHWlKedFIF0,https://www.fordfairfield.com/used/BMW/2022-BMW-3-Series-42ec3567ac18182b69a129a79f6e5d54.htm
KNDRMDLG8P5149037,2023,Kia,Sorento Hybrid,SX Prestige,Snow White Pearl,Gray,0,"$30,994",,,P5149037,,1.6L I4 DGI Hybrid Turbocharged DOHC 16V LEV3-ULEV70,6-Speed Automatic,,SUV,Hybrid,Used,,,U4462,,,,,,"https://pictures.dealer.com/f/fairfieldfairfieldfordfd/1246/de125f26174da0d10676cbd8abc1057fx.jpg,https://pictures.dealer.com/f/fairfieldfairfieldfordfd/1542/6312537b883216fd27710738416f85b9x.jpg,https://pictures.dealer.com/f/fairfieldfairfieldfordfd/1985/d8a91a6021b349f7d7c06ae9d3b49ca0x.jpg,https://pictures.dealer.com/f/fairfieldfairfieldfordfd/0847/d97094f4ba42bc04babd199800b6bf51x.jpg,https://pictures.dealer.com/f/fairfieldfairfieldfordfd/0989/4beee6075f977f5a74d8f20565c6ae4bx.jpg,https://pictures.dealer.com/f/fairfieldfairfieldfordfd/0923/650ab7dad09675ba4dd59188f7e6792ax.jpg,https://pictures.dealer.com/f/fairfieldfairfieldfordfd/0902/75d1d66d64fafbac1cdf2bcf602005b5x.jpg,https://pictures.dealer.com/f/fairfieldfairfieldfordfd/0898/0145fc1238ca016e04431ccb9078a43cx.jpg,https://pictures.dealer.com/f/fairfieldfairfieldfordfd/0354/26a862735bdcbbc96453eb9d6c393d92x.jpg,https://pictures.dealer.com/f/fairfieldfairfieldfordfd/0124/395126ce9c618c9828e672fcf2cafd10x.jpg,https://pictures.dealer.com/f/fairfieldfairfieldfordfd/0164/bb6a0386d7f6149ee2dbcf69f1501a08x.jpg,https://pictures.dealer.com/f/fairfieldfairfieldfordfd/1613/949352935bbcfb8e4b94dbc28e74e242x.jpg,https://pictures.dealer.com/f/fairfieldfairfieldfordfd/1870/d9f67e0647b187d2b49c479c7c72b7cdx.jpg,https://pictures.dealer.com/f/fairfieldfairfieldfordfd/1829/22e0a0337ab3a4324ec205cc2ac70d27x.jpg,https://pictures.dealer.com/f/fairfieldfairfieldfordfd/1721/9a1162b89931760808362f29237b7b74x.jpg,https://pictures.dealer.com/f/fairfieldfairfieldfordfd/0809/82d1f941fa35e748d86e4f722432b662x.jpg,https://pictures.dealer.com/f/fairfieldfairfieldfordfd/0379/b1325c83d7cc504da6b27a6ba5ee56dax.jpg,https://pictures.dealer.com/f/fairfieldfairfieldfordfd/1941/2e5fb0a131486568ed135ed5e49b05cbx.jpg,https://pictures.dealer.com/f/fairfieldfairfieldfordfd/0355/3b41793e0d7ddfa6f023ee86f555e601x.jpg,https://pictures.dealer.com/f/fairfieldfairfieldfordfd/1754/0349595baa0469203ceec768aa28e99fx.jpg,https://pictures.dealer.com/f/fairfieldfairfieldfordfd/1046/7e8dfe87d2dc1759ae908f96e1f05f6cx.jpg,https://pictures.dealer.com/f/fairfieldfairfieldfordfd/0336/ed63e0b16c96350600d538b01b4ecb6cx.jpg,https://pictures.dealer.com/f/fairfieldfairfieldfordfd/1118/b96668187405b15aa4e13fe3bd8fb690x.jpg,https://pictures.dealer.com/f/fairfieldfairfieldfordfd/1435/7e117d6126870a6f13a77f4ca2725d1dx.jpg,https://pictures.dealer.com/f/fairfieldfairfieldfordfd/0622/0aaa6fa12375037eeb54d5de775c10a5x.jpg,https://pictures.dealer.com/f/fairfieldfairfieldfordfd/0716/063030792bdd2dbad1d7e9aed6aade97x.jpg,https://pictures.dealer.com/f/fairfieldfairfieldfordfd/1272/21fb0890d7d3754d45496145ac40d2a2x.jpg,https://pictures.dealer.com/f/fairfieldfairfieldfordfd/1009/609a43eaeb58fb1cd9545db7dd008004x.jpg,https://pictures.dealer.com/f/fairfieldfairfieldfordfd/1079/fdd99c70b6e7802deba356a1727e8707x.jpg,https://pictures.dealer.com/f/fairfieldfairfieldfordfd/1995/e273514f0c601215aae536acb0296c53x.jpg,https://pictures.dealer.com/f/fairfieldfairfieldfordfd/0829/5c41a93c9e5a387d0fdabc7dbf574e87x.jpg,https://pictures.dealer.com/f/fairfieldfairfieldfordfd/0766/406f9d7a18124dd75fdc2dd9fde207ffx.jpg",,https://www.carfax.com/vehiclehistory/ar20/LIcq_EKBWNAnFA6-39FaYtw784rSjLEECJSZvNbUTLcWo7DenZ2gRMb5gZgavQ4o-6Sa9LcX0AySVGNgj_pZikM_pXHmO3Nwn-w,https://www.fordfairfield.com/used/Kia/2023-Kia-Sorento-Hybrid-44e11a55ac1830a049f43d7f22b0ea95.htm
1C4RJHBG9PC536757,2023,Jeep,Grand Cherokee,Limited,Velvet Red Pearlcoat,Global Black,0,"$32,493",,,PC536757,19/,3.6L V6 24V VVT,8-Speed Automatic,,SUV,Gasoline,Used,,,WLJP74,,,,,,"https://pictures.dealer.com/f/fairfieldfairfieldfordfd/0148/317dbdd65419eff64c620e03154c03bfx.jpg,https://pictures.dealer.com/f/fairfieldfairfieldfordfd/1016/363b296f6fb2c2de37d43ea1e07b0a78x.jpg,https://pictures.dealer.com/f/fairfieldfairfieldfordfd/1215/d8a91a6021b349f7d7c06ae9d3b49ca0x.jpg,https://pictures.dealer.com/f/fairfieldfairfieldfordfd/0603/4b1b4efcbf61b8fd708f3d7802c7fedax.jpg,https://pictures.dealer.com/f/fairfieldfairfieldfordfd/0376/fc67b95a7e89a24feb69dc5ce1324973x.jpg,https://pictures.dealer.com/f/fairfieldfairfieldfordfd/0923/14807b38666aa9c10d3794a6e1042dedx.jpg,https://pictures.dealer.com/f/fairfieldfairfieldfordfd/0665/6d9ba3d9a5d5c8e46a86f1e993e3f272x.jpg,https://pictures.dealer.com/f/fairfieldfairfieldfordfd/0464/42b5e6aa03bd8b2d95c1f9d533205c48x.jpg,https://pictures.dealer.com/f/fairfieldfairfieldfordfd/1639/197cd97db42701aa7e3ed51c196323b7x.jpg,https://pictures.dealer.com/f/fairfieldfairfieldfordfd/1890/9167c21f3c17579068a01e65f9a26fa7x.jpg,https://pictures.dealer.com/f/fairfieldfairfieldfordfd/1898/ae16f97cfdc646c3f49aecf2b6eda3f0x.jpg,https://pictures.dealer.com/f/fairfieldfairfieldfordfd/1040/949352935bbcfb8e4b94dbc28e74e242x.jpg,https://pictures.dealer.com/f/fairfieldfairfieldfordfd/0528/6cd05536e3c235bd0168137685b5190dx.jpg,https://pictures.dealer.com/f/fairfieldfairfieldfordfd/0267/c216ea3665d8ed9dfdf51b99847968e8x.jpg,https://pictures.dealer.com/f/fairfieldfairfieldfordfd/1741/3f9900d20e9949387f7ab82fdafccb63x.jpg,https://pictures.dealer.com/f/fairfieldfairfieldfordfd/0459/e2b5048d3d43066f879a7a75acb16bb0x.jpg,https://pictures.dealer.com/f/fairfieldfairfieldfordfd/1986/b959fc642a0123c837dbe18aa3b10775x.jpg,https://pictures.dealer.com/f/fairfieldfairfieldfordfd/0322/ce1b3c4cee7341015ace731b0780918bx.jpg,https://pictures.dealer.com/f/fairfieldfairfieldfordfd/1113/5705f15bb5c417293977ca94c6987a44x.jpg,https://pictures.dealer.com/f/fairfieldfairfieldfordfd/0568/a489d3a262c34cc405db58bee1684aafx.jpg,https://pictures.dealer.com/f/fairfieldfairfieldfordfd/1314/c03c063ee2ac1e204562d79ab3cf91d1x.jpg,https://pictures.dealer.com/f/fairfieldfairfieldfordfd/0272/523e67dfab0e9a2792b3f3e060a9890dx.jpg,https://pictures.dealer.com/f/fairfieldfairfieldfordfd/1395/5c98e9bf55432f53e3d389dbce57dc8ax.jpg,https://pictures.dealer.com/f/fairfieldfairfieldfordfd/1066/7a44e7918067380196b66658198fee53x.jpg,https://pictures.dealer.com/f/fairfieldfairfieldfordfd/0310/05403f172c930a034ff8519541b5674ex.jpg,https://pictures.dealer.com/f/fairfieldfairfieldfordfd/1873/69c751ac550c29309c0269b295b0299ex.jpg,https://pictures.dealer.com/f/fairfieldfairfieldfordfd/0332/4b3848fce9a4dac8afa5116fd4473d60x.jpg,https://pictures.dealer.com/f/fairfieldfairfieldfordfd/1379/e6c6a0026894aaaab9288ee17f93915fx.jpg,https://pictures.dealer.com/f/fairfieldfairfieldfordfd/1554/2d0092aee3c95cdb5fcf20c11dd069b2x.jpg,https://pictures.dealer.com/f/fairfieldfairfieldfordfd/1590/a7eda18d84143043b24a913920b8a0cex.jpg,https://pictures.dealer.com/f/fairfieldfairfieldfordfd/0088/4b9c3ef074432a60c12938e11e846e29x.jpg",,https://www.carfax.com/vehiclehistory/ar20/t3oxSPDUZuWBKCLKCr6mZofyOsx6ZmN-qLeYfLylCjFzCNTqdPca26se1b-ooPPfkCDMMOoAIdhrn42M3jn81rkypFQMPSfXfXM,https://www.fordfairfield.com/used/Jeep/2023-Jeep-Grand-Cherokee-748b429cac182f0f02249947affddb52.htm
5XYP3DHC9NG319538,2022,Kia,Telluride,EX,Wolf Gray,Black,0,"$34,591",,,NG319538T,19/,3.8L V6 DOHC,8-Speed Automatic,,SUV,Gasoline,Used,,,J4442,,,,,,"https://pictures.dealer.com/f/fairfieldfairfieldfordfd/1227/e82b0191a9b257eb8e760c08c52374e2x.jpg,https://pictures.dealer.com/f/fairfieldfairfieldfordfd/1277/40c2f31004875f9f18e3d9510caf82cdx.jpg,https://pictures.dealer.com/f/fairfieldfairfieldfordfd/1215/d8a91a6021b349f7d7c06ae9d3b49ca0x.jpg,https://pictures.dealer.com/f/fairfieldfairfieldfordfd/1666/34f7e68ebff0ff0e8b24a20c330312bbx.jpg,https://pictures.dealer.com/f/fairfieldfairfieldfordfd/1914/e200b3e4188722b40031c3da2a2cb2eax.jpg,https://pictures.dealer.com/f/fairfieldfairfieldfordfd/0479/f4fc92f8acb9f2adb2df0342b565b333x.jpg,https://pictures.dealer.com/f/fairfieldfairfieldfordfd/1930/a63c9f3ba7eb55e7fdcf6f8aa495d17ax.jpg,https://pictures.dealer.com/f/fairfieldfairfieldfordfd/1840/fb33b7bd1a6adeccef55ab3a024e336ex.jpg,https://pictures.dealer.com/f/fairfieldfairfieldfordfd/0401/8aa0a272c4ee2986f34c176bfc5bfbfex.jpg,https://pictures.dealer.com/f/fairfieldfairfieldfordfd/0117/677ff5321fa9e1732d9ba97d7b937d3bx.jpg,https://pictures.dealer.com/f/fairfieldfairfieldfordfd/1275/6abf4d6d07206d5d85bfb7baea7d0419x.jpg,https://pictures.dealer.com/f/fairfieldfairfieldfordfd/1040/949352935bbcfb8e4b94dbc28e74e242x.jpg,https://pictures.dealer.com/f/fairfieldfairfieldfordfd/1270/ef6cb85bcf510ab98b1d9eb7306168dfx.jpg,https://pictures.dealer.com/f/fairfieldfairfieldfordfd/0094/471eba8b1df009d2a4d4fbbf1306db84x.jpg,https://pictures.dealer.com/f/fairfieldfairfieldfordfd/1343/5af2aeb4ba8eb28cfb65955d34dc59cex.jpg,https://pictures.dealer.com/f/fairfieldfairfieldfordfd/1083/44ed0069d3ca1456073258fabe5a5699x.jpg,https://pictures.dealer.com/f/fairfieldfairfieldfordfd/0602/c8427d456e7b7a493f8d6b42bd048d82x.jpg,https://pictures.dealer.com/f/fairfieldfairfieldfordfd/1459/2b7102803f260be410ea06c12e740fbcx.jpg,https://pictures.dealer.com/f/fairfieldfairfieldfordfd/0426/4672acb2d1e34686995d4fe9dde512a1x.jpg,https://pictures.dealer.com/f/fairfieldfairfieldfordfd/0680/4585ed94dd7c35a649ce58160b4deebdx.jpg,https://pictures.dealer.com/f/fairfieldfairfieldfordfd/0928/bb5431a70c5a24ad8e41faabd3141cb8x.jpg,https://pictures.dealer.com/f/fairfieldfairfieldfordfd/0858/80504280c7be0091156174ccb2ae64d4x.jpg,https://pictures.dealer.com/f/fairfieldfairfieldfordfd/1286/f2a400469d0ed765273bdccaf5bec0bcx.jpg,https://pictures.dealer.com/f/fairfieldfairfieldfordfd/1199/9e42fc9bd02672003a7dd7a1ee74e9fex.jpg,https://pictures.dealer.com/f/fairfieldfairfieldfordfd/0785/a37475d047fbbe1b4760586236e93e8cx.jpg,https://pictures.dealer.com/f/fairfieldfairfieldfordfd/1577/95d510e4455b3593faaf18e6c69ccad3x.jpg,https://pictures.dealer.com/f/fairfieldfairfieldfordfd/1695/ed9431c6db51aa88b04ff44c8e9ca30fx.jpg,https://pictures.dealer.com/f/fairfieldfairfieldfordfd/1423/bc3f9da71a6da7e5f53a266a54e8c856x.jpg,https://pictures.dealer.com/f/fairfieldfairfieldfordfd/0055/ce0b2c4bd5221f2e52fa79c691f8e2cdx.jpg,https://pictures.dealer.com/f/fairfieldfairfieldfordfd/1873/88a907ce7f7242294437db21676621fax.jpg,https://pictures.dealer.com/f/fairfieldfairfieldfordfd/1358/29dc666ace5fb5865ab3c18c04fdc763x.jpg,https://pictures.dealer.com/f/fairfieldfairfieldfordfd/0773/bd2a8c53157b8b72363916450a055485x.jpg",,https://www.carfax.com/vehiclehistory/ar20/0BJiIYISy4F8gdZWIxhE6_DFLd6GmoVsAaic5X7Z4j55c1bI2aSYwdm04r8BJC0fcfoImhhBZDrEYhzoPdvliA0109kTWVYUpps,https://www.fordfairfield.com/used/Kia/2022-Kia-Telluride-0dbabef5ac183d5c6d318c5b9e8ab41e.htm
5TFCZ5ANXLX239058,2020,Toyota,Tacoma,TRD Sport,Silver,Black/Gun Metal,0,"$34,994",,,LX239058,18/,3.5L V6 PDI DOHC 24V LEV3-ULEV70 278hp,6-Speed,,Truck,Gasoline,Used,,,,,,,,,"https://pictures.dealer.com/f/fairfieldfairfieldfordfd/1120/08e61c5514e82e7d41d2816e7841896fx.jpg,https://pictures.dealer.com/f/fairfieldfairfieldfordfd/1576/f90b11a33243eec4cc9df3bf5de09ef6x.jpg,https://pictures.dealer.com/f/fairfieldfairfieldfordfd/1215/d8a91a6021b349f7d7c06ae9d3b49ca0x.jpg,https://pictures.dealer.com/f/fairfieldfairfieldfordfd/1490/e5ecbe35f84540dbb5a374a7d284d812x.jpg,https://pictures.dealer.com/f/fairfieldfairfieldfordfd/1152/2b21c95f9961da08b6555d85e75ad2b1x.jpg,https://pictures.dealer.com/f/fairfieldfairfieldfordfd/1572/de6a487686b35e2ad1c6dc6480080348x.jpg,https://pictures.dealer.com/f/fairfieldfairfieldfordfd/1647/5e372db6ac9f521e418bc1b8d52d2d0ex.jpg,https://pictures.dealer.com/f/fairfieldfairfieldfordfd/1065/a1fc7c8ffa9d4e04d550c08755011f59x.jpg,https://pictures.dealer.com/f/fairfieldfairfieldfordfd/1701/b6c6728bf39b97e47ea1ea9e2387beb2x.jpg,https://pictures.dealer.com/f/fairfieldfairfieldfordfd/0048/8ef0d1c3590a617e02111cb5482a06c5x.jpg,https://pictures.dealer.com/f/fairfieldfairfieldfordfd/1536/a297881c2e68a9624b1ce9cbf667a4b0x.jpg,https://pictures.dealer.com/f/fairfieldfairfieldfordfd/1040/949352935bbcfb8e4b94dbc28e74e242x.jpg,https://pictures.dealer.com/f/fairfieldfairfieldfordfd/1248/247e5fca480aa9e0fda9333d43623febx.jpg,https://pictures.dealer.com/f/fairfieldfairfieldfordfd/0353/6800f3b05fc690cf6019aa7e408665f0x.jpg,https://pictures.dealer.com/f/fairfieldfairfieldfordfd/0788/6d22d8177f0a39b37c26d39e6999bbedx.jpg,https://pictures.dealer.com/f/fairfieldfairfieldfordfd/1788/c9dd7e00b487eed73112d8256b0791a9x.jpg,https://pictures.dealer.com/f/fairfieldfairfieldfordfd/1644/5a793a1ff2a5bcce77f00bdf31c36193x.jpg,https://pictures.dealer.com/f/fairfieldfairfieldfordfd/0563/501abe84b50a94fd8516f027ecc1bdf2x.jpg,https://pictures.dealer.com/f/fairfieldfairfieldfordfd/1246/3af4775bf31fbd45d733e79273f69a67x.jpg,https://pictures.dealer.com/f/fairfieldfairfieldfordfd/1754/bd4dce0989e3cbb4588b8334f731c394x.jpg,https://pictures.dealer.com/f/fairfieldfairfieldfordfd/0089/b749f1926c02d98db3b5c2b82548699fx.jpg,https://pictures.dealer.com/f/fairfieldfairfieldfordfd/1998/38c0f861930ee847279a66065a4d6ab0x.jpg,https://pictures.dealer.com/f/fairfieldfairfieldfordfd/0783/6134ed4ee64216156cae679899aea45fx.jpg,https://pictures.dealer.com/f/fairfieldfairfieldfordfd/0655/729fadcd7052e343b014dcd1dea7aadex.jpg,https://pictures.dealer.com/f/fairfieldfairfieldfordfd/0316/0d72ca46c994bc1f00c837eebcac64c3x.jpg,https://pictures.dealer.com/f/fairfieldfairfieldfordfd/0225/ef02e82187bb3db1046dbc8336454554x.jpg,https://pictures.dealer.com/f/fairfieldfairfieldfordfd/1394/ed059bcf074793d96c1ccbcf682dafc7x.jpg,https://pictures.dealer.com/f/fairfieldfairfieldfordfd/0986/5213a8261d5985797dff1b92d84a4ef4x.jpg,https://pictures.dealer.com/f/fairfieldfairfieldfordfd/1742/1a78d68f48b208ea02c8756d660a28bfx.jpg",,https://www.carfax.com/vehiclehistory/ar20/jgCvlSSymopydBO5l3SOSrXk2xGc0YpxCANlTBrqBKpKqhAj7ZUVvQp8S3dyTNpWDSMcUd0nGjzVl4e_bEbDP_WJJmkb4q4R6uw,https://www.fordfairfield.com/used/Toyota/2020-Toyota-Tacoma-62ed1770ac1812f8737f819e0a6c2676.htm
4T3E6RFV5NU085299,2022,Toyota,RAV4 Hybrid,XSE,White,Black,0,"$35,591",,,NU085299,,2.5L 4-Cylinder,eCVT,,SUV,Hybrid,Used,,,4530,,,,,,"https://pictures.dealer.com/f/fairfieldfairfieldfordfd/0316/d5b3d388880ce727b3b5e9084f43ef95x.jpg,https://pictures.dealer.com/f/fairfieldfairfieldfordfd/1977/7a804afd092ffaa17cacd7bb495d40fdx.jpg,https://pictures.dealer.com/f/fairfieldfairfieldfordfd/1215/d8a91a6021b349f7d7c06ae9d3b49ca0x.jpg,https://pictures.dealer.com/f/fairfieldfairfieldfordfd/0682/40582dc89e1cd586919910384ed98032x.jpg,https://pictures.dealer.com/f/fairfieldfairfieldfordfd/1430/172ba0b2d816709b8106671a10a35695x.jpg,https://pictures.dealer.com/f/fairfieldfairfieldfordfd/1088/73f3097d32206460571e327f8ecd0110x.jpg,https://pictures.dealer.com/f/fairfieldfairfieldfordfd/0899/bc94f0fb4603dbd175ab4904aa8bf54ax.jpg,https://pictures.dealer.com/f/fairfieldfairfieldfordfd/1364/a538138ad0a02d9519e9e7a3343537d6x.jpg,https://pictures.dealer.com/f/fairfieldfairfieldfordfd/1315/5b3eb946e4d20c5a30e9dbedea5cd499x.jpg,https://pictures.dealer.com/f/fairfieldfairfieldfordfd/1842/e2e10026b58fba94d99c6b813bb16eeax.jpg,https://pictures.dealer.com/f/fairfieldfairfieldfordfd/0907/38ff72fdba2dff460fb3a0159d2e4c39x.jpg,https://pictures.dealer.com/f/fairfieldfairfieldfordfd/1040/949352935bbcfb8e4b94dbc28e74e242x.jpg,https://pictures.dealer.com/f/fairfieldfairfieldfordfd/1764/1d53f3d9c7dee7f68291608729ac056cx.jpg,https://pictures.dealer.com/f/fairfieldfairfieldfordfd/1415/84a2023e5741b930d788d3ead72bd70cx.jpg,https://pictures.dealer.com/f/fairfieldfairfieldfordfd/0279/6928976f66dbeedea81f8e2ba4977da5x.jpg,https://pictures.dealer.com/f/fairfieldfairfieldfordfd/0191/b8c86d76f0719a87364d09a5a598ff96x.jpg,https://pictures.dealer.com/f/fairfieldfairfieldfordfd/1069/83a840987ed00730f97c735070874399x.jpg,https://pictures.dealer.com/f/fairfieldfairfieldfordfd/1537/efaf5b860cadb3136d28a385c87bd501x.jpg,https://pictures.dealer.com/f/fairfieldfairfieldfordfd/0705/1eab3b4f305ce10a8fdeafa5fabfe961x.jpg,https://pictures.dealer.com/f/fairfieldfairfieldfordfd/1239/115e3401abe2471838541b5ed5742f57x.jpg,https://pictures.dealer.com/f/fairfieldfairfieldfordfd/0343/67d1bbfdb53486c61171515e068a3261x.jpg,https://pictures.dealer.com/f/fairfieldfairfieldfordfd/0778/64546c506774177683c67a65bb1e2cecx.jpg,https://pictures.dealer.com/f/fairfieldfairfieldfordfd/0998/f3885c6d3ede9904baf0d1e4b6da299bx.jpg,https://pictures.dealer.com/f/fairfieldfairfieldfordfd/1202/29cff947fd12232079c7a6a944b05ab6x.jpg,https://pictures.dealer.com/f/fairfieldfairfieldfordfd/1868/d7c19c5edaa313cc6921fa9c08e31e93x.jpg,https://pictures.dealer.com/f/fairfieldfairfieldfordfd/0683/8665460bf4f0ccea51befba192e83d5ax.jpg,https://pictures.dealer.com/f/fairfieldfairfieldfordfd/0590/383de1f5a219a5e59cdb36e9bb7906fax.jpg,https://pictures.dealer.com/f/fairfieldfairfieldfordfd/0533/f91913bca81d4d77d08362fa2251ed5ex.jpg,https://pictures.dealer.com/f/fairfieldfairfieldfordfd/1376/4e12c738157ab4b02fe83e1abf7ced1dx.jpg,https://pictures.dealer.com/f/fairfieldfairfieldfordfd/1309/fcc77035cf294acd4dfee465527c99a9x.jpg,https://pictures.dealer.com/f/fairfieldfairfieldfordfd/1624/977bc4c901f3417081f93138be87b852x.jpg",,https://www.carfax.com/vehiclehistory/ar20/oQqAE0DSTTFXQlmdpAeqdj6XItZZ6dvMgM_ywnmCRhGHLTJs7iQJBQZPO-QTdmB8u2MhglX4hlKkd0Un78V52SxQ5YU0GT6Gpbs,https://www.fordfairfield.com/used/Toyota/2022-Toyota-RAV4-Hybrid-0f7a55eeac180ccb907a2ab07d2b51d8.htm
5TDJZRBHXNS247709,2022,Toyota,Highlander,XSE,Gray,Cockpit Red,0,"$36,393",,,NS247709,20/,3.5L V6 DOHC,8-Speed Automatic,,SUV,Gasoline,Used,,,6959,,,,,,"https://pictures.dealer.com/f/fairfieldfairfieldfordfd/0625/cebf04c0d9a8dbc987751d6aaf9691f0x.jpg,https://pictures.dealer.com/f/fairfieldfairfieldfordfd/0718/ec5171a3a6a0307c1b4069a561d84726x.jpg,https://pictures.dealer.com/f/fairfieldfairfieldfordfd/1215/d8a91a6021b349f7d7c06ae9d3b49ca0x.jpg,https://pictures.dealer.com/f/fairfieldfairfieldfordfd/1162/7fb7b48c5d3a3eae20b1a639c25d5001x.jpg,https://pictures.dealer.com/f/fairfieldfairfieldfordfd/0225/c6b0c8a8467a7fb1293d8b367239cc4dx.jpg,https://pictures.dealer.com/f/fairfieldfairfieldfordfd/1443/68ee1836fbb89347e704af62aa26ba8bx.jpg,https://pictures.dealer.com/f/fairfieldfairfieldfordfd/0025/3ceb740b313bdcb32a29652ae670c315x.jpg,https://pictures.dealer.com/f/fairfieldfairfieldfordfd/1635/55005ed68c803abbfba8e072f42bca29x.jpg,https://pictures.dealer.com/f/fairfieldfairfieldfordfd/0420/87e8041278dd3ded52ed07c63ff4d786x.jpg,https://pictures.dealer.com/f/fairfieldfairfieldfordfd/1445/4c6d934508107e17776222e4aa69907fx.jpg,https://pictures.dealer.com/f/fairfieldfairfieldfordfd/0293/c6a3b37a9d9b7d0ca98e7f6784f8aff8x.jpg,https://pictures.dealer.com/f/fairfieldfairfieldfordfd/1040/949352935bbcfb8e4b94dbc28e74e242x.jpg,https://pictures.dealer.com/f/fairfieldfairfieldfordfd/1884/d069d77175e63fc69efe558767abb76bx.jpg,https://pictures.dealer.com/f/fairfieldfairfieldfordfd/1149/d74b0ebb36d73b94de92de5f58e8b333x.jpg,https://pictures.dealer.com/f/fairfieldfairfieldfordfd/0328/c186f31e49bab29cb7b1acf65d8753e6x.jpg,https://pictures.dealer.com/f/fairfieldfairfieldfordfd/1065/f2fcf83fe442841efbd539ba497c9492x.jpg,https://pictures.dealer.com/f/fairfieldfairfieldfordfd/1114/6789127a40cb3478ee247f01333ccd50x.jpg,https://pictures.dealer.com/f/fairfieldfairfieldfordfd/1557/3a44b03f0b4699bf1fa591b6bed4ae4ex.jpg,https://pictures.dealer.com/f/fairfieldfairfieldfordfd/0600/214888308d634c07966b757e95117031x.jpg,https://pictures.dealer.com/f/fairfieldfairfieldfordfd/0274/3c649262798ede0238baf8be0ea73750x.jpg,https://pictures.dealer.com/f/fairfieldfairfieldfordfd/1603/27e2f7bdc52f17ea8316ac2ace414141x.jpg,https://pictures.dealer.com/f/fairfieldfairfieldfordfd/1265/979b5fc7ae46dcd038ca188f37a7fbb5x.jpg,https://pictures.dealer.com/f/fairfieldfairfieldfordfd/0184/781afe2581417d4f593fac9f0c90dec6x.jpg,https://pictures.dealer.com/f/fairfieldfairfieldfordfd/0966/e5b8d631b32b779df3c6d5ba6c569a2cx.jpg,https://pictures.dealer.com/f/fairfieldfairfieldfordfd/1293/a78c5bd668ddad79b65c41157c3fa065x.jpg,https://pictures.dealer.com/f/fairfieldfairfieldfordfd/1035/b9f6ef734115102e68ff8531c491a2b4x.jpg,https://pictures.dealer.com/f/fairfieldfairfieldfordfd/1226/baa3d5b38137e04b0db58faf9c1c2038x.jpg,https://pictures.dealer.com/f/fairfieldfairfieldfordfd/1643/24aa94717f9fdc52a1e82126da9740c1x.jpg,https://pictures.dealer.com/f/fairfieldfairfieldfordfd/0440/6b4262bbf6bac89b5c8eb37944c2ec43x.jpg,https://pictures.dealer.com/f/fairfieldfairfieldfordfd/0288/6e901a57f45d1afdf97e52438f0b079cx.jpg",,https://www.carfax.com/vehiclehistory/ar20/Sj_bvsxPsKDQzRbGn9HCe5oQyqh3N2bQZTNsyIT-f_JVRovYmulkv6hlTs5vse6dNEiQ4sRQB3nMWx4p_x9q5Y6bJGiToSfU2bc,https://www.fordfairfield.com/used/Toyota/2022-Toyota-Highlander-7d875c7bac18404058e611a55b761dc2.htm
5XYP5DGC3PG347902,2023,Kia,Telluride,SX-Prestige X-Line,Gravity Gray,Black,0,"$37,294",,,PG347902,18/,3.8L V6 DGI DOHC Dual CVVT,8-Speed Automatic,,SUV,Gasoline,Used,,,J44A2,,,,,,"https://pictures.dealer.com/f/fairfieldfairfieldfordfd/0658/184c5e74b7271a026dbee59e7a3e6e3dx.jpg,https://pictures.dealer.com/f/fairfieldfairfieldfordfd/1793/6853761443e0b9a0447749a3ab7f01d8x.jpg,https://pictures.dealer.com/f/fairfieldfairfieldfordfd/1985/d8a91a6021b349f7d7c06ae9d3b49ca0x.jpg,https://pictures.dealer.com/f/fairfieldfairfieldfordfd/1523/d994d335a7dc4b1b959d226b5ce8a560x.jpg,https://pictures.dealer.com/f/fairfieldfairfieldfordfd/1956/706eb11ca422e781ad6b46c4203e6572x.jpg,https://pictures.dealer.com/f/fairfieldfairfieldfordfd/1377/b058e565d476a6255d48f57d39b81490x.jpg,https://pictures.dealer.com/f/fairfieldfairfieldfordfd/1264/578f6f6fbe6db021f4e9616d4130bce3x.jpg,https://pictures.dealer.com/f/fairfieldfairfieldfordfd/1842/8372fdee4a05522c1f4167e718110227x.jpg,https://pictures.dealer.com/f/fairfieldfairfieldfordfd/1566/98a7e65472de932c8abcadbb6b205b8cx.jpg,https://pictures.dealer.com/f/fairfieldfairfieldfordfd/0442/b70503d45f6d44a7fb0bd987f2b967eax.jpg,https://pictures.dealer.com/f/fairfieldfairfieldfordfd/0721/70528e861ed9d20131532cb109a23e48x.jpg,https://pictures.dealer.com/f/fairfieldfairfieldfordfd/1613/949352935bbcfb8e4b94dbc28e74e242x.jpg,https://pictures.dealer.com/f/fairfieldfairfieldfordfd/1186/fdbd3d7eb188ab7653d61216837a14d1x.jpg,https://pictures.dealer.com/f/fairfieldfairfieldfordfd/1000/0bb81dabc97532396f38ed19aabbf257x.jpg,https://pictures.dealer.com/f/fairfieldfairfieldfordfd/1038/ec49e97be717cf3954e5ad0499801c73x.jpg,https://pictures.dealer.com/f/fairfieldfairfieldfordfd/0753/4b6f3a7d6e712893c485dafba6799860x.jpg,https://pictures.dealer.com/f/fairfieldfairfieldfordfd/1623/1e931c8b01d045e16864a0348387bd02x.jpg,https://pictures.dealer.com/f/fairfieldfairfieldfordfd/1245/87ed3c77ab08deabf37d98a7ec46d226x.jpg,https://pictures.dealer.com/f/fairfieldfairfieldfordfd/0736/157b048e41f65d9eb5967e585b8dc8eax.jpg,https://pictures.dealer.com/f/fairfieldfairfieldfordfd/0716/44db0f9b88a596f231129d5869282da7x.jpg,https://pictures.dealer.com/f/fairfieldfairfieldfordfd/1522/f205baeb577302ae526ff13d4e7a808ex.jpg,https://pictures.dealer.com/f/fairfieldfairfieldfordfd/1100/c2d6c887f3b1e7f19d3dfd27a0497ca6x.jpg,https://pictures.dealer.com/f/fairfieldfairfieldfordfd/1915/7d54f9876f9ff5ee2464d26d79cb4494x.jpg,https://pictures.dealer.com/f/fairfieldfairfieldfordfd/0585/2b85255c6959fb75eb162a20c0b9a34ex.jpg,https://pictures.dealer.com/f/fairfieldfairfieldfordfd/1076/7a4f17581a2ef5aeef131d3828911c5ax.jpg,https://pictures.dealer.com/f/fairfieldfairfieldfordfd/1779/1b58a75de14c5d4a4f90ef00aedb7cd9x.jpg,https://pictures.dealer.com/f/fairfieldfairfieldfordfd/0318/8b38101aaf4b390a44ad6399914a96b3x.jpg,https://pictures.dealer.com/f/fairfieldfairfieldfordfd/0855/22d2f8cdd4e1519f85eeba7f7721cd06x.jpg,https://pictures.dealer.com/f/fairfieldfairfieldfordfd/1950/e7fe15cb0a1a1acc1b52c4596621f8fax.jpg,https://pictures.dealer.com/f/fairfieldfairfieldfordfd/0111/1691fcc4201f2b54ddefb9420f83142cx.jpg,https://pictures.dealer.com/f/fairfieldfairfieldfordfd/0050/c2b93d0649f9563a8f72eeb52fdb6e53x.jpg,https://pictures.dealer.com/f/fairfieldfairfieldfordfd/1470/d826823e5e71b58a01e44ebe6d5635a8x.jpg",,https://www.carfax.com/vehiclehistory/ar20/px7RDFiQCFGZMGNYdPg26PDBex11vYz38Nk3H1IEFdjXZsUigxzz1iQYcCH9jtEDuzV5ywwKsZvoX2x9G0qQ8TpzXVRVLeAZl5Y,https://www.fordfairfield.com/used/Kia/2023-Kia-Telluride-1bb2e4a4ac180cd3b5f8fe41173ac16a.htm
1C4JJXR60NW209079,2022,Jeep,Wrangler,Unlimited Rubicon 4xe,Sting-Gray Clearcoat,Black,0,"$38,391",,,NW209079,,2L I4 DOHC,8-Speed Automatic,,SUV,Hybrid,Used,,,JLXS74,,,,,,https://images.dealer.com/ddc/vehicles/2022/Jeep/Wrangler%20Unlimited%204xe/SUV/trim_Rubicon_ab30ad/color/Sting%20Gray%20Clearcoat-PDN-48%2C50%2C51-640-en_US.jpg,,https://www.carfax.com/vehiclehistory/ar20/7mdbN_CXvOgUEagMb5sfKxLKdWfJ34dqAwKzMYXzP_1hIAjKmaXBmYjD_Eo0ZDNjBMBnOwKTrgrqc9nYvU3NmN9aCo52GH2wzSI,https://www.fordfairfield.com/used/Jeep/2022-Jeep-Wrangler-36ea6cbdac180ccb907a2ab00d05d940.htm
3MW39FF05R8E41734,2024,BMW,3 Series,330e iPerformance,Skyscraper Gray Metallic,Cognac,0,"$38,592",,,R8E41734,,2L 4-Cylinder,8-Speed Automatic Sport,,Sedan,Gasoline,Used,,,243D,,,,,,"https://pictures.dealer.com/f/fairfieldfairfieldfordfd/1342/c9a8000570cdaf4d7a4f834121017892x.jpg,https://pictures.dealer.com/f/fairfieldfairfieldfordfd/0768/7f1c613b4d550ab60e35b0d00c94e295x.jpg,https://pictures.dealer.com/f/fairfieldfairfieldfordfd/1215/d8a91a6021b349f7d7c06ae9d3b49ca0x.jpg,https://pictures.dealer.com/f/fairfieldfairfieldfordfd/0830/708bd31720296bd20736ca2f233f887fx.jpg,https://pictures.dealer.com/f/fairfieldfairfieldfordfd/1954/8de375ed45722af62c92adbc280660c4x.jpg,https://pictures.dealer.com/f/fairfieldfairfieldfordfd/1391/0d0774d324debd92f940b678243ef9e2x.jpg,https://pictures.dealer.com/f/fairfieldfairfieldfordfd/0312/f922fa665dc2861c8b731cb664a27995x.jpg,https://pictures.dealer.com/f/fairfieldfairfieldfordfd/1763/887e23627675d4572a98f6eb6b32f096x.jpg,https://pictures.dealer.com/f/fairfieldfairfieldfordfd/0914/5b68e6884890c84e4f4a02c61f6c7bcdx.jpg,https://pictures.dealer.com/f/fairfieldfairfieldfordfd/0991/406ea2c5d59c935654a5f1bc04744255x.jpg,https://pictures.dealer.com/f/fairfieldfairfieldfordfd/1988/48920a526d9c6348ad60bb2289330969x.jpg,https://pictures.dealer.com/f/fairfieldfairfieldfordfd/1040/949352935bbcfb8e4b94dbc28e74e242x.jpg,https://pictures.dealer.com/f/fairfieldfairfieldfordfd/1088/4b0c0ef261d9c4b94679386d15e63a9ex.jpg,https://pictures.dealer.com/f/fairfieldfairfieldfordfd/1315/51a2285566f6d3567b83b8c443254120x.jpg,https://pictures.dealer.com/f/fairfieldfairfieldfordfd/1048/28e140aeef03f23a25cf682ed72be258x.jpg,https://pictures.dealer.com/f/fairfieldfairfieldfordfd/1229/fdce374a2882756f35b115466955cb59x.jpg,https://pictures.dealer.com/f/fairfieldfairfieldfordfd/1365/ed5c23c75293d74a58fcf9670af71913x.jpg,https://pictures.dealer.com/f/fairfieldfairfieldfordfd/1141/2b3ab3a110612e54e079f78e3dec3e96x.jpg,https://pictures.dealer.com/f/fairfieldfairfieldfordfd/0652/7b9b4b0c2afb30ee8c2e4bec992fac1dx.jpg,https://pictures.dealer.com/f/fairfieldfairfieldfordfd/1297/c1d8f7566d7ffb21b2516e0e34eb67b3x.jpg,https://pictures.dealer.com/f/fairfieldfairfieldfordfd/0501/b5b9e1567cf86a24be7361bf1d2d14cex.jpg,https://pictures.dealer.com/f/fairfieldfairfieldfordfd/0853/d74cedbe011165e69d00c0ca9cf461e9x.jpg,https://pictures.dealer.com/f/fairfieldfairfieldfordfd/1346/3bd6ef23a2981be55fc24cf5c1709472x.jpg,https://pictures.dealer.com/f/fairfieldfairfieldfordfd/0228/61c8845fb607807a815e6f9dc9783bd8x.jpg,https://pictures.dealer.com/f/fairfieldfairfieldfordfd/0080/0d18564d1c7d2f6e505d20e72fc72ba1x.jpg,https://pictures.dealer.com/f/fairfieldfairfieldfordfd/0618/99d5e0ec6c35427f889224ac4d902076x.jpg,https://pictures.dealer.com/f/fairfieldfairfieldfordfd/1099/5b1bfc7458eaf9ba3eb119c3b6771726x.jpg,https://pictures.dealer.com/f/fairfieldfairfieldfordfd/0056/51187e24bd634465381b23e8bfc62485x.jpg",,https://www.carfax.com/vehiclehistory/ar20/NUbtPaZbBf0vYv7ymOU-q_F2e1R18GQFfwep7W_AWXobvNGExL6pK00OCnL4wuJ9L-DmtXzSBg4_rCc537ODXEJb_vhIO405WCo,https://www.fordfairfield.com/used/BMW/2024-BMW-3-Series-cb9e6115ac1819acc11d1fff55bc333e.htm
JTJAKCEZ1N5003388,2022,LEXUS,NX,350h Base,Eminent White Pearl,Flare Red,0,"$41,591",,,N5003388,,2.5L I4 DOHC 16V,eCVT,,SUV,Hybrid,Used,,,9844,,,,,,"https://pictures.dealer.com/f/fairfieldfairfieldfordfd/0716/77bc52aae0831eb7290c06f0503e74c2x.jpg,https://pictures.dealer.com/f/fairfieldfairfieldfordfd/1116/b40517180230d1b3755a9f7a96ae8169x.jpg,https://pictures.dealer.com/f/fairfieldfairfieldfordfd/1215/d8a91a6021b349f7d7c06ae9d3b49ca0x.jpg,https://pictures.dealer.com/f/fairfieldfairfieldfordfd/1631/f9327ce77a4809c5cfbd914072c96198x.jpg,https://pictures.dealer.com/f/fairfieldfairfieldfordfd/0115/f3bbdc5fdaa955101dd032c0331c4d22x.jpg,https://pictures.dealer.com/f/fairfieldfairfieldfordfd/1206/cc400a0c2327123f76140b023350bb12x.jpg,https://pictures.dealer.com/f/fairfieldfairfieldfordfd/1592/d5cf2c3a1a3e2568d31cb1420d572f9cx.jpg,https://pictures.dealer.com/f/fairfieldfairfieldfordfd/1069/1af502414a92f40cdda5ac601accd7fdx.jpg,https://pictures.dealer.com/f/fairfieldfairfieldfordfd/1103/0258a09ffee1a9eafd987e86625b9710x.jpg,https://pictures.dealer.com/f/fairfieldfairfieldfordfd/0144/1b503ea3aa821f843e4ee63f32e469dbx.jpg,https://pictures.dealer.com/f/fairfieldfairfieldfordfd/0926/ded248465330a972c2df26321f690211x.jpg,https://pictures.dealer.com/f/fairfieldfairfieldfordfd/1040/949352935bbcfb8e4b94dbc28e74e242x.jpg,https://pictures.dealer.com/f/fairfieldfairfieldfordfd/0954/2b6c4f069ca95e22633452cbbbea4ef9x.jpg,https://pictures.dealer.com/f/fairfieldfairfieldfordfd/0820/e69d6939ed0128c2414d454ff3820469x.jpg,https://pictures.dealer.com/f/fairfieldfairfieldfordfd/0415/ea70179e33187ba38b4c71d65e83456cx.jpg,https://pictures.dealer.com/f/fairfieldfairfieldfordfd/1434/33b35fbd07900965ad0ab5682d4994cbx.jpg,https://pictures.dealer.com/f/fairfieldfairfieldfordfd/1100/f8b7bbce81523a3a8374736ce5c5f8c2x.jpg,https://pictures.dealer.com/f/fairfieldfairfieldfordfd/1369/43cda64f7cde5583425c731658a8668bx.jpg,https://pictures.dealer.com/f/fairfieldfairfieldfordfd/1345/9304f24d9511580168a842df6bdd9737x.jpg,https://pictures.dealer.com/f/fairfieldfairfieldfordfd/0198/3acd0a3fe2276d500ee1c1dec06995e9x.jpg,https://pictures.dealer.com/f/fairfieldfairfieldfordfd/1135/1c099fd4b76e92a3ef7347f971e21411x.jpg,https://pictures.dealer.com/f/fairfieldfairfieldfordfd/1290/2a830f0259915b505356bd3423ed6ac4x.jpg,https://pictures.dealer.com/f/fairfieldfairfieldfordfd/0088/85dd9a7f2e43ecdb863e5ea5b58e1e86x.jpg,https://pictures.dealer.com/f/fairfieldfairfieldfordfd/0350/146e5fce863373773c88e975782adb1fx.jpg,https://pictures.dealer.com/f/fairfieldfairfieldfordfd/0879/b41d2d354931cb03405c0d049e7bd7dax.jpg,https://pictures.dealer.com/f/fairfieldfairfieldfordfd/0786/c480c9b66da101003d42981caf4196a7x.jpg,https://pictures.dealer.com/f/fairfieldfairfieldfordfd/1867/834ea52cb03f10ca45279f2045cf7d8cx.jpg,https://pictures.dealer.com/f/fairfieldfairfieldfordfd/1222/9b6e6537b8b455ff2226ea5070961529x.jpg",,https://www.carfax.com/vehiclehistory/ar20/o_aj8b1JIUiCwpZeT9M7DKKs40olVZOyFdWAITpQWXNJqLn2XcVx7bA1kZncLXBjk73bxx1S1nJOLAW5OD3UXGp3AURbK28x7cc,https://www.fordfairfield.com/used/LEXUS/2022-LEXUS-NX-3ceefb92ac18398030ed32a5e618d398.htm
5LMYJ8XYXLGL37984,2020,Lincoln,Aviator,Grand Touring,White,Sandstone,0,"$41,991",,,LGL37984,,3L V6 Hybrid Turbocharged DOHC 24V LEV3-SULEV30,10-Speed Automatic,,SUV,Hybrid,Used,,,J8X,,,,,,"https://pictures.dealer.com/f/fairfieldfairfieldfordfd/0707/64e291b5858c1227d90279f989cc1e43x.jpg,https://pictures.dealer.com/f/fairfieldfairfieldfordfd/0748/38e579c77d03367348c6265630adbde2x.jpg,https://pictures.dealer.com/f/fairfieldfairfieldfordfd/0957/076f809b41cb195cc5e62f5716a9e285x.jpg,https://pictures.dealer.com/f/fairfieldfairfieldfordfd/1924/3abcaa07df8e33ca442aa48c12e95545x.jpg,https://pictures.dealer.com/f/fairfieldfairfieldfordfd/1965/2cdcb9cfcdd32b5f9a601f328d986d77x.jpg,https://pictures.dealer.com/f/fairfieldfairfieldfordfd/1518/54320355e80cced3b57e5ee8809433f9x.jpg,https://pictures.dealer.com/f/fairfieldfairfieldfordfd/0981/a0c989baebadceea440341bd7d3b08c9x.jpg,https://pictures.dealer.com/f/fairfieldfairfieldfordfd/1903/f11a0c92740ab12cf03e36f48c3c7296x.jpg,https://pictures.dealer.com/f/fairfieldfairfieldfordfd/0610/eb9669f5c4b3c831435518e9d25727d5x.jpg,https://pictures.dealer.com/f/fairfieldfairfieldfordfd/0799/53ff31057b099938aa5928d9933b9b33x.jpg,https://pictures.dealer.com/f/fairfieldfairfieldfordfd/0757/6ebdc278e058c61b7001a35dcd834ef7x.jpg,https://pictures.dealer.com/f/fairfieldfairfieldfordfd/1040/949352935bbcfb8e4b94dbc28e74e242x.jpg,https://pictures.dealer.com/f/fairfieldfairfieldfordfd/1134/7cfb5d78c183523cfce0fcddd1586c42x.jpg,https://pictures.dealer.com/f/fairfieldfairfieldfordfd/1101/5d20facd26b20b427b9dba61f2a7a092x.jpg,https://pictures.dealer.com/f/fairfieldfairfieldfordfd/0396/f55bdc89de63a40feb518a5ca797c0d2x.jpg,https://pictures.dealer.com/f/fairfieldfairfieldfordfd/1280/8f1b8f7b62a9c898eaad7791c5c08b05x.jpg,https://pictures.dealer.com/f/fairfieldfairfieldfordfd/0143/f06a089c6582044120ad750613e06dd8x.jpg,https://pictures.dealer.com/f/fairfieldfairfieldfordfd/1359/0ec254390d0f2de13b3886b8ccc5fa3ex.jpg,https://pictures.dealer.com/f/fairfieldfairfieldfordfd/0175/c94f942eb5cfd01d726fe85aedfd5990x.jpg,https://pictures.dealer.com/f/fairfieldfairfieldfordfd/0406/4f57436a9a7c133ecbd0b909512b1c7bx.jpg,https://pictures.dealer.com/f/fairfieldfairfieldfordfd/0245/7474ecf63b0d8a295c996157d3772a7dx.jpg,https://pictures.dealer.com/f/fairfieldfairfieldfordfd/0364/0f7220f98731159b792546d029e60e1dx.jpg,https://pictures.dealer.com/f/fairfieldfairfieldfordfd/1438/280fcc30b27d803f2a487d09a4c9cc5fx.jpg,https://pictures.dealer.com/f/fairfieldfairfieldfordfd/1579/062da45498d9e7362ccb648bf59a4b55x.jpg,https://pictures.dealer.com/f/fairfieldfairfieldfordfd/0858/20a2af0be01b22bd0362161c7e77e831x.jpg,https://pictures.dealer.com/f/fairfieldfairfieldfordfd/0143/a9c5c8c1c9469265ec42cf48a180d7ecx.jpg,https://pictures.dealer.com/f/fairfieldfairfieldfordfd/0249/fcd97913d112c9d6781dfc2ccefc446fx.jpg,https://pictures.dealer.com/f/fairfieldfairfieldfordfd/0706/1daeae95ae57a49fba01fa435f854c1fx.jpg,https://pictures.dealer.com/f/fairfieldfairfieldfordfd/1729/08dc3bb8014b0b5d07595d46b64e58cax.jpg,https://pictures.dealer.com/f/fairfieldfairfieldfordfd/0315/a1efe2a5b53cf024aa8a1bf5d2db6f26x.jpg,https://pictures.dealer.com/f/fairfieldfairfieldfordfd/0795/92398dc5dd27357ca852e2f561f0c15bx.jpg,https://pictures.dealer.com/f/fairfieldfairfieldfordfd/1625/148fc3df2a9e1cf621d92318744571a7x.jpg",,https://www.carfax.com/vehiclehistory/ar20/Fksayta7b6JPghZ-yk-h84cGQdTZn3gj9EPyfQucC32oLYR6W_q9mut8d5FZK8vvkKJaOnaEXzFfSqw1IIgFJ902szT7_a5OvWo,https://www.fordfairfield.com/used/Lincoln/2020-Lincoln-Aviator-18130987ac182783f5c09a08839c4e40.htm
WP1AB2A5XMLB32867,2021,Porsche,Macan,S,Sapphire Blue Metallic,Black,0,"$42,594",,,MLB32867,18/,3L V6,7-Speed Porsche Doppelkupplung (PDK),,SUV,Gasoline,Used,,,95BBH1,,,,,,"https://pictures.dealer.com/f/fairfieldfairfieldfordfd/1110/76c09eec65344dc67df081cc74171de3x.jpg,https://pictures.dealer.com/f/fairfieldfairfieldfordfd/0229/c7ea1abd297961a410c03bac30d5e723x.jpg,https://pictures.dealer.com/f/fairfieldfairfieldfordfd/1985/d8a91a6021b349f7d7c06ae9d3b49ca0x.jpg,https://pictures.dealer.com/f/fairfieldfairfieldfordfd/1651/7bab264ff0d42c88f5b20c63dd325e98x.jpg,https://pictures.dealer.com/f/fairfieldfairfieldfordfd/1685/754ebd89d1235f86bddf570968e2b5c9x.jpg,https://pictures.dealer.com/f/fairfieldfairfieldfordfd/1545/5c1120da67320503b557c00accb259cbx.jpg,https://pictures.dealer.com/f/fairfieldfairfieldfordfd/0933/0af6c1470657ae3445ae42d943f2ce74x.jpg,https://pictures.dealer.com/f/fairfieldfairfieldfordfd/0077/1b51c85eaad487a32f6640adcd10cc32x.jpg,https://pictures.dealer.com/f/fairfieldfairfieldfordfd/1907/1d4b9b96b4850545b38ddbc5b39afd1ax.jpg,https://pictures.dealer.com/f/fairfieldfairfieldfordfd/1029/38576e759e818efbbd4cfdab5c84f8d0x.jpg,https://pictures.dealer.com/f/fairfieldfairfieldfordfd/1404/fc4df6feffe3f4dcdbc468d5a7c48342x.jpg,https://pictures.dealer.com/f/fairfieldfairfieldfordfd/1613/949352935bbcfb8e4b94dbc28e74e242x.jpg,https://pictures.dealer.com/f/fairfieldfairfieldfordfd/1851/cb1248930a47f55fa71a0eb878f96afbx.jpg,https://pictures.dealer.com/f/fairfieldfairfieldfordfd/0020/141a9d1ba072897ec5696c12ab806f21x.jpg,https://pictures.dealer.com/f/fairfieldfairfieldfordfd/1343/15bc5a8856737592b9abebf1ff155f71x.jpg,https://pictures.dealer.com/f/fairfieldfairfieldfordfd/1524/dc1031242ed74685345f1c7058c7d155x.jpg,https://pictures.dealer.com/f/fairfieldfairfieldfordfd/0649/a0f75448d3d1a8d8be4a8bfeaeb19999x.jpg,https://pictures.dealer.com/f/fairfieldfairfieldfordfd/0265/35c665260c7562fe1fb6ea73a5ee2f0ex.jpg,https://pictures.dealer.com/f/fairfieldfairfieldfordfd/0505/235b3af1f8f61b4e928a3c743f58f804x.jpg,https://pictures.dealer.com/f/fairfieldfairfieldfordfd/0244/0ab4f64b7d0d49d972b9fde7d1fc187ex.jpg,https://pictures.dealer.com/f/fairfieldfairfieldfordfd/1142/e83c62122c5d039b5d6edaf521c0013bx.jpg,https://pictures.dealer.com/f/fairfieldfairfieldfordfd/0107/ca4f026e9e121e4aed7788d8f3ec6459x.jpg,https://pictures.dealer.com/f/fairfieldfairfieldfordfd/0917/5e86034bf59f12820b638cef48b0b1c7x.jpg,https://pictures.dealer.com/f/fairfieldfairfieldfordfd/0093/3bf074934d3b1b6994bfd214d2f4be3ex.jpg,https://pictures.dealer.com/f/fairfieldfairfieldfordfd/0322/76bdae43eb682fc3e0d06c7f9c8e5051x.jpg,https://pictures.dealer.com/f/fairfieldfairfieldfordfd/0426/7d4fc4754ed30ee21bd2c73d5ad625d2x.jpg,https://pictures.dealer.com/f/fairfieldfairfieldfordfd/1284/03614dd889ea6ffcb76920585ade1565x.jpg,https://pictures.dealer.com/f/fairfieldfairfieldfordfd/0053/a9ce9e3f3fb0fffdb4741d71b9aae0f4x.jpg,https://pictures.dealer.com/f/fairfieldfairfieldfordfd/0864/bdd9e159c2c48e60b205ee65485a6831x.jpg,https://pictures.dealer.com/f/fairfieldfairfieldfordfd/1652/fb62e1430e71c47d2903108bb7bf46cbx.jpg,https://pictures.dealer.com/f/fairfieldfairfieldfordfd/0635/1b088d161d5a0e27226fca6187ce0190x.jpg",,https://www.carfax.com/vehiclehistory/ar20/C2w8bEQGRXGje1ywfKB209tcSc1A2oGiOabnokD4IG9_d6EY3hKl9G58hicWZZVfx847Nj0IIhwrnTbbWR_2V4A2aaOFg7l2wB0,https://www.fordfairfield.com/used/Porsche/2021-Porsche-Macan-5b2d55e6ac181ac0c35c016644a872b2.htm
1C6SRFHT5LN187962,2020,Ram,1500,Limited,Patriot Blue Pearlcoat,Black,0,"$42,991",,,LN187962,19/,5.7L HEMI V8 Multi Displacement VVT,8-Speed Automatic,,Truck,Gasoline,Used,,,DT6M98,,,,,,https://images.dealer.com/autodata/us/color/2020/USD00RMT11CF0/PPX.jpg,,https://www.carfax.com/vehiclehistory/ar20/zADflTyRSFO6ALA2XROKrS3mrcrEx32xBUzGZH8GyyUAh-dD2UWTlAx5CW-lTcSGgU5632VfAvE_HNgR2bcrHTyiJ1mFkMIcz5w,https://www.fordfairfield.com/used/Ram/2020-Ram-1500-36ea6f39ac184a9b6e3800da3ecbda19.htm
3C6UR5DL0NG104359,2022,Ram,2500,Big Horn,Bright White Clearcoat,Black,0,"$44,493",,,NG104359T,,6.7L Cummins I6 Turbodiesel,6-Speed Automatic,,Truck,Diesel,Used,,,DJ7H91,,,,,,"https://pictures.dealer.com/f/fairfieldfairfieldfordfd/0167/cedee507fb3a25221604598380c1dee0x.jpg,https://pictures.dealer.com/f/fairfieldfairfieldfordfd/1380/340e7cb00e9fe7a83c986c7d61b17dfdx.jpg,https://pictures.dealer.com/f/fairfieldfairfieldfordfd/1215/d8a91a6021b349f7d7c06ae9d3b49ca0x.jpg,https://pictures.dealer.com/f/fairfieldfairfieldfordfd/1956/8f30115e22294ab44b6670855d7d746fx.jpg,https://pictures.dealer.com/f/fairfieldfairfieldfordfd/0754/d2859512c8f7a3c16f34cd5b2130a322x.jpg,https://pictures.dealer.com/f/fairfieldfairfieldfordfd/1500/5b40ffeacebab2c31f6248adba240381x.jpg,https://pictures.dealer.com/f/fairfieldfairfieldfordfd/0572/ac7db9c5ea36a628c0042c64e88e0ca3x.jpg,https://pictures.dealer.com/f/fairfieldfairfieldfordfd/1692/9084352072c61a23b4858784cbb6cbecx.jpg,https://pictures.dealer.com/f/fairfieldfairfieldfordfd/1558/6e356b9ef2a5dc9d73f763abef566195x.jpg,https://pictures.dealer.com/f/fairfieldfairfieldfordfd/1728/3314a3b37ed6e120216c7011ff0e3affx.jpg,https://pictures.dealer.com/f/fairfieldfairfieldfordfd/1012/f2fdb02e7514e213105ef4ae763621c3x.jpg,https://pictures.dealer.com/f/fairfieldfairfieldfordfd/1040/949352935bbcfb8e4b94dbc28e74e242x.jpg,https://pictures.dealer.com/f/fairfieldfairfieldfordfd/1821/82b6c7a22adc899eb6aa2ea9fd783dfax.jpg,https://pictures.dealer.com/f/fairfieldfairfieldfordfd/1305/9ddd4f00dde6e89544392fd1f0516d13x.jpg,https://pictures.dealer.com/f/fairfieldfairfieldfordfd/0552/8273b70d6138b6a2ef7f236bb65455afx.jpg,https://pictures.dealer.com/f/fairfieldfairfieldfordfd/1730/40621217481328140e7788124833a1e7x.jpg,https://pictures.dealer.com/f/fairfieldfairfieldfordfd/1952/13dc227048b9120dc6509654023d25b8x.jpg,https://pictures.dealer.com/f/fairfieldfairfieldfordfd/0610/35d48a508731a2d7e259eb02d1222bdcx.jpg,https://pictures.dealer.com/f/fairfieldfairfieldfordfd/1910/21a1cf4215ca70bb159c9230aee9a688x.jpg,https://pictures.dealer.com/f/fairfieldfairfieldfordfd/0213/b537cfe7603085338dd95d77fd0c2713x.jpg,https://pictures.dealer.com/f/fairfieldfairfieldfordfd/0921/57ec1121639e1539b4345bfc79a22f2ex.jpg,https://pictures.dealer.com/f/fairfieldfairfieldfordfd/1133/133f6f5f77c11b8f6042005b65b8d046x.jpg,https://pictures.dealer.com/f/fairfieldfairfieldfordfd/1138/d6c238022c449de67e64a929999b89c2x.jpg,https://pictures.dealer.com/f/fairfieldfairfieldfordfd/1338/2c5e7c629d80c08e2746217f682602c2x.jpg,https://pictures.dealer.com/f/fairfieldfairfieldfordfd/1285/296749bf6b4dab869d45d255709d29b4x.jpg,https://pictures.dealer.com/f/fairfieldfairfieldfordfd/0670/6473f78c626ed9431022e0612c231d9ax.jpg,https://pictures.dealer.com/f/fairfieldfairfieldfordfd/0670/b448680b48c5358e811e0f402d29c107x.jpg",,https://www.carfax.com/vehiclehistory/ar20/6tWuQku_olbBzYvLtjYF-QMAvor-qLVPI9Vfsmh9aSqpAslq-wFEcbb5kfqdOuppSwHYtYipT3Pnrjrbh-57zvAOY0X0tGnLBS4,https://www.fordfairfield.com/used/Ram/2022-Ram-2500-8cff1111ac180f368fa2799b298e3e09.htm
1GCPTFEK5P1262166,2023,Chevrolet,Colorado,ZR2,Sterling Gray Metallic,Jet Black/Artemis,0,"$45,994",,,P1262166,17/,2.7L Turbo,8-Speed Automatic,,Truck,Gasoline,Used,,,14H43,,,,,,"https://pictures.dealer.com/f/fairfieldfairfieldfordfd/0955/3e22422a41a21902feb3cff44669ba1fx.jpg,https://pictures.dealer.com/f/fairfieldfairfieldfordfd/1764/7be2d652ea5de102dbad2bbb8db3c81dx.jpg,https://pictures.dealer.com/f/fairfieldfairfieldfordfd/1985/d8a91a6021b349f7d7c06ae9d3b49ca0x.jpg,https://pictures.dealer.com/f/fairfieldfairfieldfordfd/0213/0a3fc03b5f01c6bf5ad25a8db3bd8abax.jpg,https://pictures.dealer.com/f/fairfieldfairfieldfordfd/0722/8f18e518915a3e4a75a54501edc83466x.jpg,https://pictures.dealer.com/f/fairfieldfairfieldfordfd/1496/e23cfdff2f0bd4cf2fde61f0991b70c6x.jpg,https://pictures.dealer.com/f/fairfieldfairfieldfordfd/1122/a5e4da761367b99f89abcd27117c97a8x.jpg,https://pictures.dealer.com/f/fairfieldfairfieldfordfd/1634/db9dde8c03d98bb4ee7a0f3de688af40x.jpg,https://pictures.dealer.com/f/fairfieldfairfieldfordfd/0566/af4ffa2726cd07509ce06fe166a01ba1x.jpg,https://pictures.dealer.com/f/fairfieldfairfieldfordfd/1362/af22ca0be5c7af602923d0dfcb730860x.jpg,https://pictures.dealer.com/f/fairfieldfairfieldfordfd/0467/0a376530a2236e7b9e1c804988c3465fx.jpg,https://pictures.dealer.com/f/fairfieldfairfieldfordfd/1613/949352935bbcfb8e4b94dbc28e74e242x.jpg,https://pictures.dealer.com/f/fairfieldfairfieldfordfd/1921/872cbbdbdc09ce3f3407272c153dd07ax.jpg,https://pictures.dealer.com/f/fairfieldfairfieldfordfd/1657/375dc7dbd3cd9b6981015da7ce93879dx.jpg,https://pictures.dealer.com/f/fairfieldfairfieldfordfd/1743/64eb6364c9930fdce7bf109a6552698ax.jpg,https://pictures.dealer.com/f/fairfieldfairfieldfordfd/0192/44e083c1460a37bd1ffe365a76016d9cx.jpg,https://pictures.dealer.com/f/fairfieldfairfieldfordfd/0991/546fd1118aba84127bc9797bf34cd910x.jpg,https://pictures.dealer.com/f/fairfieldfairfieldfordfd/0771/a5f7c42035d8b91f3b7c3e45a2b07970x.jpg,https://pictures.dealer.com/f/fairfieldfairfieldfordfd/1632/1a3df5961ab785503cabfe6e833db6b1x.jpg,https://pictures.dealer.com/f/fairfieldfairfieldfordfd/1042/c0b3d7625b4296728cad041c8e0feb4fx.jpg,https://pictures.dealer.com/f/fairfieldfairfieldfordfd/0874/a14f622ad30e08824af9d1ddf180dea4x.jpg,https://pictures.dealer.com/f/fairfieldfairfieldfordfd/0162/ccf79ca82329b753db3f1c34a9d653fax.jpg,https://pictures.dealer.com/f/fairfieldfairfieldfordfd/1967/fb8c7dfbecea991358cb78f62dfacf75x.jpg,https://pictures.dealer.com/f/fairfieldfairfieldfordfd/0709/b4d8b5a2fbfb75a4022cd9db20ff40fex.jpg,https://pictures.dealer.com/f/fairfieldfairfieldfordfd/1773/c8c995263092b9d0b3ea01ddd97b7172x.jpg,https://pictures.dealer.com/f/fairfieldfairfieldfordfd/0914/88acb80656efb208d617c479fdbdffc8x.jpg,https://pictures.dealer.com/f/fairfieldfairfieldfordfd/0179/affc89f1ac0554b251a706b2948874acx.jpg,https://pictures.dealer.com/f/fairfieldfairfieldfordfd/1773/c8c995263092b9d0b3ea01ddd97b7172x.jpg,https://pictures.dealer.com/f/fairfieldfairfieldfordfd/1220/4232e75c8c32b58070998c919b78bd6ax.jpg",,https://www.carfax.com/vehiclehistory/ar20/RlxlysdUmoYjnKZPAsEh0HnScgG0iIwnYuy02z-DaVbZ5tnc3mlpP2GA3kl-Jnweo9CzfXryVWi14ol-0H_QqKfrsN-dUl-et2g,https://www.fordfairfield.com/used/Chevrolet/2023-Chevrolet-Colorado-184089b3ac18501b4ea5d13e4a9d9374.htm
5UX23EM07R9T57562,2024,BMW,X7,xDrive40i,Alpine White,Black,0,"$63,991",,,R9T57562,21/,3L I6 DOHC 24V,8-Speed Automatic Sport,,SUV,Gasoline,Used,,,24SA,,,,,,https://images.dealer.com/ddc/vehicles/2024/BMW/X7/SUV/trim_xDrive40i_dd7d03/color/Alpine%20White-300-233%2C238%2C232-640-en_US.jpg,,,https://www.fordfairfield.com/used/BMW/2024-BMW-X7-54fa6cddac18490c67c51ee27c7350a8.htm
2GC4YVEY9N1217645,2022,Chevrolet,Silverado 3500HD,High Country,Summit White,Jet Black,0,"$65,793",,,N1217645T,,6.6L Duramax V8 Turbodiesel,10-Speed Automatic,,Truck,Diesel,Used,,,CK30743,,,,,,"https://pictures.dealer.com/f/fairfieldfairfieldfordfd/0727/4b51f49ba70626898226ec8d0f71ba16x.jpg,https://pictures.dealer.com/f/fairfieldfairfieldfordfd/1833/68228d121ccfae3d9e4381216edbc666x.jpg,https://pictures.dealer.com/f/fairfieldfairfieldfordfd/1215/d8a91a6021b349f7d7c06ae9d3b49ca0x.jpg,https://pictures.dealer.com/f/fairfieldfairfieldfordfd/1149/f845aa24386fdb8e058b36b7e9af84cax.jpg,https://pictures.dealer.com/f/fairfieldfairfieldfordfd/1965/a82873ed9825c9567a64d0b3683c29a2x.jpg,https://pictures.dealer.com/f/fairfieldfairfieldfordfd/0850/bced65aac527a663e32fd2066fba321ax.jpg,https://pictures.dealer.com/f/fairfieldfairfieldfordfd/0735/a210ad2865c1a621969f6d8d743b3cdex.jpg,https://pictures.dealer.com/f/fairfieldfairfieldfordfd/0075/32f8363eb9504b35d3121beff5e9f8cfx.jpg,https://pictures.dealer.com/f/fairfieldfairfieldfordfd/0379/b107b0282652f22808f0ea208454eb9bx.jpg,https://pictures.dealer.com/f/fairfieldfairfieldfordfd/0497/ab050d091d2f40d389e79c1233b636dbx.jpg,https://pictures.dealer.com/f/fairfieldfairfieldfordfd/0898/f7f11837c9f970195034b6cc0f14d7fax.jpg,https://pictures.dealer.com/f/fairfieldfairfieldfordfd/1040/949352935bbcfb8e4b94dbc28e74e242x.jpg,https://pictures.dealer.com/f/fairfieldfairfieldfordfd/1338/4a936ec19e971b4c30abcb40ded09c6cx.jpg,https://pictures.dealer.com/f/fairfieldfairfieldfordfd/0097/394c3a783d0fdfa500f28796ebc47e0ex.jpg,https://pictures.dealer.com/f/fairfieldfairfieldfordfd/1175/9b013b981fc0bbdba33bd5add22224b4x.jpg,https://pictures.dealer.com/f/fairfieldfairfieldfordfd/0253/9f6fea6026364c6b68f13399ef785881x.jpg,https://pictures.dealer.com/f/fairfieldfairfieldfordfd/1550/80921619d6819469f1cdec6396146c3fx.jpg,https://pictures.dealer.com/f/fairfieldfairfieldfordfd/0317/ea9f51dca2a4f3552f2387a6fbc974d3x.jpg,https://pictures.dealer.com/f/fairfieldfairfieldfordfd/0636/967c1c16036c1526d191ded4861a20fcx.jpg,https://pictures.dealer.com/f/fairfieldfairfieldfordfd/1113/a8afbf9cbcdcabefaabe0b347a1adfaax.jpg,https://pictures.dealer.com/f/fairfieldfairfieldfordfd/1635/38802b24358e9da342b8c48ec2fccda1x.jpg,https://pictures.dealer.com/f/fairfieldfairfieldfordfd/0106/e78bd97a11fab0b233deebd5459eab24x.jpg,https://pictures.dealer.com/f/fairfieldfairfieldfordfd/0221/7611dadfdabcb40e81d1ab078c7d4df3x.jpg,https://pictures.dealer.com/f/fairfieldfairfieldfordfd/0382/745add3e89485fa4d2739147fadd93b6x.jpg,https://pictures.dealer.com/f/fairfieldfairfieldfordfd/1934/18250e2d96b311a96339d39e23d8ab1dx.jpg,https://pictures.dealer.com/f/fairfieldfairfieldfordfd/1703/ea546c6a93e0d13c1200b2976c9a0306x.jpg,https://pictures.dealer.com/f/fairfieldfairfieldfordfd/1476/10805caeabb59f2a6ada3e9abbb4cfb7x.jpg,https://pictures.dealer.com/f/fairfieldfairfieldfordfd/1622/adbd95e0ed376e403ff88eddfbac7511x.jpg,https://pictures.dealer.com/f/fairfieldfairfieldfordfd/0789/90f6756a4343fed638ea56f68ea46ddcx.jpg",,https://www.carfax.com/vehiclehistory/ar20/Mjp8tls_C7Av0lTbQxkmmzM1Pe6dNPTCxdwruPhcJHkzPK5Bttdoy2-OL7Ry8c6kvL8B_OG7wXJ8lQySQqEMhtT-lvHqYx96Qec,https://www.fordfairfield.com/used/Chevrolet/2022-Chevrolet-Silverado-3500HD-9d44842aac18173f7c2810f998dba0ae.htm
