VIN,Year,Make,Model,Trim,Exterior Color,Interior Color,Odometer,MSRP,Sale Price,Retail Price,Stock Number,Fuel Economy,Engine,Transmission,Drive Line,Body Style,Fuel Type,Condition,Inventory Date,Chrome ID,Model Code,Package Code,City Fuel Economy,Highway Fuel Economy,Incentive IDs,Option Codes
1FTEW1KP9SKF10990,2025,Ford,F-150,XL,Oxford White,Dark Slate,0,"$46,540",,,SKF10990,19/25,2.7L V-6 cyl,10-Speed Automatic,,Truck SuperCrew Cab,Gasoline,New,,,W1K,,,,"fairfieldfairfieldfordfd_0a56932eac182335250d895bdb1e75f6,fairfieldfairfieldfordfd_327c9639ac185bff460667e55d4bb5f1","101A,retail_commercial_listing"
1FTMF1KP0SKD70128,2025,Ford,F-150,XL,Oxford White,Black W/Medium Dark Slate,0,"$40,540",,,SKD70128,19/25,2.7L V-6 cyl,10-Speed Automatic,,Truck Regular Cab,Gasoline,New,,,F1K,,,,"fairfieldfairfieldfordfd_0a4fa9adac182335250d895b55c5db93,fairfieldfairfieldfordfd_326e44ccac185bff460667e5345a1f77",
1FTMF1KP8SKD94788,2025,Ford,F-150,XL,Oxford White,Black W/Medium Dark Slate,0,"$40,640",,,SKD94788,19/25,2.7L V-6 cyl,10-Speed Automatic,,Truck Regular Cab,Gasoline,New,,,F1K,,,,"fairfieldfairfieldfordfd_0a4fa9adac182335250d895b55c5db93,fairfieldfairfieldfordfd_326e44ccac185bff460667e5345a1f77",
1FTMF1KP6SKE63817,2025,Ford,F-150,XL,Oxford White,Dark Slate,0,"$40,840",,,SKE63817,19/25,2.7L V-6 cyl,10-Speed Automatic,,Truck Regular Cab,Gasoline,New,,,F1K,,,,"fairfieldfairfieldfordfd_0a4fa9adac182335250d895b55c5db93,fairfieldfairfieldfordfd_326e44ccac185bff460667e5345a1f77","103A,retail_commercial_listing"
1FTMF1KPXSKE63738,2025,Ford,F-150,XL,Oxford White,Drk Slate Vnyl,0,"$40,840",,,SKE63738,19/25,2.7L V-6 cyl,10-Speed Automatic,,Truck Regular Cab,Gasoline,New,,,F1K,,,,"fairfieldfairfieldfordfd_0a4fa9adac182335250d895b55c5db93,fairfieldfairfieldfordfd_326e44ccac185bff460667e5345a1f77","103A,retail_commercial_listing"
1FTMF1KP3SKE92143,2025,Ford,F-150,XL,Oxford White,Medium Dark Slate,0,"$40,840",,,,19/25,2.7L V6 EcoBoost Engine with Auto Start-Stop Technology,Electronic Ten-Speed Automatic Transmission,,TRUCK,Other,New,,,,,,,"fairfieldfairfieldfordfd_0a4fa9adac182335250d895b55c5db93,fairfieldfairfieldfordfd_326e44ccac185bff460667e5345a1f77","103A,retail_commercial_listing"
1FTEX1KP3SKE25351,2025,Ford,F-150,XL,Green,Black W/Medium Dark Slate,0,"$45,285",,,SKE25351,19/25,2.7L V-6 cyl,10-Speed Automatic,,Truck SuperCab,Gasoline,New,,,X1K,,,,"fairfieldfairfieldfordfd_32777cc7ac182edc3904e932468b4e36,fairfieldfairfieldfordfd_0a516a2cac182e9f780d08bad0513f6a",
1FTEX1KP5SKE25349,2025,Ford,F-150,XL,Green,Black W/Medium Dark Slate,0,"$45,285",,,SKE25349,19/25,2.7L V-6 cyl,10-Speed Automatic,,Truck SuperCab,Gasoline,New,,,X1K,,,,"fairfieldfairfieldfordfd_32777cc7ac182edc3904e932468b4e36,fairfieldfairfieldfordfd_0a516a2cac182e9f780d08bad0513f6a",
1FTEX1KP5SKE25352,2025,Ford,F-150,XL,Green,Black W/Medium Dark Slate,0,"$45,285",,,SKE25352,19/25,2.7L V-6 cyl,10-Speed Automatic,,Truck SuperCab,Gasoline,New,,,X1K,,,,"fairfieldfairfieldfordfd_32777cc7ac182edc3904e932468b4e36,fairfieldfairfieldfordfd_0a516a2cac182e9f780d08bad0513f6a",
1FTEX1KP3SKE64344,2025,Ford,F-150,XL,Oxford White,Dark Slate,0,"$43,955",,,SKE64344,20/26,2.7L V-6 cyl,10-Speed Automatic,,Truck SuperCab,Gasoline,New,,,X1K,,,,,"101A,retail_commercial_listing"
1FTEX1KPXSKE92173,2025,Ford,F-150,XL,Oxford White,Dark Slate,0,"$43,955",,,SKE92173,19/25,2.7L V-6 cyl,10-Speed Automatic,,Truck SuperCab,Gasoline,New,,,X1K,,,,"fairfieldfairfieldfordfd_32777cc7ac182edc3904e932468b4e36,fairfieldfairfieldfordfd_0a516a2cac182e9f780d08bad0513f6a","101A,retail_commercial_listing"
1FTEX1KP4SKE74056,2025,Ford,F-150,XL,Oxford White,Dark Slate,0,"$43,955",,,SKE74056,19/25,2.7L V-6 cyl,10-Speed Automatic,,Truck SuperCab,Gasoline,New,,,X1K,,,,"fairfieldfairfieldfordfd_32777cc7ac182edc3904e932468b4e36,fairfieldfairfieldfordfd_0a516a2cac182e9f780d08bad0513f6a","101A,retail_commercial_listing"
1FTEX1KP6SKF01094,2025,Ford,F-150,XL,Oxford White,Medium Dark Slate,0,"$44,355",,,,19/25,2.7L V6 EcoBoost Engine with Auto Start-Stop Technology,Electronic Ten-Speed Automatic Transmission,,TRUCK,Other,New,,,,,,,"fairfieldfairfieldfordfd_32777cc7ac182edc3904e932468b4e36,fairfieldfairfieldfordfd_0a516a2cac182e9f780d08bad0513f6a","101A,retail_commercial_listing"
1FTMF1LP3SKE75714,2025,Ford,F-150,XL,Oxford White,Dark Slate,0,"$44,660",,,SKE75714,18/23,2.7L V-6 cyl,10-Speed Automatic,,Truck Regular Cab,Gasoline,New,,,F1L,,,,"fairfieldfairfieldfordfd_326d5ca3ac185bff460667e5b0b1e850,fairfieldfairfieldfordfd_0a4fd9c0ac182a70749e823ac9f7d184","101A,retail_commercial_listing"
1FTEW2KP1SKE25888,2025,Ford,F-150,STX,Carbonized Gray,Black,0,,,,SKE25888,19/25,2.7L V-6 cyl,10-Speed Automatic,,Truck SuperCrew Cab,Gasoline,New,,,W2K,,,,"fairfieldfairfieldfordfd_3cbb9f21ac185bff460667e5091cb8ae,fairfieldfairfieldfordfd_0a501030ac182a70749e823a9cc2e676,fairfieldfairfieldfordfd_3cbb9ef6ac185bff460667e58d716767,fairfieldfairfieldfordfd_3cbb9ebdac185bff460667e5b0ec825f","200B,retail_commercial_listing"
1FTEW2KP1SKE25910,2025,Ford,F-150,STX,White Metallic,Black,0,"$46,345",,,SKE25910,20/26,2.7L V-6 cyl,10-Speed Automatic,,Truck SuperCrew Cab,Gasoline,New,,,W2K,,,,,"200B,retail_commercial_listing"
1FTEW2KP7SKE25863,2025,Ford,F-150,STX,Carbonized Gray,Black,0,"$46,345",,,SKE25863,19/25,2.7L V-6 cyl,10-Speed Automatic,,Truck SuperCrew Cab,Gasoline,New,,,W2K,,,,"fairfieldfairfieldfordfd_3cbb9f21ac185bff460667e5091cb8ae,fairfieldfairfieldfordfd_0a501030ac182a70749e823a9cc2e676,fairfieldfairfieldfordfd_3cbb9ef6ac185bff460667e58d716767,fairfieldfairfieldfordfd_3cbb9ebdac185bff460667e5b0ec825f","200B,retail_commercial_listing"
1FTEW1KP9SKF20791,2025,Ford,F-150,XL,Oxford White,Dark Slate,0,"$46,540",,,SKF20791,19/25,2.7L V-6 cyl,10-Speed Automatic,,Truck SuperCrew Cab,Gasoline,New,,,W1K,,,,"fairfieldfairfieldfordfd_0a56932eac182335250d895bdb1e75f6,fairfieldfairfieldfordfd_327c9639ac185bff460667e55d4bb5f1","101A,retail_commercial_listing"
1FTEW1KP5SKE99387,2025,Ford,F-150,XL,Oxford White,Dark Slate,0,"$46,540",,,SKE99387,19/25,2.7L V-6 cyl,10-Speed Automatic,,Truck SuperCrew Cab,Gasoline,New,,,W1K,,,,"fairfieldfairfieldfordfd_0a56932eac182335250d895bdb1e75f6,fairfieldfairfieldfordfd_327c9639ac185bff460667e55d4bb5f1","101A,retail_commercial_listing"
1FTEW2KP4SKE88368,2025,Ford,F-150,STX,Oxford White,Black,0,"$46,545",,,SKE88368,20/26,2.7L V-6 cyl,10-Speed Automatic,,Truck SuperCrew Cab,Gasoline,New,,,W2K,,,,,"200B,retail_commercial_listing"
1FTEW2KPXSKE88357,2025,Ford,F-150,STX,Agate Black,Black,0,"$46,545",,,SKE88357,19/25,2.7L V-6 cyl,10-Speed Automatic,,Truck SuperCrew Cab,Gasoline,New,,,W2K,,,,"fairfieldfairfieldfordfd_3cbb9f21ac185bff460667e5091cb8ae,fairfieldfairfieldfordfd_0a501030ac182a70749e823a9cc2e676,fairfieldfairfieldfordfd_3cbb9ef6ac185bff460667e58d716767,fairfieldfairfieldfordfd_3cbb9ebdac185bff460667e5b0ec825f","200B,retail_commercial_listing"
1FTEW2KP5SKE88377,2025,Ford,F-150,STX,Iconic Silver,Black,0,"$46,545",,,SKE88377,19/25,2.7L V-6 cyl,10-Speed Automatic,,Truck SuperCrew Cab,Gasoline,New,,,W2K,,,,"fairfieldfairfieldfordfd_3cbb9f21ac185bff460667e5091cb8ae,fairfieldfairfieldfordfd_0a501030ac182a70749e823a9cc2e676,fairfieldfairfieldfordfd_3cbb9ef6ac185bff460667e58d716767,fairfieldfairfieldfordfd_3cbb9ebdac185bff460667e5b0ec825f","200B,retail_commercial_listing"
1FTEW2KP1SKF14571,2025,Ford,F-150,STX,Oxford White,Black,0,"$46,545",,,SKF14571,19/25,2.7L V-6 cyl,10-Speed Automatic,,Truck SuperCrew Cab,Gasoline,New,,,W2K,,,,"fairfieldfairfieldfordfd_3cbb9f21ac185bff460667e5091cb8ae,fairfieldfairfieldfordfd_0a501030ac182a70749e823a9cc2e676,fairfieldfairfieldfordfd_3cbb9ef6ac185bff460667e58d716767,fairfieldfairfieldfordfd_3cbb9ebdac185bff460667e5b0ec825f","200B,retail_commercial_listing"
1FTEW1KP3SKE93670,2025,Ford,F-150,XL,Oxford White,Dark Slate,0,"$46,815",,,SKE93670,19/25,2.7L V-6 cyl,10-Speed Automatic,,Truck SuperCrew Cab,Gasoline,New,,,W1K,,,,"fairfieldfairfieldfordfd_0a56932eac182335250d895bdb1e75f6,fairfieldfairfieldfordfd_327c9639ac185bff460667e55d4bb5f1","101A,retail_commercial_listing"
1FTEW1KP3SKE85472,2025,Ford,F-150,XL,Oxford White,Medium Dark Slate,0,"$46,815",,,SKE85472,19/25,2.7L V-6 cyl,10-Speed Automatic,,Truck SuperCrew Cab,Gasoline,New,,,W1K,,,,"fairfieldfairfieldfordfd_0a56932eac182335250d895bdb1e75f6,fairfieldfairfieldfordfd_327c9639ac185bff460667e55d4bb5f1","101A,retail_commercial_listing"
1FTEW2KP4SKF14578,2025,Ford,F-150,STX,Agate Black Metallic,Black,0,"$46,545",,,,19/25,2.7L V6 EcoBoost Engine with Auto Start-Stop Technology,Electronic Ten-Speed Automatic Transmission,,TRUCK,Other,New,,,,,,,"fairfieldfairfieldfordfd_3cbb9f21ac185bff460667e5091cb8ae,fairfieldfairfieldfordfd_0a501030ac182a70749e823a9cc2e676,fairfieldfairfieldfordfd_3cbb9ef6ac185bff460667e58d716767,fairfieldfairfieldfordfd_3cbb9ebdac185bff460667e5b0ec825f","200B,retail_commercial_listing"
1FTEW2KP7SKE60841,2025,Ford,F-150,STX,White,Black,0,"$46,940",,,SKE60841,20/26,2.7L V-6 cyl,10-Speed Automatic,,Truck SuperCrew Cab,Gasoline,New,,,W2K,,,,,"200B,retail_commercial_listing"
1FTEW2KP6SKE60846,2025,Ford,F-150,STX,White,Black,0,"$46,940",,,SKE60846,20/26,2.7L V-6 cyl,10-Speed Automatic,,Truck SuperCrew Cab,Gasoline,New,,,W2K,,,,,"200B,retail_commercial_listing"
1FTEX1LP7SKD48370,2025,Ford,F-150,XL,Oxford White,Medium Dark Slate,0,"$47,455",,,SKD48370,18/23,2.7L V6 EcoBoost Engine with Auto Start-Stop Technology,Electronic Ten-Speed Automatic Transmission,,TRUCK,Gasoline,New,,,X1L,,,,"fairfieldfairfieldfordfd_0a4fe8e0ac182a70749e823ae50298cf,fairfieldfairfieldfordfd_326db09aac182ff0740b673b79c91a1c","101A,retail_commercial_listing"
1FTEW1KP9SKE92118,2025,Ford,F-150,XL,Oxford White,Medium Dark Slate,0,"$47,485",,,SKE92118,19/25,2.7L V6 EcoBoost Engine with Auto Start-Stop Technology,Electronic Ten-Speed Automatic Transmission,,TRUCK,Gasoline,New,,,W1K,,,,"fairfieldfairfieldfordfd_0a56932eac182335250d895bdb1e75f6,fairfieldfairfieldfordfd_327c9639ac185bff460667e55d4bb5f1","103A,retail_commercial_listing"
1FTEW1KP3SKF10516,2025,Ford,F-150,XL,Oxford White,Medium Dark Slate,0,,,,,19/25,2.7L V6 EcoBoost Engine with Auto Start-Stop Technology,Electronic Ten-Speed Automatic Transmission,,TRUCK,Other,New,,,,,,,"fairfieldfairfieldfordfd_0a56932eac182335250d895bdb1e75f6,fairfieldfairfieldfordfd_327c9639ac185bff460667e55d4bb5f1","103A,retail_commercial_listing"
1FTEW1KP7SKF01852,2025,Ford,F-150,XL,Oxford White,Medium Dark Slate,0,"$47,485",,,,19/25,2.7L V6 EcoBoost Engine with Auto Start-Stop Technology,Electronic Ten-Speed Automatic Transmission,,TRUCK,Other,New,,,,,,,"fairfieldfairfieldfordfd_0a56932eac182335250d895bdb1e75f6,fairfieldfairfieldfordfd_327c9639ac185bff460667e55d4bb5f1","103A,retail_commercial_listing"
1FTEX1LP1SKF44725,2025,Ford,F-150,XL,Oxford White,Medium Dark Slate,0,"$48,155",,,,18/23,2.7L V6 EcoBoost Engine with Auto Start-Stop Technology,Electronic Ten-Speed Automatic Transmission,,TRUCK,Other,New,,,,,,,"fairfieldfairfieldfordfd_0a4fe8e0ac182a70749e823ae50298cf,fairfieldfairfieldfordfd_326db09aac182ff0740b673b79c91a1c","101A,retail_commercial_listing"
1FTEX1LP2SKF45799,2025,Ford,F-150,XL,Oxford White,Medium Dark Slate,0,,,,,18/23,2.7L V6 EcoBoost Engine with Auto Start-Stop Technology,Electronic Ten-Speed Automatic Transmission,,TRUCK,Other,New,,,,,,,"fairfieldfairfieldfordfd_0a4fe8e0ac182a70749e823ae50298cf,fairfieldfairfieldfordfd_326db09aac182ff0740b673b79c91a1c","101A,retail_commercial_listing"
1FTEW1LPXSKD59687,2025,Ford,F-150,XL,Oxford White,Black W/Medium Dark Slate,0,"$50,820",,,SKD59687,18/23,2.7L V-6 cyl,10-Speed Automatic,,Truck SuperCrew Cab,Gasoline,New,,,W1L,,,,"fairfieldfairfieldfordfd_0a4fa9b0ac182e9f780d08ba320ab291,fairfieldfairfieldfordfd_326daa18ac182edc3904e93254222acc",
1FTEW2LPXSKF27902,2025,Ford,F-150,STX,Iconic Silver Metallic,Black,0,"$50,425",,,,18/23,2.7L V6 EcoBoost Engine with Auto Start-Stop Technology,Electronic Ten-Speed Automatic Transmission,,TRUCK,Other,New,,,,,,,"fairfieldfairfieldfordfd_3cbba792ac182ff0740b673b6f13e122,fairfieldfairfieldfordfd_3cbba7d0ac182ff0740b673be2745052,fairfieldfairfieldfordfd_3cbba7ffac182ff0740b673b6e217fe2,fairfieldfairfieldfordfd_0a4fa9acac182335250d895bc67e6f10","200B,retail_commercial_listing"
1FTEW2LPXSFB20364,2025,Ford,F-150,STX,Gray Metallic,Black,0,,,,SFB20364,18/23,2.7L V-6 cyl,10-Speed Automatic,,Truck SuperCrew Cab,Gasoline,New,,,W2L,,,,"fairfieldfairfieldfordfd_3cbba792ac182ff0740b673b6f13e122,fairfieldfairfieldfordfd_3cbba7d0ac182ff0740b673be2745052,fairfieldfairfieldfordfd_3cbba7ffac182ff0740b673b6e217fe2,fairfieldfairfieldfordfd_0a4fa9acac182335250d895bc67e6f10",
1FTEW2LP5SKE85655,2025,Ford,F-150,STX,Oxford White,Black Stx,0,"$53,190",,,SKE85655,18/23,2.7L V-6 cyl,10-Speed Automatic,,Truck SuperCrew Cab,Gasoline,New,,,W2L,,,,"fairfieldfairfieldfordfd_3cbba792ac182ff0740b673b6f13e122,fairfieldfairfieldfordfd_3cbba7d0ac182ff0740b673be2745052,fairfieldfairfieldfordfd_3cbba7ffac182ff0740b673b6e217fe2,fairfieldfairfieldfordfd_0a4fa9acac182335250d895bc67e6f10","200A,retail_commercial_listing"
1FTEW2LP5SKF28052,2025,Ford,F-150,STX,Oxford White,Black,0,"$54,140",,,,18/23,2.7L V6 EcoBoost Engine with Auto Start-Stop Technology,Electronic Ten-Speed Automatic Transmission,,TRUCK,Other,New,,,,,,,"fairfieldfairfieldfordfd_3cbba792ac182ff0740b673b6f13e122,fairfieldfairfieldfordfd_3cbba7d0ac182ff0740b673be2745052,fairfieldfairfieldfordfd_3cbba7ffac182ff0740b673b6e217fe2,fairfieldfairfieldfordfd_0a4fa9acac182335250d895bc67e6f10","201A,retail_commercial_listing"
1FTEW2LP2SFC00919,2025,Ford,F-150,STX,Marsh Gray,Black,0,"$54,535",,,,18/23,2.7L V6 EcoBoost Engine with Auto Start-Stop Technology,Electronic Ten-Speed Automatic Transmission,,TRUCK,Other,New,,,,,,,"fairfieldfairfieldfordfd_3cbba792ac182ff0740b673b6f13e122,fairfieldfairfieldfordfd_3cbba7d0ac182ff0740b673be2745052,fairfieldfairfieldfordfd_3cbba7ffac182ff0740b673b6e217fe2,fairfieldfairfieldfordfd_0a4fa9acac182335250d895bc67e6f10","201A,retail_commercial_listing"
1FTEW2LPXSKF23624,2025,Ford,F-150,STX,Carbonized Gray Metallic,Black,0,"$55,000",,,,18/23,2.7L V6 EcoBoost Engine with Auto Start-Stop Technology,Electronic Ten-Speed Automatic Transmission,,TRUCK,Other,New,,,,,,,"fairfieldfairfieldfordfd_3cbba792ac182ff0740b673b6f13e122,fairfieldfairfieldfordfd_3cbba7d0ac182ff0740b673be2745052,fairfieldfairfieldfordfd_3cbba7ffac182ff0740b673b6e217fe2,fairfieldfairfieldfordfd_0a4fa9acac182335250d895bc67e6f10","200A,retail_commercial_listing"
1FTFW2L59SKE60731,2025,Ford,F-150,STX,Carbonized Gray Metallic,Black,0,"$55,300",,,SKE60731,16/24,5.0L V-8 cyl,10-Speed Automatic,,Truck SuperCrew Cab,Gasoline,New,,,W2L,,,,"fairfieldfairfieldfordfd_3cbba792ac182ff0740b673b6f13e122,fairfieldfairfieldfordfd_3cc14d35ac185bff460667e5577fab04",
1FTEW2LP1SKF15458,2025,Ford,F-150,STX,Space White Metallic,Black,0,"$55,395",,,SKF15458,18/23,2.7L V-6 cyl,10-Speed Automatic,,Truck SuperCrew Cab,Gasoline,New,,,W2L,,,,"fairfieldfairfieldfordfd_3cbba792ac182ff0740b673b6f13e122,fairfieldfairfieldfordfd_3cbba7d0ac182ff0740b673be2745052,fairfieldfairfieldfordfd_3cbba7ffac182ff0740b673b6e217fe2,fairfieldfairfieldfordfd_0a4fa9acac182335250d895bc67e6f10","200A,retail_commercial_listing"
1FTEW2LP7SKF17635,2025,Ford,F-150,STX,Rapid Red Metallic Tinted Clearcoat,Black,0,"$55,495",,,,18/23,2.7L V6 EcoBoost Engine with Auto Start-Stop Technology,Electronic Ten-Speed Automatic Transmission,,TRUCK,Other,New,,,,,,,"fairfieldfairfieldfordfd_3cbba792ac182ff0740b673b6f13e122,fairfieldfairfieldfordfd_3cbba7d0ac182ff0740b673be2745052,fairfieldfairfieldfordfd_3cbba7ffac182ff0740b673b6e217fe2,fairfieldfairfieldfordfd_0a4fa9acac182335250d895bc67e6f10","200A,retail_commercial_listing"
1FTEW3K58SKE09725,2025,Ford,F-150,XLT,Rapid Red Metallic Tinted Clearcoat,Black/Medium Dark Slate,0,"$60,195",,,SKE09725,16/24,5.0L V-8 cyl,10-Speed Automatic,,Truck SuperCrew Cab,Gasoline,New,,,W3K,,,,"fairfieldfairfieldfordfd_0a52836eac182335250d895b9f2cb24e,fairfieldfairfieldfordfd_3cc14c52ac182edc3904e932532f863c,fairfieldfairfieldfordfd_3cc414ddac182edc3904e9327c4ac9c9,fairfieldfairfieldfordfd_3cc414a9ac182edc3904e9323c4bc642",
1FTFW3LD7SFA78087,2025,Ford,F-150,XLT,Blue Metallic,Black W/Smoked Truffle,0,"$61,565",,,SFA78087,,3.5L V-6 cyl,10-Speed Automatic,,Truck SuperCrew Cab,Gasoline,New,,,W3L,,,,"fairfieldfairfieldfordfd_3cbbd26dac185bff460667e5622bc07b,fairfieldfairfieldfordfd_3cbbd28eac185bff460667e55a3ee135,fairfieldfairfieldfordfd_0a50013aac182335250d895be348d234,fairfieldfairfieldfordfd_3cbbd2b9ac185bff460667e5ec8bb687","302A,retail_commercial_listing"
1FTFW3LD7SFA84729,2025,Ford,F-150,XLT,Red Metallic,Black W/Smoked Truffle,0,"$62,335",,,SFA84729,,3.5L V-6 cyl,10-Speed Automatic,,Truck SuperCrew Cab,Gasoline,New,,,W3L,,,,"fairfieldfairfieldfordfd_3cbbd26dac185bff460667e5622bc07b,fairfieldfairfieldfordfd_3cbbd28eac185bff460667e55a3ee135,fairfieldfairfieldfordfd_0a50013aac182335250d895be348d234,fairfieldfairfieldfordfd_3cbbd2b9ac185bff460667e5ec8bb687","302A,retail_commercial_listing"
1FTFW3LD8SFB42282,2025,Ford,F-150,XLT,Gray Metallic,Black,0,"$63,920",,,SFB42282,,3.5L V-6 cyl,10-Speed Automatic,,Truck SuperCrew Cab,Gasoline,New,,,W3L,,,,"fairfieldfairfieldfordfd_3cbbd26dac185bff460667e5622bc07b,fairfieldfairfieldfordfd_3cbbd28eac185bff460667e55a3ee135,fairfieldfairfieldfordfd_0a50013aac182335250d895be348d234,fairfieldfairfieldfordfd_3cbbd2b9ac185bff460667e5ec8bb687","302A,retail_commercial_listing"
1FTFW3LD7SFB16725,2025,Ford,F-150,XLT,Gray Metallic,Black,0,"$64,030",,,SFB16725,,3.5L V-6 cyl,10-Speed Automatic,,Truck SuperCrew Cab,Gasoline,New,,,W3L,,,,"fairfieldfairfieldfordfd_3cbbd26dac185bff460667e5622bc07b,fairfieldfairfieldfordfd_3cbbd28eac185bff460667e55a3ee135,fairfieldfairfieldfordfd_0a50013aac182335250d895be348d234,fairfieldfairfieldfordfd_3cbbd2b9ac185bff460667e5ec8bb687",
1FTFW3LD5SFB16738,2025,Ford,F-150,XLT,Gray Metallic,Black,0,"$64,030",,,SFB16738,,3.5L V-6 cyl,10-Speed Automatic,,Truck SuperCrew Cab,Gasoline,New,,,W3L,,,,"fairfieldfairfieldfordfd_3cbbd26dac185bff460667e5622bc07b,fairfieldfairfieldfordfd_3cbbd28eac185bff460667e55a3ee135,fairfieldfairfieldfordfd_0a50013aac182335250d895be348d234,fairfieldfairfieldfordfd_3cbbd2b9ac185bff460667e5ec8bb687","302A,retail_commercial_listing"
1FTFW3LD1SFB16722,2025,Ford,F-150,XLT,White Metallic,Black,0,"$64,030",,,SFB16722,,3.5L V-6 cyl,10-Speed Automatic,,Truck SuperCrew Cab,Gasoline,New,,,W3L,,,,"fairfieldfairfieldfordfd_3cbbd26dac185bff460667e5622bc07b,fairfieldfairfieldfordfd_3cbbd28eac185bff460667e55a3ee135,fairfieldfairfieldfordfd_0a50013aac182335250d895be348d234,fairfieldfairfieldfordfd_3cbbd2b9ac185bff460667e5ec8bb687","302A,retail_commercial_listing"
1FTFW3LD3SFB16740,2025,Ford,F-150,XLT,White Metallic,Black,0,"$64,030",,,SFB16740,,3.5L V-6 cyl,10-Speed Automatic,,Truck SuperCrew Cab,Gasoline,New,,,W3L,,,,"fairfieldfairfieldfordfd_3cbbd26dac185bff460667e5622bc07b,fairfieldfairfieldfordfd_3cbbd28eac185bff460667e55a3ee135,fairfieldfairfieldfordfd_0a50013aac182335250d895be348d234,fairfieldfairfieldfordfd_3cbbd2b9ac185bff460667e5ec8bb687","302A,retail_commercial_listing"
1FTFW3LD4SFB16665,2025,Ford,F-150,XLT,Gray Metallic,Black,0,"$64,030",,,SFB16665,,3.5L V-6 cyl,10-Speed Automatic,,Truck SuperCrew Cab,Gasoline,New,,,W3L,,,,"fairfieldfairfieldfordfd_3cbbd26dac185bff460667e5622bc07b,fairfieldfairfieldfordfd_3cbbd28eac185bff460667e55a3ee135,fairfieldfairfieldfordfd_0a50013aac182335250d895be348d234,fairfieldfairfieldfordfd_3cbbd2b9ac185bff460667e5ec8bb687","302A,retail_commercial_listing"
1FTFW3LD6SFB91836,2025,Ford,F-150,XLT,Oxford White,Black Sport,0,"$65,630",,,SFB91836,,3.5L V-6 cyl,10-Speed Automatic,,Truck SuperCrew Cab,Gasoline,New,,,W3L,,,,"fairfieldfairfieldfordfd_3cbbd26dac185bff460667e5622bc07b,fairfieldfairfieldfordfd_3cbbd28eac185bff460667e55a3ee135,fairfieldfairfieldfordfd_0a50013aac182335250d895be348d234,fairfieldfairfieldfordfd_3cbbd2b9ac185bff460667e5ec8bb687","302A,retail_commercial_listing"
1FTFW3LD6SFB45424,2025,Ford,F-150,XLT,Gray,Blk Sport,0,"$65,630",,,SFB45424,,3.5L V-6 cyl,10-Speed Automatic,,Truck SuperCrew Cab,Gasoline,New,,,W3L,,,,"fairfieldfairfieldfordfd_3cbbd26dac185bff460667e5622bc07b,fairfieldfairfieldfordfd_3cbbd28eac185bff460667e55a3ee135,fairfieldfairfieldfordfd_0a50013aac182335250d895be348d234,fairfieldfairfieldfordfd_3cbbd2b9ac185bff460667e5ec8bb687","302A,retail_commercial_listing"
1FTFW3LDXSFB45412,2025,Ford,F-150,XLT,Gray,Black Sport,0,"$65,630",,,SFB45412,,3.5L V-6 cyl,10-Speed Automatic,,Truck SuperCrew Cab,Gasoline,New,,,W3L,,,,"fairfieldfairfieldfordfd_3cbbd26dac185bff460667e5622bc07b,fairfieldfairfieldfordfd_3cbbd28eac185bff460667e55a3ee135,fairfieldfairfieldfordfd_0a50013aac182335250d895be348d234,fairfieldfairfieldfordfd_3cbbd2b9ac185bff460667e5ec8bb687","302A,retail_commercial_listing"
1FTFW3LDXSFB45443,2025,Ford,F-150,XLT,Gray,Black Sport,0,"$65,630",,,SFB45443,,3.5L V-6 cyl,10-Speed Automatic,,Truck SuperCrew Cab,Gasoline,New,,,W3L,,,,"fairfieldfairfieldfordfd_3cbbd26dac185bff460667e5622bc07b,fairfieldfairfieldfordfd_3cbbd28eac185bff460667e55a3ee135,fairfieldfairfieldfordfd_0a50013aac182335250d895be348d234,fairfieldfairfieldfordfd_3cbbd2b9ac185bff460667e5ec8bb687","302A,retail_commercial_listing"
1FTFW3LD8SFB67389,2025,Ford,F-150,XLT,Gray,Black Sport,0,"$65,630",,,SFB67389,,3.5L V-6 cyl,10-Speed Automatic,,Truck SuperCrew Cab,Gasoline,New,,,W3L,,,,"fairfieldfairfieldfordfd_3cbbd26dac185bff460667e5622bc07b,fairfieldfairfieldfordfd_3cbbd28eac185bff460667e55a3ee135,fairfieldfairfieldfordfd_0a50013aac182335250d895be348d234,fairfieldfairfieldfordfd_3cbbd2b9ac185bff460667e5ec8bb687","302A,retail_commercial_listing"
1FTFW3LD4SFB67373,2025,Ford,F-150,XLT,Iconic Silver,Black Sport,0,"$65,630",,,SFB67373,,3.5L V-6 cyl,10-Speed Automatic,,Truck SuperCrew Cab,Gasoline,New,,,W3L,,,,"fairfieldfairfieldfordfd_3cbbd26dac185bff460667e5622bc07b,fairfieldfairfieldfordfd_3cbbd28eac185bff460667e55a3ee135,fairfieldfairfieldfordfd_0a50013aac182335250d895be348d234,fairfieldfairfieldfordfd_3cbbd2b9ac185bff460667e5ec8bb687","302A,retail_commercial_listing"
1FTFW3LD6SFB67360,2025,Ford,F-150,XLT,Agate Black,Black Sport,0,"$65,630",,,SFB67360,,3.5L V-6 cyl,10-Speed Automatic,,Truck SuperCrew Cab,Gasoline,New,,,W3L,,,,"fairfieldfairfieldfordfd_3cbbd26dac185bff460667e5622bc07b,fairfieldfairfieldfordfd_3cbbd28eac185bff460667e55a3ee135,fairfieldfairfieldfordfd_0a50013aac182335250d895be348d234,fairfieldfairfieldfordfd_3cbbd2b9ac185bff460667e5ec8bb687","302A,retail_commercial_listing"
1FTFW3LD4SFB67387,2025,Ford,F-150,XLT,,,0,"$65,630",,,SFB67387,,3.5L V-6 cyl,10-Speed Automatic,,Truck SuperCrew Cab,Gasoline,New,,,W3L,,,,"fairfieldfairfieldfordfd_3cbbd26dac185bff460667e5622bc07b,fairfieldfairfieldfordfd_3cbbd28eac185bff460667e55a3ee135,fairfieldfairfieldfordfd_0a50013aac182335250d895be348d234,fairfieldfairfieldfordfd_3cbbd2b9ac185bff460667e5ec8bb687",
1FTFW3LD5SFB91830,2025,Ford,F-150,XLT,Agate Black Metallic,Black,0,"$65,630",,,,,3.5L PowerBoost Full Hybrid V6 Engine,Hybrid Electronic Ten-Speed Automatic Transmission,,TRUCK,Other,New,,,,,,,"fairfieldfairfieldfordfd_3cbbd26dac185bff460667e5622bc07b,fairfieldfairfieldfordfd_3cbbd28eac185bff460667e55a3ee135,fairfieldfairfieldfordfd_0a50013aac182335250d895be348d234,fairfieldfairfieldfordfd_3cbbd2b9ac185bff460667e5ec8bb687","302A,retail_commercial_listing"
1FTFW3LD2SFB45453,2025,Ford,F-150,XLT,White,Blk Sport,0,"$66,025",,,SFB45453,,3.5L V-6 cyl,10-Speed Automatic,,Truck SuperCrew Cab,Gasoline,New,,,W3L,,,,"fairfieldfairfieldfordfd_3cbbd26dac185bff460667e5622bc07b,fairfieldfairfieldfordfd_3cbbd28eac185bff460667e55a3ee135,fairfieldfairfieldfordfd_0a50013aac182335250d895be348d234,fairfieldfairfieldfordfd_3cbbd2b9ac185bff460667e5ec8bb687","302A,retail_commercial_listing"
1FTFW3LD3SFB45431,2025,Ford,F-150,XLT,White,Black Sport,0,"$66,025",,,SFB45431,,3.5L V-6 cyl,10-Speed Automatic,,Truck SuperCrew Cab,Gasoline,New,,,W3L,,,,"fairfieldfairfieldfordfd_3cbbd26dac185bff460667e5622bc07b,fairfieldfairfieldfordfd_3cbbd28eac185bff460667e55a3ee135,fairfieldfairfieldfordfd_0a50013aac182335250d895be348d234,fairfieldfairfieldfordfd_3cbbd2b9ac185bff460667e5ec8bb687","302A,retail_commercial_listing"
1FTFW3LD4SFB45437,2025,Ford,F-150,XLT,White,Black Sport,0,"$66,025",,,SFB45437,,3.5L V-6 cyl,10-Speed Automatic,,Truck SuperCrew Cab,Gasoline,New,,,W3L,,,,"fairfieldfairfieldfordfd_3cbbd26dac185bff460667e5622bc07b,fairfieldfairfieldfordfd_3cbbd28eac185bff460667e55a3ee135,fairfieldfairfieldfordfd_0a50013aac182335250d895be348d234,fairfieldfairfieldfordfd_3cbbd2b9ac185bff460667e5ec8bb687","302A,retail_commercial_listing"
1FTFW3LD5SFC08237,2025,Ford,F-150,XLT,Iconic Silver Metallic,Medium Dark Slate,0,"$66,330",,,,,3.5L PowerBoost Full Hybrid V6 Engine,Hybrid Electronic Ten-Speed Automatic Transmission,,TRUCK,Other,New,,,,,,,"fairfieldfairfieldfordfd_3cbbd26dac185bff460667e5622bc07b,fairfieldfairfieldfordfd_3cbbd28eac185bff460667e55a3ee135,fairfieldfairfieldfordfd_0a50013aac182335250d895be348d234,fairfieldfairfieldfordfd_3cbbd2b9ac185bff460667e5ec8bb687","302A,retail_commercial_listing"
1FTFW3L8XSKE65937,2025,Ford,F-150,XLT,Blue Metallic,Black,0,"$67,350",,,SKE65937,,3.5L V-6 cyl,10-Speed Automatic,,Truck SuperCrew Cab,Gasoline,New,,,W3L,,,,"fairfieldfairfieldfordfd_3cbbd26dac185bff460667e5622bc07b,fairfieldfairfieldfordfd_3cbbd28eac185bff460667e55a3ee135,fairfieldfairfieldfordfd_0a50013aac182335250d895be348d234,fairfieldfairfieldfordfd_3cbbd2b9ac185bff460667e5ec8bb687","302A,retail_commercial_listing"
1FTFW4L57SFB22250,2025,Ford,F-150,Tremor,Carbonized Gray,Black,0,"$69,290",,,SFB22250,17/22,5.0L V-8 cyl,10-Speed Automatic,,Truck SuperCrew Cab,Gasoline,New,,,W4L,,,,,"401A,retail_commercial_listing"
1FTFW4L53SFB65435,2025,Ford,F-150,Tremor,Agate Black,Black Sport,0,"$70,165",,,SFB65435,15/20,5.0L V-8 cyl,10-Speed Automatic,,Truck SuperCrew Cab,Gasoline,New,,,W4L,,,,fairfieldfairfieldfordfd_326db63fac182ff0740b673bfe4c6350,"401A,retail_commercial_listing"
1FTFW4L52SFB63806,2025,Ford,F-150,Tremor,White,Blk Sprt,0,"$70,560",,,SFB63806,15/20,5.0L V-8 cyl,10-Speed Automatic,,Truck SuperCrew Cab,Gasoline,New,,,W4L,,,,fairfieldfairfieldfordfd_326db63fac182ff0740b673bfe4c6350,"401A,retail_commercial_listing"
1FTFW4L58SFB64894,2025,Ford,F-150,Tremor,Antimatter Blue,Black Sport,0,"$70,560",,,SFB64894,15/20,5.0L V-8 cyl,10-Speed Automatic,,Truck SuperCrew Cab,Gasoline,New,,,W4L,,,,fairfieldfairfieldfordfd_326db63fac182ff0740b673bfe4c6350,"401A,retail_commercial_listing"
1FTFW4L55SFB70720,2025,Ford,F-150,Tremor,White,Black Sport,0,"$70,560",,,SFB70720,15/20,5.0L V-8 cyl,10-Speed Automatic,,Truck SuperCrew Cab,Gasoline,New,,,W4L,,,,fairfieldfairfieldfordfd_326db63fac182ff0740b673bfe4c6350,"401A,retail_commercial_listing"
1FTFW4L55SFB76761,2025,Ford,F-150,Tremor,White,Black Sport,0,"$70,560",,,SFB76761,15/20,5.0L V-8 cyl,10-Speed Automatic,,Truck SuperCrew Cab,Gasoline,New,,,W4L,,,,fairfieldfairfieldfordfd_326db63fac182ff0740b673bfe4c6350,"401A,retail_commercial_listing"
1FTFW5LD4SFB86162,2025,Ford,F-150,Lariat,Blue,Slate Active X,0,"$75,340",,,SFB86162,,3.5L V-6 cyl,10-Speed Automatic,,Truck SuperCrew Cab,Gasoline,New,,,W5L,,,,fairfieldfairfieldfordfd_326d4b78ac182ff0740b673bdff88adb,"501A,retail_commercial_listing"
1FTFW5LD4SFB87781,2025,Ford,F-150,Lariat,Gray,Black Active X,0,"$75,945",,,SFB87781,,3.5L V-6 cyl,10-Speed Automatic,,Truck SuperCrew Cab,Gasoline,New,,,W5L,,,,fairfieldfairfieldfordfd_326d4caaac182ff0740b673b4771518f,"501A,retail_commercial_listing"
1FTFW5LD2SFB42094,2025,Ford,F-150,Lariat,White,Slate Active,0,"$77,815",,,SFB42094,,3.5L V-6 cyl,10-Speed Automatic,,Truck SuperCrew Cab,Gasoline,New,,,W5L,,,,fairfieldfairfieldfordfd_326d4caaac182ff0740b673b4771518f,"501A,retail_commercial_listing"
1FTFW5LD9SFC16286,2025,Ford,F-150,Lariat,Star White Metallic Tri-Coat,Black,0,"$79,490",,,,,3.5L PowerBoost Full Hybrid V6 Engine,Hybrid Electronic Ten-Speed Automatic Transmission,,TRUCK,Other,New,,,,,,,fairfieldfairfieldfordfd_326d4b78ac182ff0740b673bdff88adb,"502A,retail_commercial_listing"
1FTFW5LD1SFC00616,2025,Ford,F-150,Lariat,Carbonized Gray Metallic,Black,0,,,,,,3.5L PowerBoost Full Hybrid V6 Engine,Hybrid Electronic Ten-Speed Automatic Transmission,,TRUCK,Other,New,,,,,,,fairfieldfairfieldfordfd_326d4b78ac182ff0740b673bdff88adb,"502A,retail_commercial_listing"
1FTFW6LDXSFB88536,2025,Ford,F-150,King Ranch,Antimatter Blue Metallic,Java,0,"$80,135",,,,,3.5L PowerBoost Full Hybrid V6 Engine,Hybrid Electronic Ten-Speed Automatic Transmission,,TRUCK,Other,New,,,,,,,fairfieldfairfieldfordfd_326d4b0dac185bff460667e5cc51bbf2,"601A,retail_commercial_listing"
1FTFW6LD7SFB88882,2025,Ford,F-150,King Ranch,Star White Metallic Tri-Coat,Java,0,"$80,620",,,,,3.5L PowerBoost Full Hybrid V6 Engine,Hybrid Electronic Ten-Speed Automatic Transmission,,TRUCK,Other,New,,,,,,,fairfieldfairfieldfordfd_326d4b0dac185bff460667e5cc51bbf2,"601A,retail_commercial_listing"
1FTFW4L53SFC02452,2025,Ford,F-150,Tremor,Carbonized Gray Metallic,Black,0,"$80,940",,,,15/20,5.0L V8 with Auto Start-Stop Technology,Electronic Ten-Speed Automatic Transmission,,TRUCK,Other,New,,,,,,,fairfieldfairfieldfordfd_326db63fac182ff0740b673bfe4c6350,"402A,retail_commercial_listing"
1FTFW4L56SFC04485,2025,Ford,F-150,Tremor,Space White Metallic,Black,0,"$81,335",,,,15/20,5.0L V8 with Auto Start-Stop Technology,Electronic Ten-Speed Automatic Transmission,,TRUCK,Other,New,,,,,,,fairfieldfairfieldfordfd_326db63fac182ff0740b673bfe4c6350,"402A,retail_commercial_listing"
1FTFW7LD6SFB87793,2025,Ford,F-150,Platinum,White,Black,0,"$86,205",,,SFB87793,,3.5L V-6 cyl,10-Speed Automatic,,Truck SuperCrew Cab,Gasoline,New,,,W7L,,,,fairfieldfairfieldfordfd_326d5c8cac18344a07ffaa627a93dd5a,"702A,retail_commercial_listing"
1FTFW7LD3SFB88402,2025,Ford,F-150,Platinum,White,Black Interior,0,"$86,805",,,SFB88402,,3.5L V-6 cyl,10-Speed Automatic,,Truck SuperCrew Cab,Gasoline,New,,,W7L,,,,fairfieldfairfieldfordfd_326d5c8cac18344a07ffaa627a93dd5a,"702A,retail_commercial_listing"
1FTBF2AA8PED32520,2023,Ford,F-250,XL,Oxford White,Medium Earth Gray,0,"$46,175",,,230842,,6.8L V-8 cyl,10-Speed Automatic,,Truck Regular Cab,Gasoline,New,,,F2A,,,,,
1FTBF2AA9PEC61439,2023,Ford,F-250,XL,Oxford White,Medium Earth Gray,0,"$49,975",,,230457,,6.8L V-8 cyl,10-Speed Automatic,,Truck Regular Cab,Gasoline,New,,,F2A,,,,,
1FTBF2AA0REF89495,2024,Ford,F-250,XL,Oxford White,Medium Dark Slate,0,"$47,710",,,241364,,6.8L V-8 cyl,10-Speed Automatic,,Truck Regular Cab,Gasoline,New,,,F2A,,,,,
1FTBF2AA6REC55889,2024,Ford,F-250,XL,Oxford White,Medium Earth Gray,0,"$47,870",,,240184,,6.8L V-8 cyl,10-Speed Automatic,,Truck Regular Cab,Gasoline,New,,,F2A,,,,,
1FTBF2AA7REC55903,2024,Ford,F-250,XL,Oxford White,Medium Earth Gray,0,"$47,870",,,240232,,6.8L V-8 cyl,10-Speed Automatic,,Truck Regular Cab,Gasoline,New,,,F2A,,,,,
1FT7W2BT1REC89924,2024,Ford,F-250,XLT,Carbonized Gray,Medium Dark Slate,0,"$71,280",,,240329,,6.7L V-8 cyl,10-Speed Automatic,,Truck Crew Cab,Diesel,New,,,W2B,,,,,
1FT8W2BT8REC24637,2024,Ford,F-250,Lariat,Oxford White,Black Onyx,0,"$85,895",,,240185,,6.7L V-8 cyl,10-Speed Automatic,,Truck Crew Cab,Diesel,New,,,W2B,,,,fairfieldfairfieldfordfd_10f4d9a9ac183dda6723c22148be7b40,
1FT8W2BT3REC96975,2024,Ford,F-250,Platinum,Oxford White,Black Onyx,0,"$94,990",,,240630,,6.7L V-8 cyl,10-Speed Automatic,,Truck Crew Cab,Diesel,New,,,W2B,,,,fairfieldfairfieldfordfd_10f42d6bac1820552c78ef10677843e2,
1FT8W2BT2RED04399,2024,Ford,F-250,Platinum,Agate Black,Black Onyx,0,"$93,995",,,240515,,6.7L V-8 cyl,10-Speed Automatic,,Truck Crew Cab,Diesel,New,,,W2B,,,,fairfieldfairfieldfordfd_10f42d6bac1820552c78ef10677843e2,
1FTBF2AA4SEC68176,2025,Ford,F-250,XL,Oxford White,Medium Dark Slate,0,"$47,760",,,SEC68176,,6.8L V-8 cyl,10-Speed Automatic,,Truck Regular Cab,Gasoline,New,,,F2A,,,,"fairfieldfairfieldfordfd_10f6df75ac185e78350777d048d540a9,fairfieldfairfieldfordfd_0a5187acac182a70749e823acb297143,fairfieldfairfieldfordfd_0a51877aac182a70749e823a54d517f7",
1FTBF2AAXSED04548,2025,Ford,F-250,XL,Oxford White,Medium Dark Slate,0,"$49,815",,,SED04548,,6.8L V-8 cyl,10-Speed Automatic,,Truck Regular Cab,Gasoline,New,,,F2A,,,,"fairfieldfairfieldfordfd_10f6df75ac185e78350777d048d540a9,fairfieldfairfieldfordfd_0a5187acac182a70749e823acb297143,fairfieldfairfieldfordfd_0a51877aac182a70749e823a54d517f7",
1FT7X2AAXSEE13000,2025,Ford,F-250,XL,Oxford White,Med Dark Slate,0,"$50,785",,,SEE13000,,6.8L V-8 cyl,10-Speed Automatic,,Truck Super Cab,Gasoline,New,,,X2A,,,,"fairfieldfairfieldfordfd_0a502a8cac182a70749e823a0cf4c9f9,fairfieldfairfieldfordfd_10f5538aac1820552c78ef1084bf0a9c,fairfieldfairfieldfordfd_0a502ab8ac182a70749e823aca6baa13","600A,retail_commercial_listing"
1FT7X2AA6SEC37806,2025,Ford,F-250,XL,Oxford White,Medium Dark Slate,0,"$50,950",,,SEC37806,,6.8L V-8 cyl,10-Speed Automatic,,Truck Super Cab,Gasoline,New,,,X2A,,,,"fairfieldfairfieldfordfd_0a502a8cac182a70749e823a0cf4c9f9,fairfieldfairfieldfordfd_10f5538aac1820552c78ef1084bf0a9c,fairfieldfairfieldfordfd_0a502ab8ac182a70749e823aca6baa13","600A,retail_commercial_listing"
1FT7X2BA4SEE12987,2025,Ford,F-250,XL,Oxford White,Med Dark Slate,0,"$55,480",,,SEE12987,,6.8L V-8 cyl,10-Speed Automatic,,Truck Super Cab,Gasoline,New,,,X2B,,,,"fairfieldfairfieldfordfd_0a4fa9adac182335250d895b4a17c4e8,fairfieldfairfieldfordfd_10f3f769ac1820552c78ef1083c509ef,fairfieldfairfieldfordfd_0a4fa9daac182335250d895bb26a7acd","600A,retail_commercial_listing"
1FTBF2AT6SED15368,2025,Ford,F-250,XL,Oxford White,Medium Dark Slate,0,"$59,490",,,SED15368,,6.7L V-8 cyl,10-Speed Automatic,,Truck Regular Cab,Diesel,New,,,F2A,,,,,
1FT8W2BN9SED68981,2025,Ford,F-250,XL,Oxford White,Medium Dark Slate,0,"$61,660",,,SED68981,,7.3L V-8 cyl,10-Speed Automatic,,Truck Crew Cab,Gasoline,New,,,W2B,,,,,
1FT8W2BN5SED69108,2025,Ford,F-250,XL,Oxford White,Medium Dark Slate,0,"$61,660",,,SED69108,,7.3L V-8 cyl,10-Speed Automatic,,Truck Crew Cab,Gasoline,New,,,W2B,,,,,
1FTBF2BT6SED66190,2025,Ford,F-250,XLT,Oxford White,Medium Dark,0,"$62,280",,,SED66190,,6.7L V-8 cyl,10-Speed Automatic,,Truck Regular Cab,Diesel,New,,,F2B,,,,"fairfieldfairfieldfordfd_10f4013bac185e78350777d0b30feccf,fairfieldfairfieldfordfd_0a4faa5bac182335250d895ba1588732,fairfieldfairfieldfordfd_0a4faa86ac182335250d895b76bb1ba2","600A,retail_commercial_listing"
1FT7W2BN7SEC36684,2025,Ford,F-250,XLT,Antimatter Blue,Medium Dark Slate,0,"$62,250",,,SEC36684,,7.3L V-8 cyl,10-Speed Automatic,,Truck Crew Cab,Gasoline,New,,,W2B,,,,fairfieldfairfieldfordfd_0a4fa9acac182e9f780d08bae7fd0fd3,"603A,retail_commercial_listing"
1FT7W2BN9SEC79391,2025,Ford,F-250,XLT,Oxford White,Medium Dark Slate,0,"$62,470",,,SEC79391,,7.3L V-8 cyl,10-Speed Automatic,,Truck Crew Cab,Gasoline,New,,,W2B,,,,fairfieldfairfieldfordfd_0a4fa9acac182e9f780d08bae7fd0fd3,"603A,retail_commercial_listing"
1FT7W2BN0SEC78422,2025,Ford,F-250,XLT,Gray Metallic,Medium Dark Slate,0,"$62,470",,,SEC78422,,7.3L V-8 cyl,10-Speed Automatic,,Truck Crew Cab,Gasoline,New,,,W2B,,,,fairfieldfairfieldfordfd_0a4fa9acac182e9f780d08bae7fd0fd3,"603A,retail_commercial_listing"
1FT8X2BT4SEE12526,2025,Ford,F-250,XL,Oxford White,Med Dark Slate,0,"$66,150",,,SEE12526,,6.7L V-8 cyl,10-Speed Automatic,,Truck Super Cab,Diesel,New,,,X2B,,,,"fairfieldfairfieldfordfd_0a4fa9adac182335250d895b4a17c4e8,fairfieldfairfieldfordfd_10f3f769ac1820552c78ef1083c509ef,fairfieldfairfieldfordfd_0a4fa9daac182335250d895bb26a7acd","600A,retail_commercial_listing"
1FT8W2BT0SEC76060,2025,Ford,F-250,XLT,Avalanche,Medium Dark Slate,0,"$73,580",,,SEC76060,,6.7L V-8 cyl,10-Speed Automatic,,Truck Crew Cab,Diesel,New,,,W2B,,,,fairfieldfairfieldfordfd_0a4fa9acac182e9f780d08bae7fd0fd3,"603A,retail_commercial_listing"
1FT8W2BT4SEC77647,2025,Ford,F-250,XLT,Antimatter Blue,Medium Dark Slate,0,"$73,580",,,SEC77647,,6.7L V-8 cyl,10-Speed Automatic,,Truck Crew Cab,Diesel,New,,,W2B,,,,fairfieldfairfieldfordfd_0a4fa9acac182e9f780d08bae7fd0fd3,"603A,retail_commercial_listing"
1FT8W2BTXSEC77183,2025,Ford,F-250,XLT,Oxford White,Medium Dark Slate,0,"$73,580",,,SEC77183,,6.7L V-8 cyl,10-Speed Automatic,,Truck Crew Cab,Diesel,New,,,W2B,,,,fairfieldfairfieldfordfd_0a4fa9acac182e9f780d08bae7fd0fd3,"603A,retail_commercial_listing"
1FT8W2BT4SEC65403,2025,Ford,F-250,XL,Oxford White,Medium Dark Slate,0,"$73,985",,,SEC65403,,6.7L V-8 cyl,10-Speed Automatic,,Truck Crew Cab,Diesel,New,,,W2B,,,,"fairfieldfairfieldfordfd_0a4fb181ac182e9f780d08ba02814e8a,fairfieldfairfieldfordfd_0a4fb1a8ac182e9f780d08baf718f5ff",
1FTBF2AT3SED15764,2025,Ford,F-250,XL,Oxford White,Medium Dark Slate,0,"$90,980",,,SED15764,,6.7L V-8 cyl,10-Speed Automatic,,Truck Regular Cab,Diesel,New,,,F2A,,,,,
1FT8W2BT5SED34664,2025,Ford,F-250,Lariat,Avalanche,Black Onyx,0,"$82,690",,,SED34664,,6.7L V-8 cyl,10-Speed Automatic,,Truck Crew Cab,Diesel,New,,,W2B,,,,,
1FT8W2BT7SEC64486,2025,Ford,F-250,Lariat,Gray Metallic,Black Onyx,0,"$87,655",,,SEC64486,,6.7L V-8 cyl,10-Speed Automatic,,Truck Crew Cab,Diesel,New,,,W2B,,,,,"608A,retail_commercial_listing"
1FT8W2BT8SEC28936,2025,Ford,F-250,Lariat,Glacier Gray Metallic Tri-Coat,Black Onyx,0,"$88,430",,,SEC28936,,6.7L V-8 cyl,10-Speed Automatic,,Truck Crew Cab,Diesel,New,,,W2B,,,,,"608A,retail_commercial_listing"
1FT8W2BT3SEC82208,2025,Ford,F-250,Lariat,Gray Metallic,Black Onyx,0,"$89,380",,,SEC82208,,6.7L V-8 cyl,10-Speed Automatic,,Truck Crew Cab,Diesel,New,,,W2B,,,,,"608A,retail_commercial_listing"
1FT8W2BT3SEC08318,2025,Ford,F-250,Lariat,Agate Black,Black Onyx,0,"$90,125",,,SEC08318,,6.7L V-8 cyl,10-Speed Automatic,,Truck Crew Cab,Diesel,New,,,W2B,,,,,"608A,retail_commercial_listing"
1FT8W2BM4SEC37125,2025,Ford,F-250,Lariat,Gray Metallic,Black Onyx,0,"$92,310",,,SEC37125,,6.7L V-8 cyl,10-Speed Automatic,,Truck Crew Cab,Diesel,New,,,W2B,,,,,"608A,retail_commercial_listing"
1FT8W2BT2SED96927,2025,Ford,F-250,Lariat,Gray,Black Onyx,0,"$92,805",,,SED96927,,6.7L V-8 cyl,10-Speed Automatic,,Truck Crew Cab,Diesel,New,,,W2B,,,,,"608A,retail_commercial_listing"
1FT8W2BM0SED03170,2025,Ford,F-250,Lariat,Avalanche,Black Onyx,0,"$93,295",,,SED03170,,6.7L V-8 cyl,10-Speed Automatic,,Truck Crew Cab,Diesel,New,,,W2B,,,,,
1FT8W2BM7SED83423,2025,Ford,F-250,Lariat,Gray,Black Onyx,0,"$95,340",,,SED83423,,6.7L V-8 cyl,10-Speed Automatic,,Truck Crew Cab,Diesel,New,,,W2B,,,,,"608A,retail_commercial_listing"
1FT8W2BT3SED68635,2025,Ford,F-250,Platinum,Oxford White,Black Onyx/Platinum Blue,0,"$96,695",,,SED68635,,6.7L V-8 cyl,10-Speed Automatic,,Truck Crew Cab,Diesel,New,,,W2B,,,,,"retail_commercial_listing,703A"
1FT8W2BT0TEC44713,2026,Ford,F-250,Lariat,Oxford White,Baja Active,0,"$84,660",,,TEC44713,,6.7L V-8 cyl,10-Speed Automatic,,Truck Crew Cab,Diesel,New,,,W2B,,,,,"608A,retail_commercial_listing"
1FT8W2BT6TEC05057,2026,Ford,F-250,Lariat,Gray,Black Onyx,0,"$88,035",,,TEC05057,,6.7L V-8 cyl,10-Speed Automatic,,Truck Crew Cab,Diesel,New,,,W2B,,,,,"608A,retail_commercial_listing"
1FT8W2BTXTEC04428,2026,Ford,F-250,Lariat,Gray,Black Onyx,0,"$93,325",,,TEC04428,,6.7L V-8 cyl,10-Speed Automatic,,Truck Crew Cab,Diesel,New,,,W2B,,,,,"608A,retail_commercial_listing"
1FT8W2BM6TEC13779,2026,Ford,F-250,Lariat,Oxford White,Black Onyx,0,"$97,400",,,TEC13779,,6.7L V-8 cyl,10-Speed Automatic,,Truck Crew Cab,Diesel,New,,,W2B,,,,,"608A,retail_commercial_listing"
1FT8W2BM3TEC13447,2026,Ford,F-250,Platinum,Agate Black,Black Onyx,0,"$99,445",,,TEC13447,,6.7L V-8 cyl,10-Speed Automatic,,Truck Crew Cab,Diesel,New,,,W2B,,,,,"retail_commercial_listing,703A"
1FT8W2BM1TEC35544,2026,Ford,F-250,King Ranch,Oxford White,Gray,0,"$100,080",,,TEC35544,,6.7L V-8 cyl,10-Speed Automatic,,Truck Crew Cab,Diesel,New,,,W2B,,,,,"700A,retail_commercial_listing"
1FT8W2BM4TEC04482,2026,Ford,F-250,Platinum,Oxford White,Black Onyx,0,"$100,660",,,TEC04482,,6.7L V-8 cyl,10-Speed Automatic,,Truck Crew Cab,Diesel,New,,,W2B,,,,,"retail_commercial_listing,703A"
1FT8W2BM6TEC11711,2026,Ford,F-250,Platinum,Gray,Black Onyx,0,"$103,340",,,TEC11711,,6.7L V-8 cyl,10-Speed Automatic,,Truck Crew Cab,Diesel,New,,,W2B,,,,,"retail_commercial_listing,703A"
1FMUK7DH1SGC96902,2025,Ford,Explorer,Active,Space White Metallic,Dark Gray/Onyx,0,"$42,145",,,SGC96902,20/29,2.3L I-4 cyl,10-Speed Automatic,,SUV,Gasoline,New,,,K7D,,,,"fairfieldfairfieldfordfd_0a4fb3c2ac182a70749e823ab4aa1f55,fairfieldfairfieldfordfd_fa15368eac1820552c78ef1038b6eff4","200A,retail_commercial_listing"
1FMUK7DH0SGD00650,2025,Ford,Explorer,Active,Space White Metallic,Ultra Dark Space Gray,0,"$42,145",,,,20/29,2.3L EcoBoost I-4 with Auto Start-Stop Technology,10-Speed Automatic Transmission,,SUV,Other,New,,,,,,,"fairfieldfairfieldfordfd_0a4fb3c2ac182a70749e823ab4aa1f55,fairfieldfairfieldfordfd_fa15368eac1820552c78ef1038b6eff4","200A,retail_commercial_listing"
1FMUK8DH6SGC66333,2025,Ford,Explorer,Active,Carbonized Gray,Dark Space,0,"$44,145",,,SGC66333,20/27,2.3L I-4 cyl,10-Speed Automatic,,SUV,Gasoline,New,,,K8D,,,,"fairfieldfairfieldfordfd_0a9db776ac182a70749e823aca8cfce8,fairfieldfairfieldfordfd_0a4fa9b1ac182335250d895b75ba5e7c","200A,retail_commercial_listing"
1FMUK8DH1SGC55031,2025,Ford,Explorer,Active,,,0,"$44,940",,,SGC55031,20/27,2.3L I-4 cyl,10-Speed Automatic,,SUV,Gasoline,New,,,K8D,,,,"fairfieldfairfieldfordfd_0a9db776ac182a70749e823aca8cfce8,fairfieldfairfieldfordfd_0a4fa9b1ac182335250d895b75ba5e7c",
1FMUK8KH4SGC83554,2025,Ford,Explorer,ST-Line,Carbonized Gray Metallic,Onyx,0,"$51,580",,,,20/27,2.3L EcoBoost I-4 with Auto Start-Stop Technology,10-Speed Automatic Transmission,,SUV,Other,New,,,,,,,"fairfieldfairfieldfordfd_c8f18226ac183dda6723c221aa1c466c,fairfieldfairfieldfordfd_0a4fbe07ac182e9f780d08ba6468459f","300A,retail_commercial_listing"
1FMUK8KH6SGC96709,2025,Ford,Explorer,ST-Line,Star White Tri-Coat,Onyx,0,"$52,375",,,SGC96709,20/27,2.3L I-4 cyl,10-Speed Automatic,,SUV,Gasoline,New,,,K8K,,,,"fairfieldfairfieldfordfd_c8f18226ac183dda6723c221aa1c466c,fairfieldfairfieldfordfd_0a4fbe07ac182e9f780d08ba6468459f","300A,retail_commercial_listing"
1FMWK8GC9SGC62527,2025,Ford,Explorer,ST,Carbonized Gra,Onyx,0,"$61,860",,,SGC62527,18/25,3.0L V-6 cyl,10-Speed Automatic,,SUV,Gasoline,New,,,K8G,,,,"fairfieldfairfieldfordfd_0a4fbdf4ac182a70749e823a8602247d,fairfieldfairfieldfordfd_177a17fdac182335250d895b677cde31","400A,retail_commercial_listing"
1FMWK8GC4SGC92728,2025,Ford,Explorer,ST,Carbonized Gray Metallic,Onyx,0,"$61,860",,,,18/25,3.0L EcoBoost V6 Engine with Auto Start-Stop Technology,10-Speed Automatic Transmission,,SUV,Other,New,,,,,,,"fairfieldfairfieldfordfd_0a4fbdf4ac182a70749e823a8602247d,fairfieldfairfieldfordfd_177a17fdac182335250d895b677cde31","400A,retail_commercial_listing"
1FMWK8GC5SGC91572,2025,Ford,Explorer,ST,Agate Black Metallic,Onyx,0,"$61,860",,,,18/25,3.0L EcoBoost V6 Engine with Auto Start-Stop Technology,10-Speed Automatic Transmission,,SUV,Other,New,,,,,,,"fairfieldfairfieldfordfd_0a4fbdf4ac182a70749e823a8602247d,fairfieldfairfieldfordfd_177a17fdac182335250d895b677cde31","400A,retail_commercial_listing"
1FMWK8GC0SGC93181,2025,Ford,Explorer,ST,Vapor Blue Metallic,Onyx,0,"$62,355",,,,18/25,3.0L EcoBoost V6 Engine with Auto Start-Stop Technology,10-Speed Automatic Transmission,,SUV,Other,New,,,,,,,"fairfieldfairfieldfordfd_0a4fbdf4ac182a70749e823a8602247d,fairfieldfairfieldfordfd_177a17fdac182335250d895b677cde31","400A,retail_commercial_listing"
1FMWK8GC5SGD01680,2025,Ford,Explorer,ST,Rapid Red Metallic Tinted Clearcoat,Onyx,0,"$62,355",,,,18/25,3.0L EcoBoost V6 Engine with Auto Start-Stop Technology,10-Speed Automatic Transmission,,SUV,Other,New,,,,,,,"fairfieldfairfieldfordfd_0a4fbdf4ac182a70749e823a8602247d,fairfieldfairfieldfordfd_177a17fdac182335250d895b677cde31","400A,retail_commercial_listing"
1FMWK8GC3SGC67982,2025,Ford,Explorer,ST,Star White Tri-Coat,Onyx,0,"$62,655",,,SGC67982,18/25,3.0L V-6 cyl,10-Speed Automatic,,SUV,Gasoline,New,,,K8G,,,,"fairfieldfairfieldfordfd_0a4fbdf4ac182a70749e823a8602247d,fairfieldfairfieldfordfd_177a17fdac182335250d895b677cde31","400A,retail_commercial_listing"
1FMWK8GC3SGC84605,2025,Ford,Explorer,ST,Star White Tri-Coat,Onyx,0,"$62,655",,,SGC84605,18/25,3.0L V-6 cyl,10-Speed Automatic,,SUV,Gasoline,New,,,K8G,,,,"fairfieldfairfieldfordfd_0a4fbdf4ac182a70749e823a8602247d,fairfieldfairfieldfordfd_177a17fdac182335250d895b677cde31","400A,retail_commercial_listing"
1FMCU9PZXRUA50819,2024,Ford,Escape,ST-Line Elite,Star White Tri-Coat,Red / Ebony,0,"$42,100",,,240613,,2.5L I-4 cyl,eCVT,,SUV,Gasoline,New,,,U9P,,,,"fairfieldfairfieldfordfd_0e85f5b5ac183dda6723c221ad7aa4f1,fairfieldfairfieldfordfd_18bc6041ac182ff0740b673b9cc1ca38",
1FMCU9JA9RUB52745,2024,Ford,Escape,Platinum,Star White Tri-Coat,Ebony,0,"$42,960",,,RUB52745,,2.0L I-4 cyl,8-Speed Automatic,,SUV,Gasoline,New,,,U9J,,,,"fairfieldfairfieldfordfd_10fc2a48ac183dda6723c221dde10ed5,fairfieldfairfieldfordfd_18b0308dac18344a07ffaa6232d702b1",
1FMCU0E17RUA14269,2024,Ford,Escape,Base,Star White Tri-Coat,Ebony Black,0,"$42,990",,,240594,,2.5L I-4 cyl,eCVT,,SUV,Gasoline,New,,,U0E,,,,"fairfieldfairfieldfordfd_18af9c5aac182edc3904e932fd20cbf0,fairfieldfairfieldfordfd_0e8e68aaac183dda6723c221d3a3a2bf",
1FMCU0E15RUA19423,2024,Ford,Escape,Base,Star White Tri-Coat,Ebony Black,0,"$42,990",,,240436,,2.5L I-4 cyl,eCVT,,SUV,Gasoline,New,,,U0E,,,,,
1FMCU0E12RUA18553,2024,Ford,Escape,Base,Star White Tri-Coat,Ebony Black,0,"$42,990",,,240431,,2.5L I-4 cyl,eCVT,,SUV,Gasoline,New,,,U0E,,,,,
1FMCU0E14RUA53305,2024,Ford,Escape,Base,Star White Tri-Coat,Ebony Black,0,"$42,990",,,240615,,2.5L I-4 cyl,eCVT,,SUV,Gasoline,New,,,U0E,,,,,
1FMCU0E18RUA50634,2024,Ford,Escape,Base,Star White Tri-Coat,Ebony Black,0,"$42,990",,,240619,,2.5L I-4 cyl,eCVT,,SUV,Gasoline,New,,,U0E,,,,"fairfieldfairfieldfordfd_18af9c5aac182edc3904e932fd20cbf0,fairfieldfairfieldfordfd_0e8e68aaac183dda6723c221d3a3a2bf",
1FMCU0E15RUA50610,2024,Ford,Escape,Base,Star White Tri-Coat,Ebony Black,0,"$42,990",,,240477,,2.5L I-4 cyl,eCVT,,SUV,Gasoline,New,,,U0E,,,,,
1FMCU0E16RUA49014,2024,Ford,Escape,Base,Star White Tri-Coat,Ebony Black,0,"$42,990",,,240476,,2.5L I-4 cyl,eCVT,,SUV,Gasoline,New,,,U0E,,,,"fairfieldfairfieldfordfd_18af9c5aac182edc3904e932fd20cbf0,fairfieldfairfieldfordfd_0e8e68aaac183dda6723c221d3a3a2bf",
1FMCU0E14RUA18487,2024,Ford,Escape,Base,Star White Tri-Coat,Ebony Black,0,"$42,990",,,240408,,2.5L I-4 cyl,eCVT,,SUV,Gasoline,New,,,U0E,,,,,
1FMCU0E1XRUA07297,2024,Ford,Escape,Base,Star White Tri-Coat,Ebony Black,0,"$42,990",,,240262,,2.5L I-4 cyl,eCVT,,SUV,Gasoline,New,,,U0E,,,,"fairfieldfairfieldfordfd_18af9c5aac182edc3904e932fd20cbf0,fairfieldfairfieldfordfd_0e8e68aaac183dda6723c221d3a3a2bf",
1FMCU0E17RUA07306,2024,Ford,Escape,Base,Star White Tri-Coat,Ebony Black,0,"$42,990",,,240261,,2.5L I-4 cyl,eCVT,,SUV,Gasoline,New,,,U0E,,,,"fairfieldfairfieldfordfd_18af9c5aac182edc3904e932fd20cbf0,fairfieldfairfieldfordfd_0e8e68aaac183dda6723c221d3a3a2bf",
1FMCU0E14RUA18182,2024,Ford,Escape,Base,Star White Tri-Coat,Ebony Black,0,"$42,990",,,240270,,2.5L I-4 cyl,eCVT,,SUV,Gasoline,New,,,U0E,,,,,
1FMCU0E16RUA18975,2024,Ford,Escape,Base,Star White Tri-Coat,Ebony Black,0,"$42,990",,,240271,,2.5L I-4 cyl,eCVT,,SUV,Gasoline,New,,,U0E,,,,,
1FMCU0E17RUA07323,2024,Ford,Escape,Base,Star White Tri-Coat,Ebony,0,"$42,990",,,240276,,2.5L I-4 cyl,eCVT,,SUV,Gasoline,New,,,U0E,,,,"fairfieldfairfieldfordfd_18af9c5aac182edc3904e932fd20cbf0,fairfieldfairfieldfordfd_0e8e68aaac183dda6723c221d3a3a2bf",
1FMCU0E17RUA07824,2024,Ford,Escape,Base,Star White Tri-Coat,Ebony Black,0,"$42,990",,,240207,,2.5L I-4 cyl,eCVT,,SUV,Gasoline,New,,,U0E,,,,,
1FMCU0E18RUA07279,2024,Ford,Escape,Base,Star White Tri-Coat,Ebony Black,0,"$42,990",,,240212,,2.5L I-4 cyl,eCVT,,SUV,Gasoline,New,,,U0E,,,,"fairfieldfairfieldfordfd_18af9c5aac182edc3904e932fd20cbf0,fairfieldfairfieldfordfd_0e8e68aaac183dda6723c221d3a3a2bf",
1FMCU0E15RUA00404,2024,Ford,Escape,Base,Star White Tri-Coat,Ebony Black,0,"$42,990",,,240220,,2.5L I-4 cyl,eCVT,,SUV,Gasoline,New,,,U0E,,,,,
1FMCU0E15RUA07708,2024,Ford,Escape,Base,Star White Tri-Coat,Ebony Black,0,"$42,990",,,240217,,2.5L I-4 cyl,eCVT,,SUV,Gasoline,New,,,U0E,,,,,
1FMCU0E16RUA07667,2024,Ford,Escape,Base,Star White Tri-Coat,Ebony Black,0,"$42,990",,,240238,,2.5L I-4 cyl,eCVT,,SUV,Gasoline,New,,,U0E,,,,,
1FMCU0GN6SUB66257,2025,Ford,Escape,Active,Oxford White,Ebony Black,0,"$31,850",,,,27/34,1.5L EcoBoost Engine With Auto Start-Stop Technology,8-Speed Automatic Transmission,,SUV,Other,New,,,,,,,fairfieldfairfieldfordfd_0a4ff908ac182335250d895bfc0dca44,"200A,retail_commercial_listing"
1FMCU0MZ5SUB69772,2025,Ford,Escape,ST-Line,Star White Tri-Coat,Ebony,0,"$33,345",,,SUB69772,,2.5L I-4 cyl,eCVT,,SUV,Gasoline,New,,,U0M,,,,fairfieldfairfieldfordfd_0a4fb742ac182a70749e823a5f6d792a,"301A,retail_commercial_listing"
1FMCU0MZ5SUB65379,2025,Ford,Escape,ST-Line,Vapor Blue,Ebony,0,"$35,475",,,SUB65379,,2.5L I-4 cyl,8-Speed Automatic,,SUV,Gasoline,New,,,U0M,,,,fairfieldfairfieldfordfd_0a4fb742ac182a70749e823a5f6d792a,"301A,retail_commercial_listing"
1FMCU0MZ5SUB28011,2025,Ford,Escape,ST-Line,Star White Tri-Coat,Ebony,0,"$37,465",,,SUB28011,,2.5L I-4 cyl,eCVT,,SUV,Gasoline,New,,,U0M,,,,fairfieldfairfieldfordfd_0a4fb742ac182a70749e823a5f6d792a,
1FMCU0MZ0SUA55551,2025,Ford,Escape,ST-Line,Star White Tri-Coat,Ebony,0,"$38,400",,,SUA55551,,2.5L I-4 cyl,eCVT,,SUV,Gasoline,New,,,U0M,,,,fairfieldfairfieldfordfd_0a4fb742ac182a70749e823a5f6d792a,
3FMCR9C62RRE51592,2024,Ford,Bronco Sport,Outer Banks,Shadow Black,Ebony/Roast,0,"$37,710",,,240354,25/29,1.5L I-3 cyl,8-Speed Automatic,,SUV,Gasoline,New,,,R9C,,,,"fairfieldfairfieldfordfd_7b9c9770ac185a8e5bc7c9e13263be40,fairfieldfairfieldfordfd_10f40333ac183f484c553bdbe9a1d2ab",
2FMPK4G92RBA83443,2024,Ford,Edge,SE,Carbonized Gray,Ebony,0,"$41,520",,,240256,21/28,2.0L I-4 cyl,8-Speed Automatic,,SUV,Gasoline,New,,,K4G,,,,fairfieldfairfieldfordfd_3138e961ac1817a65b47b592cbcf9f36,
2FMPK4G90RBA86986,2024,Ford,Edge,SE,Agate Black,Ebony,0,"$41,520",,,240366,21/28,2.0L I-4 cyl,8-Speed Automatic,,SUV,Gasoline,New,,,K4G,,,,fairfieldfairfieldfordfd_3138e961ac1817a65b47b592cbcf9f36,
1FTER4HH2RLE26734,2024,Ford,Ranger,XLT,Azure Gray Metallic Tri-Coat,Ebony,0,"$47,020",,,240883,20/24,2.3L I-4 cyl,10-Speed Automatic,,Truck SuperCrew,Gasoline,New,,,R4H,,,,,"301A,retail_commercial_listing"
1FTBR1Y89RKB45960,2024,Ford,Transit-250 Cargo,Base,Oxford White,Dark Palazzo Gray,0,"$51,135",,,241142,,3.5L V-6 cyl,10-Speed Automatic with Overdrive,,Van Low Roof Van,Gasoline,New,,,R1Y,,,,,
1FTBR1X80RKB35822,2024,Ford,Transit-250 Cargo,Base,Oxford White,Dark Palazzo Gray,0,"$56,705",,,RKB35822,,3.5L V-6 cyl,10-Speed Automatic with Overdrive,,Van High Roof Van,Gasoline,New,,,R1X,,,,"fairfieldfairfieldfordfd_10f55e24ac185e78350777d0e5866b99,fairfieldfairfieldfordfd_10f55e04ac185e78350777d0a19e21df",
1FDWE3FN5RDD31092,2024,Ford,E-350 Cutaway,Base,Oxford White,Medium Flint,0,"$72,882",,,240102UP,,7.3L V-8 cyl,6-Speed Automatic with Overdrive,,Truck,Gasoline,New,,,E3F,,,,,
1FMEE9BP9RLA04724,2024,Ford,Bronco,Badlands,Hot Pepper Red Metallic Tinted Clearcoat,Black Onyx,0,"$67,790",,,240302,17/17,2.7L V-6 cyl,10-Speed Automatic,,SUV,Gasoline,New,,,E9B,,,,"fairfieldfairfieldfordfd_0e7ae6b3ac183f484c553bdbe8b3cf4b,fairfieldfairfieldfordfd_3cbabd72ac182ff0740b673b0f1732b1",
1FDRF3EN3REF19941,2024,Ford,F-350 Chassis,XL,Oxford White,Medium Dark Slate,0,"$68,150",,,REF19941,,7.3L V-8 cyl,10-Speed Automatic,,Truck Regular Cab,Gasoline,New,,,F3E,,,,,
1FDUF5GT5RDA02356,2024,Ford,F-550 Chassis,XL,Oxford White,Medium Dark Slate,0,"$69,156",,,240144UP,,6.7L V-8 cyl,10-Speed Automatic,,Truck Standard Cab,Diesel,New,,,F5G,,,,fairfieldfairfieldfordfd_10f5448cac183f484c553bdb52991add,
1FDUF5GT7RDA02326,2024,Ford,F-550 Chassis,XL,Oxford White,Medium Dark Slate,0,"$69,165",,,240161UP,,6.7L V-8 cyl,10-Speed Automatic,,Truck Standard Cab,Diesel,New,,,F5G,,,,fairfieldfairfieldfordfd_10f5448cac183f484c553bdb52991add,
1FDBF6P86RKB23241,2024,Ford,Transit-350 Cutaway,Base,Oxford White,Gray,0,"$78,652",,,RKB23241,,3.5L V-6 cyl,10-Speed Automatic with Overdrive,,Truck,Gasoline,New,,,F6P,,,,,
1FDUF4GT6RDA03607,2024,Ford,F-450 Chassis,XL,Oxford White,Medium Dark Slate,0,"$78,629",,,240279UP,,6.7L V-8 cyl,10-Speed Automatic,,Truck Regular Cab,Diesel,New,,,F4G,,,,,
1FDUF5GT9REC03607,2024,Ford,F-550 Chassis,XL,Oxford White,Medium Dark Slate,0,"$82,785",,,240143UP,,6.7L V-8 cyl,10-Speed Automatic,,Truck Standard Cab,Diesel,New,,,F5G,,,,,
1FDUF5GT3RDA02355,2024,Ford,F-550 Chassis,XL,Oxford White,Medium Dark Slate,0,"$82,735",,,240131UP,,6.7L V-8 cyl,10-Speed Automatic,,Truck Standard Cab,Diesel,New,,,F5G,,,,fairfieldfairfieldfordfd_10f5448cac183f484c553bdb52991add,
1FDBF6P86RKA21695,2024,Ford,Transit-350 Cutaway,Base,Oxford White,Gray,0,"$90,162",,,240710UP,,3.5L V-6 cyl,10-Speed Automatic with Overdrive,,Truck,Gasoline,New,,,F6P,,,,,
1FDUF5HT2RDA10901,2024,Ford,F-550 Chassis,XL,Oxford White,Medium Dark Slate,0,"$85,271",,,240650UP,,6.7L V-8 cyl,10-Speed Automatic,,Truck Standard Cab,Diesel,New,,,F5H,,,,,
1FDUF5HT3RDA28288,2024,Ford,F-550 Chassis,XL,Oxford White,Medium Dark Slate,0,"$85,940",,,241180UP,,6.7L V-8 cyl,10-Speed Automatic,,Truck Standard Cab,Diesel,New,,,F5H,,,,,
1FMJU2A84REA40487,2024,Ford,Expedition,Limited,Agate Black,Black Onyx,0,"$82,860",,,240353,16/22,3.5L V-6 cyl,10-Speed Automatic,,SUV,Gasoline,New,,,U2A,,,,"fairfieldfairfieldfordfd_0a5054cbac182335250d895babc89ecb,fairfieldfairfieldfordfd_10f4eaf2ac1820552c78ef1042c63098",
1FDUF4GT8RDA18528,2024,Ford,F-450 Chassis,XL,Oxford White,Medium Dark Slate,0,"$88,012",,,240821UP,,6.7L V-8 cyl,10-Speed Automatic,,Truck Regular Cab,Diesel,New,,,F4G,,,,,
1FDUF5GT9RDA02280,2024,Ford,F-550 Chassis,XL,Oxford White,Medium Dark Slate,0,"$93,257",,,240149UP,,6.7L V-8 cyl,10-Speed Automatic,,Truck Standard Cab,Diesel,New,,,F5G,,,,fairfieldfairfieldfordfd_10f5448cac183f484c553bdb52991add,
1FDUF5HT1RDA28323,2024,Ford,F-550 Chassis,XL,Oxford White,Medium Dark Slate,0,"$93,971",,,241081UP,,6.7L V-8 cyl,10-Speed Automatic,,Truck Standard Cab,Diesel,New,,,F5H,,,,,
1FMJK2AG6REA49463,2024,Ford,Expedition Max,Limited,Star White Metallic Tri-Coat,Black Onyx,0,"$94,810",,,240564,16/22,3.5L V-6 cyl,10-Speed Automatic,,SUV,Gasoline,New,,,K2A,,,,"fairfieldfairfieldfordfd_0a504b01ac182a70749e823a44ad6373,fairfieldfairfieldfordfd_0e8b905eac183dda6723c221bc354a53",
1FDUF5GT6RDA02219,2024,Ford,F-550 Chassis,XL,Oxford White,Medium Dark Slate,0,"$98,930",,,240148UP,,6.7L V-8 cyl,10-Speed Automatic,,Truck Standard Cab,Diesel,New,,,F5G,,,,,
1FDUF5GTXRDA02224,2024,Ford,F-550 Chassis,XL,Oxford White,Medium Dark Slate,0,"$98,930",,,240157UP,,6.7L V-8 cyl,10-Speed Automatic,,Truck Standard Cab,Diesel,New,,,F5G,,,,,
3FTTW8A35SRB26618,2025,Ford,Maverick,XL,Oxford White,Black Onyx/Dark Slate,0,"$29,840",,,SRB26618,,2.5L I-4 cyl,CVT,,Truck SuperCrew,Gasoline,New,,,W8A,,,,,"100A,retail_commercial_listing"
3FTTW8A38SRB26578,2025,Ford,Maverick,XL,Velocity Blue,Black Onyx/Dark Slate,0,"$29,840",,,SRB26578,,2.5L I-4 cyl,CVT,,Truck SuperCrew,Gasoline,New,,,W8A,,,,,"100A,retail_commercial_listing"
3FTTW8A39SRB41865,2025,Ford,Maverick,XL,White,Black Onyx/Dark Slate,0,"$29,940",,,SRB41865,,2.5L I-4 cyl,CVT,,Truck SuperCrew,Gasoline,New,,,W8A,,,,,"100A,retail_commercial_listing"
3FTTW8A39SRB32700,2025,Ford,Maverick,XL,Velocity Blue,Black Onyx/Dark Slate,0,"$29,940",,,SRB32700,,2.5L I-4 cyl,CVT,,Truck SuperCrew,Gasoline,New,,,W8A,,,,,"100A,retail_commercial_listing"
3FTTW8A3XSRB25688,2025,Ford,Maverick,XL,Oxford White,Black Onyx/Dark Slate,0,"$29,940",,,SRB25688,,2.5L I-4 cyl,CVT,,Truck SuperCrew,Gasoline,New,,,W8A,,,,,
3FTTW8BA8SRB43894,2025,Ford,Maverick,XL,Desert Sand,Black Onyx/Dark Slate,0,"$30,065",,,SRB43894,,2.0L I-4 cyl,CVT,,Truck SuperCrew,Gasoline,New,,,W8B,,,,"fairfieldfairfieldfordfd_0a503d3bac182a70749e823a86936a3b,fairfieldfairfieldfordfd_10f43555ac183f484c553bdb49b9dbc2","102A,retail_commercial_listing"
3FTTW8BA3SRB36903,2025,Ford,Maverick,XL,White,Black Onyx/Dark Slate,0,"$30,065",,,SRB36903,,2.0L I-4 cyl,CVT,,Truck SuperCrew,Gasoline,New,,,W8B,,,,"fairfieldfairfieldfordfd_0a503d3bac182a70749e823a86936a3b,fairfieldfairfieldfordfd_10f43555ac183f484c553bdb49b9dbc2","102A,retail_commercial_listing"
3FTTW8BA2SRB58536,2025,Ford,Maverick,XL,Oxford White,Black Onyx,0,"$30,065",,,,,2.0L EcoBoost Engine,8-Speed Automatic Transmission,,TRUCK,Other,New,,,,,,,"fairfieldfairfieldfordfd_0a503d3bac182a70749e823a86936a3b,fairfieldfairfieldfordfd_10f43555ac183f484c553bdb49b9dbc2","102A,retail_commercial_listing"
3FTTW8BAXSRB43895,2025,Ford,Maverick,XL,Oxford White,Black Onyx/Dark Slate,0,"$30,860",,,SRB43895,,2.0L I-4 cyl,CVT,,Truck SuperCrew,Gasoline,New,,,W8B,,,,"fairfieldfairfieldfordfd_0a503d3bac182a70749e823a86936a3b,fairfieldfairfieldfordfd_10f43555ac183f484c553bdb49b9dbc2","102A,retail_commercial_listing"
3FTTW8H39SRB14249,2025,Ford,Maverick,XLT,Oxford White,Navy Pier/Aspen Gray,0,"$32,340",,,SRB14249,,2.5L I-4 cyl,CVT,,Truck SuperCrew,Gasoline,New,,,W8H,,,,,"300A,retail_commercial_listing"
3FTTW8H38SRB26635,2025,Ford,Maverick,XLT,Oxford White,Navy Pier/Aspen Gray,0,"$32,340",,,SRB26635,,2.5L I-4 cyl,CVT,,Truck SuperCrew,Gasoline,New,,,W8H,,,,,"300A,retail_commercial_listing"
3FTTW8H35SRA83436,2025,Ford,Maverick,XLT,Oxford White,Navy Pier/Aspen Gray,0,"$32,340",,,SRA83436,,2.5L I-4 cyl,CVT,,Truck SuperCrew,Gasoline,New,,,W8H,,,,,"300A,retail_commercial_listing"
3FTTW8H35SRB14281,2025,Ford,Maverick,XLT,Velocity Blue,Navy Pier/Aspen Gray,0,"$32,340",,,SRB14281,,2.5L I-4 cyl,CVT,,Truck SuperCrew,Gasoline,New,,,W8H,,,,,"300A,retail_commercial_listing"
3FTTW8H38SRB03016,2025,Ford,Maverick,XLT,Velocity Blue,Navy Pier/Aspen Gray,0,"$32,340",,,SRB03016,,2.5L I-4 cyl,CVT,,Truck SuperCrew,Gasoline,New,,,W8H,,,,,
3FTTW8H38SRB26666,2025,Ford,Maverick,XLT,Azure Gray Metallic Tri-Coat,Navy Pier/Aspen Gray,0,"$32,835",,,SRB26666,,2.5L I-4 cyl,CVT,,Truck SuperCrew,Gasoline,New,,,W8H,,,,,"300A,retail_commercial_listing"
3FMCR9BN8SRF20154,2025,Ford,Bronco Sport,Big Bend,Shadow Black,Smkd Truffle,0,"$32,990",,,SRF20154,25/30,1.5L I-3 cyl,8-Speed Automatic,,SUV,Gasoline,New,,,R9B,,,,fairfieldfairfieldfordfd_3cbabfd9ac182ff0740b673bd8e906f9,"200A,retail_commercial_listing"
3FMCR9BN9SRF13147,2025,Ford,Bronco Sport,Big Bend,Shadow Black,Medium Light Smoked Truffle,0,"$32,990",,,,25/30,1.5L EcoBoost with Auto Start-Stop Technology,8-Speed Automatic Transmission,,SUV,Other,New,,,,,,,fairfieldfairfieldfordfd_3cbabfd9ac182ff0740b673bd8e906f9,"200A,retail_commercial_listing"
3FTTW8JA8SRB43816,2025,Ford,Maverick,XLT,,,0,"$33,260",,,SRB43816,,2.0L I-4 cyl,CVT,,Truck SuperCrew,Gasoline,New,,,W8J,,,,"fairfieldfairfieldfordfd_0a50305cac182e9f780d08ba958ab360,fairfieldfairfieldfordfd_10f4040dac185e78350777d0eada91ae",
3FMCR9BN7SRF41836,2025,Ford,Bronco Sport,Big Bend,Shadow Black,Medium Light Smoked Truffle,0,"$33,690",,,,25/30,1.5L EcoBoost with Auto Start-Stop Technology,8-Speed Automatic Transmission,,SUV,Other,New,,,,,,,fairfieldfairfieldfordfd_3cbabfd9ac182ff0740b673bd8e906f9,"200A,retail_commercial_listing"
3FMCR9BN6SRF35767,2025,Ford,Bronco Sport,Big Bend,Oxford White,Medium Light Smoked Truffle,0,"$33,690",,,,25/30,1.5L EcoBoost with Auto Start-Stop Technology,8-Speed Automatic Transmission,,SUV,Other,New,,,,,,,fairfieldfairfieldfordfd_3cbabfd9ac182ff0740b673bd8e906f9,"200A,retail_commercial_listing"
3FMCR9BN2SRF28248,2025,Ford,Bronco Sport,Big Bend,Carbonized Gra,Smkd Truffle,0,"$34,685",,,SRF28248,25/30,1.5L I-3 cyl,8-Speed Automatic,,SUV,Gasoline,New,,,R9B,,,,fairfieldfairfieldfordfd_3cbabfd9ac182ff0740b673bd8e906f9,"200A,retail_commercial_listing"
3FMCR9BN9SRF20275,2025,Ford,Bronco Sport,Big Bend,Eruption Green,Smkd Truffle,0,"$35,080",,,SRF20275,25/30,1.5L I-3 cyl,8-Speed Automatic,,SUV,Gasoline,New,,,R9B,,,,fairfieldfairfieldfordfd_3cbabfd9ac182ff0740b673bd8e906f9,"200A,retail_commercial_listing"
1FTER4BH0SLE19019,2025,Ford,Ranger,XL,Oxford White,Ebony,0,"$35,170",,,SLE19019,21/25,2.3L I-4 cyl,10-Speed Automatic,,Truck SuperCrew,Gasoline,New,,,R4B,,,,,
1FTER4BH6SLE24127,2025,Ford,Ranger,XL,Oxford White,Ebony,0,"$35,315",,,SLE24127,21/25,2.3L I-4 cyl,10-Speed Automatic,,Truck SuperCrew,Gasoline,New,,,R4B,,,,,
1FTER4BH0SLE17898,2025,Ford,Ranger,XL,Gray Metallic,Ebony,0,"$35,315",,,SLE17898,21/25,2.3L I-4 cyl,10-Speed Automatic,,Truck SuperCrew,Gasoline,New,,,R4B,,,,,
1FA6P8TH7S5131217,2025,Ford,Mustang,Ecoboost Fastback,Shadow Black,Black Onyx,0,"$36,110",,,,22/33,2.3L EcoBoost Engine,10-Speed SelectShift Automatic Transmission,,CAR,Other,New,,,,,,,"fairfieldfairfieldfordfd_0e6ee773ac1820552c78ef109330dca2,fairfieldfairfieldfordfd_0a4ff7ceac182335250d895b41b9ae72","101A,retail_commercial_listing"
1FA6P8TH4S5132437,2025,Ford,Mustang,Ecoboost Fastback,Oxford White,Black Onyx,0,"$36,110",,,,22/33,2.3L EcoBoost Engine,10-Speed SelectShift Automatic Transmission,,CAR,Other,New,,,,,,,"fairfieldfairfieldfordfd_0e6ee773ac1820552c78ef109330dca2,fairfieldfairfieldfordfd_0a4ff7ceac182335250d895b41b9ae72","101A,retail_commercial_listing"
1FTER4BH4SLE30122,2025,Ford,Ranger,XL,Oxford White,Ebony,0,"$35,705",,,SLE30122,21/26,2.3L I-4 cyl,10-Speed Automatic,,Truck SuperCrew,Gasoline,New,,,R4B,,,,fairfieldfairfieldfordfd_b1ae5547ac185a8e5bc7c9e1e78e18bb,
3FMCR9BN0SRF40379,2025,Ford,Bronco Sport,Big Bend,Desert Sand,Medium Light Smoked Truffle,0,"$35,980",,,,25/30,1.5L EcoBoost with Auto Start-Stop Technology,8-Speed Automatic Transmission,,SUV,Other,New,,,,,,,fairfieldfairfieldfordfd_3cbabfd9ac182ff0740b673bd8e906f9,"200A,retail_commercial_listing"
1FA6P8TH2S5132145,2025,Ford,Mustang,Ecoboost Fastback,Vapor Blue Metallic,Black Onyx,0,"$36,505",,,,21/,2.3L EcoBoost Engine,10-Speed SelectShift Automatic Transmission,,CAR,Other,New,,,,,,,"fairfieldfairfieldfordfd_0e6ee773ac1820552c78ef109330dca2,fairfieldfairfieldfordfd_0a4ff7ceac182335250d895b41b9ae72","101A,retail_commercial_listing"
3FTCW8TA4SRA94918,2025,Ford,Maverick,Lobo,Shadow Black,Black Onyx,0,"$36,950",,,SRA94918,21/30,2.0L I-4 cyl,7-Speed Automatic,,Truck SuperCrew,Gasoline,New,,,W8T,,,,"fairfieldfairfieldfordfd_10f408fdac1820552c78ef109a20d8f4,fairfieldfairfieldfordfd_0a502e78ac182335250d895b79ee7f34,fairfieldfairfieldfordfd_10f40921ac1820552c78ef10f1ea24e5",
3FTCW8TA3SRB13782,2025,Ford,Maverick,Lobo,Carbonized Gray,Black Onyx,0,"$37,625",,,SRB13782,21/30,2.0L I-4 cyl,7-Speed Automatic,,Truck SuperCrew,Gasoline,New,,,W8T,,,,,"402A,retail_commercial_listing"
3FTCW8TA9SRB14290,2025,Ford,Maverick,Lobo Standard,Carbonized Gray,Black Onyx,0,"$37,625",,,SRB14290,21/30,2.0L I-4 cyl,7-Speed Automatic,,Truck SuperCrew,Gasoline,New,,,W8T,,,,"fairfieldfairfieldfordfd_10f408fdac1820552c78ef109a20d8f4,fairfieldfairfieldfordfd_0a502e78ac182335250d895b79ee7f34,fairfieldfairfieldfordfd_10f40921ac1820552c78ef10f1ea24e5","402A,retail_commercial_listing"
1FA6P8TH6S5131418,2025,Ford,Mustang,Ecoboost Fastback,Molten Magenta Metallic Tri-Coat,Black Onyx,0,"$38,405",,,,22/33,2.3L EcoBoost Engine,10-Speed SelectShift Automatic Transmission,,CAR,Other,New,,,,,,,"fairfieldfairfieldfordfd_0e6ee773ac1820552c78ef109330dca2,fairfieldfairfieldfordfd_0a4ff7ceac182335250d895b41b9ae72","101A,retail_commercial_listing"
3FMCR9BN3SRE93557,2025,Ford,Bronco Sport,Big Bend,Azure   Gray,Smkd Truffle,0,"$38,495",,,SRE93557,25/30,1.5L I-3 cyl,8-Speed Automatic,,SUV,Gasoline,New,,,R9B,,,,fairfieldfairfieldfordfd_3cbabfd9ac182ff0740b673bd8e906f9,"200A,retail_commercial_listing"
3FMCR9CN0SRF35424,2025,Ford,Bronco Sport,Outer Banks,Carbonized Gray Metallic,Ebony/Roast,0,"$38,490",,,,25/30,1.5L EcoBoost with Auto Start-Stop Technology,8-Speed Automatic Transmission,,SUV,Other,New,,,,,,,fairfieldfairfieldfordfd_3cbabfdfac182edc3904e93291e9fd70,"300A,retail_commercial_listing"
1FTER4GH0SLE53986,2025,Ford,Ranger,XLT,Carbonized Gray Metallic,Ebony,0,"$39,125",,,,21/,2.3L EcoBoost Engine with Auto Start-Stop Technology,Electronic Ten-Speed Automatic Transmission,,TRUCK,Other,New,,,,,,,fairfieldfairfieldfordfd_b1aea9ddac185a8e5bc7c9e14c86c0c0,"300A,retail_commercial_listing"
1FTER4PH6SLE50557,2025,Ford,Ranger,XL,Oxford White,Ebony,0,"$38,830",,,,19/26,2.3L EcoBoost Engine with Auto Start-Stop Technology,Electronic Ten-Speed Automatic Transmission,,TRUCK,Other,New,,,,,,,fairfieldfairfieldfordfd_b1ae4d25ac185a8e5bc7c9e180c153f3,"100A,retail_commercial_listing"
3FMCR9GN5SRF51791,2025,Ford,Bronco Sport,Heritage,Robins Egg Blue,Navy Pier,0,"$38,880",,,,25/,1.5L EcoBoost with Auto Start-Stop Technology,8-Speed Automatic Transmission,,SUV,Other,New,,,,,,,fairfieldfairfieldfordfd_3cbb9e13ac185bff460667e5ee75bbc1,"250A,retail_commercial_listing"
3FMCR9CN1SRF26814,2025,Ford,Bronco Sport,Outer Banks,Eruption Green,Ebony Roast,0,"$40,880",,,SRF26814,25/30,1.5L I-3 cyl,8-Speed Automatic,,SUV,Gasoline,New,,,R9C,,,,fairfieldfairfieldfordfd_3cbabfdfac182edc3904e93291e9fd70,"300A,retail_commercial_listing"
3FMCR9CN3SRF41136,2025,Ford,Bronco Sport,Outer Banks,Velocity Blue,Platinum Blue,0,"$40,880",,,SRF41136,25/30,1.5L I-3 cyl,8-Speed Automatic,,SUV,Gasoline,New,,,R9C,,,,fairfieldfairfieldfordfd_3cbabfdfac182edc3904e93291e9fd70,"300A,retail_commercial_listing"
1FTER4HH3SLE42141,2025,Ford,Ranger,XLT,Oxford White,Ebony,0,"$40,855",,,,19/26,2.3L EcoBoost Engine with Auto Start-Stop Technology,Electronic Ten-Speed Automatic Transmission,,TRUCK,Other,New,,,,,,,fairfieldfairfieldfordfd_b1ae4d01ac1808143d5a06293efdef1a,"300A,retail_commercial_listing"
3FMCR9CN1SRF37019,2025,Ford,Bronco Sport,Outer Banks,Ruby Red Metallic Tinted Clearcoat,Ebony/Roast,0,"$40,980",,,,25/30,1.5L EcoBoost with Auto Start-Stop Technology,8-Speed Automatic Transmission,,SUV,Other,New,,,,,,,fairfieldfairfieldfordfd_3cbabfdfac182edc3904e93291e9fd70,"300A,retail_commercial_listing"
3FTTW8SA1SRB44224,2025,Ford,Maverick,Lariat,Gray,Black Onyx,0,"$40,875",,,SRB44224,,2.0L I-4 cyl,CVT,,Truck SuperCrew,Gasoline,New,,,W8S,,,,fairfieldfairfieldfordfd_0a503da7ac182e9f780d08bad6e3b42c,"502A,retail_commercial_listing"
3FMCR9CN0SRF10152,2025,Ford,Bronco Sport,Outer Banks,Desert Sand,Ebony Roast,0,"$41,875",,,SRF10152,25/30,1.5L I-3 cyl,8-Speed Automatic,,SUV,Gasoline,New,,,R9C,,,,fairfieldfairfieldfordfd_3cbabfdfac182edc3904e93291e9fd70,"300A,retail_commercial_listing"
3FMTK1R43SMA10164,2025,Ford,Mustang Mach-E,Select,Velocity Blue,Black Onyx,0,"$41,380",,,SMA10164,,Standard Range Battery (RWD),Single-Speed Automatic,,SUV,Electric,New,,,K1R,,,,"fairfieldfairfieldfordfd_ef7b0f51ac185e78350777d07409354b,fairfieldfairfieldfordfd_7e2f2843ac1836bb092f3bf1057dff08,fairfieldfairfieldfordfd_ef7b0fa4ac185e78350777d0ed2b9805,fairfieldfairfieldfordfd_ef7b0f72ac185e78350777d08cf4243a","100A,retail_commercial_listing"
1FTER4HH7SLE54339,2025,Ford,Ranger,XLT,Carbonized Gray Metallic,Ebony,0,"$42,005",,,,19/26,2.3L EcoBoost Engine with Auto Start-Stop Technology,Electronic Ten-Speed Automatic Transmission,,TRUCK,Other,New,,,,,,,fairfieldfairfieldfordfd_b1ae4d01ac1808143d5a06293efdef1a,"300A,retail_commercial_listing"
3FMTK1R47SMA44995,2025,Ford,Mustang Mach-E,Select,Star White Tri-Coat,Black Onyx,0,"$41,780",,,SMA44995,,Standard Range Battery (RWD),Single-Speed Automatic,,SUV,Electric,New,,,K1R,,,,"fairfieldfairfieldfordfd_ef7b0f51ac185e78350777d07409354b,fairfieldfairfieldfordfd_7e2f2843ac1836bb092f3bf1057dff08,fairfieldfairfieldfordfd_ef7b0fa4ac185e78350777d0ed2b9805,fairfieldfairfieldfordfd_ef7b0f72ac185e78350777d08cf4243a","100A,retail_commercial_listing"
3FMTK1R42SMA13041,2025,Ford,Mustang Mach-E,Select,Glacier Gray TriCoat,Black Onyx,0,"$41,880",,,SMA13041,,Standard Range Battery (RWD),Single-Speed Automatic,,SUV,Electric,New,,,K1R,,,,"fairfieldfairfieldfordfd_ef7b0f51ac185e78350777d07409354b,fairfieldfairfieldfordfd_7e2f2843ac1836bb092f3bf1057dff08,fairfieldfairfieldfordfd_ef7b0fa4ac185e78350777d0ed2b9805,fairfieldfairfieldfordfd_ef7b0f72ac185e78350777d08cf4243a","100A,retail_commercial_listing"
3FMTK1R40SMA10641,2025,Ford,Mustang Mach-E,Select,Glacier Gray TriCoat,Black Onyx,0,"$41,880",,,SMA10641,,Standard Range Battery (RWD),Single-Speed Automatic,,SUV,Electric,New,,,K1R,,,,"fairfieldfairfieldfordfd_ef7b0f51ac185e78350777d07409354b,fairfieldfairfieldfordfd_7e2f2843ac1836bb092f3bf1057dff08,fairfieldfairfieldfordfd_ef7b0fa4ac185e78350777d0ed2b9805,fairfieldfairfieldfordfd_ef7b0f72ac185e78350777d08cf4243a","100A,retail_commercial_listing"
3FMTK1R46SMA30716,2025,Ford,Mustang Mach-E,Select,Star White Tri-Coat,Black Onyx,0,"$42,780",,,SMA30716,,Standard Range Battery (RWD),Single-Speed Automatic,,SUV,Electric,New,,,K1R,,,,"fairfieldfairfieldfordfd_ef7b0f51ac185e78350777d07409354b,fairfieldfairfieldfordfd_7e2f2843ac1836bb092f3bf1057dff08,fairfieldfairfieldfordfd_ef7b0fa4ac185e78350777d0ed2b9805,fairfieldfairfieldfordfd_ef7b0f72ac185e78350777d08cf4243a","100A,retail_commercial_listing"
3FMTK1R41SMA47486,2025,Ford,Mustang Mach-E,Select,Shadow Black,Black Onyx,0,"$42,580",,,,,Standard Range Battery (RWD),Single-Speed Transmission,,CROSSOVERS,Other,New,,,,,,,"fairfieldfairfieldfordfd_ef7b0f51ac185e78350777d07409354b,fairfieldfairfieldfordfd_7e2f2843ac1836bb092f3bf1057dff08,fairfieldfairfieldfordfd_ef7b0fa4ac185e78350777d0ed2b9805,fairfieldfairfieldfordfd_ef7b0f72ac185e78350777d08cf4243a","100A,retail_commercial_listing"
3FMTK3R46SMA07139,2025,Ford,Mustang Mach-E,Premium,Velocity Blue,Black Onyx,0,"$43,085",,,SMA07139,,Standard Range Battery (RWD),Single-Speed Automatic,,SUV,Electric,New,,,K3R,,,,"fairfieldfairfieldfordfd_ef7b0f3eac185e78350777d0ccb6822b,fairfieldfairfieldfordfd_7e2fa613ac1836bb092f3bf1635a99c3,fairfieldfairfieldfordfd_ef7b0f8cac185e78350777d0da97280e,fairfieldfairfieldfordfd_ef7b0f5eac185e78350777d09404d2ee","300A,retail_commercial_listing"
1FMDE6AH9SLB23626,2025,Ford,Bronco,Base,Carbonized Gray Metallic,Dark Space Gray,0,"$42,975",,,SLB23626,18/22,2.3L I-4 cyl,10-Speed Automatic,,SUV,Gasoline,New,,,E6A,,,,fairfieldfairfieldfordfd_3cbec19bac182edc3904e932ad806482,
1FMDE6BH5SLB21547,2025,Ford,Bronco,Base,Shadow Black,Dark Space Gray,0,"$44,580",,,SLB21547,18/22,2.3L I-4 cyl,10-Speed Automatic Transmission,,SUV,Gasoline,New,,,E6B,,,,fairfieldfairfieldfordfd_3cbb9b23ac182edc3904e932a91d731b,"101A,retail_commercial_listing"
1FMDE6BH5SLB08104,2025,Ford,Bronco,Base,Desert Sand,Dark Space Gray,0,"$44,975",,,SLB08104,18/22,2.3L I-4 cyl,10-Speed Automatic,,SUV,Gasoline,New,,,E6B,,,,fairfieldfairfieldfordfd_3cbb9b23ac182edc3904e932a91d731b,"101A,retail_commercial_listing"
3FMTK3R44SMA49454,2025,Ford,Mustang Mach-E,Premium,Shadow Black,Light Space Gray,0,"$46,460",,,,,Standard Range Battery (RWD),Single-Speed Transmission,,CROSSOVERS,Other,New,,,,,,,"fairfieldfairfieldfordfd_ef7b0f3eac185e78350777d0ccb6822b,fairfieldfairfieldfordfd_7e2fa613ac1836bb092f3bf1635a99c3,fairfieldfairfieldfordfd_ef7b0f8cac185e78350777d0da97280e,fairfieldfairfieldfordfd_ef7b0f5eac185e78350777d09404d2ee","300A,retail_commercial_listing"
1FMDE7BH1SLB25763,2025,Ford,Bronco,Big Bend,Oxford White,Black Onyx,0,"$47,300",,,,18/22,2.3L EcoBoost I-4 Engine,10-Speed Automatic Transmission,,SUV,Other,New,,,,,,,fairfieldfairfieldfordfd_3cbb9a82ac182edc3904e932f7f75f6a,"222A,retail_commercial_listing"
1FMDE7BH0SLB11286,2025,Ford,Bronco,Big Bend,Ruby Red Tinted,Gray,0,"$47,795",,,SLB11286,18/22,2.3L I-4 cyl,10-Speed Automatic,,SUV,Gasoline,New,,,E7B,,,,fairfieldfairfieldfordfd_3cbb9a82ac182edc3904e932f7f75f6a,"222A,retail_commercial_listing"
1FMDE7BH8SLB30099,2025,Ford,Bronco,Big Bend,Shadow Black,Black Onyx,0,"$47,970",,,,20/,2.3L EcoBoost I-4 Engine,10-Speed Automatic Transmission,,SUV,Other,New,,,,,,,fairfieldfairfieldfordfd_3cbb9a82ac182edc3904e932f7f75f6a,"222A,retail_commercial_listing"
3FMTK3R43SMA44665,2025,Ford,Mustang Mach-E,Premium,Glacier Gray TriCoat,Blk Perforated,0,"$48,005",,,SMA44665,,Standard Range Battery (RWD),Single-Speed Automatic,,SUV,Electric,New,,,K3R,,,,"fairfieldfairfieldfordfd_ef7b0f3eac185e78350777d0ccb6822b,fairfieldfairfieldfordfd_7e2fa613ac1836bb092f3bf1635a99c3,fairfieldfairfieldfordfd_ef7b0f8cac185e78350777d0da97280e,fairfieldfairfieldfordfd_ef7b0f5eac185e78350777d09404d2ee","300A,retail_commercial_listing"
1FMDE7BH0SLB35619,2025,Ford,Bronco,Big Bend,Shadow Black,Black Onyx,0,"$48,465",,,,18/22,2.3L EcoBoost I-4 Engine,10-Speed Automatic Transmission,,SUV,Other,New,,,,,,,fairfieldfairfieldfordfd_3cbb9a82ac182edc3904e932f7f75f6a,"222A,retail_commercial_listing"
1FMDE7BH2SLB21060,2025,Ford,Bronco,Big Bend,Carbonized Gray Metallic,Black Onyx,0,"$48,595",,,,18/22,2.3L EcoBoost I-4 Engine,10-Speed Automatic Transmission,,SUV,Other,New,,,,,,,fairfieldfairfieldfordfd_3cbb9a82ac182edc3904e932f7f75f6a,"222A,retail_commercial_listing"
1FTYE1Y86SKB22342,2025,Ford,Transit Commercial,Cargo Van,Oxford White,Dark Palazzo,0,"$50,420",,,,,3.5L PFDi V6 Engine,10-Speed Automatic Overdrive Transmission with Sel,,VAN,Other,New,,,,,,,"fairfieldfairfieldfordfd_0a4faa0cac182e9f780d08bad263ec78,fairfieldfairfieldfordfd_0a4faa4aac182e9f780d08ba8818c6eb","101A,retail_commercial_listing"
1FMDE7BHXSLB15460,2025,Ford,Bronco,Big Bend,Oxford White,Black,0,"$49,795",,,SLB15460,18/22,2.3L I-4 cyl,10-Speed Automatic Transmission,,SUV,Gasoline,New,,,E7B,,,,fairfieldfairfieldfordfd_3cbb9a82ac182edc3904e932f7f75f6a,"222A,retail_commercial_listing"
3FMTK3R75SMA09247,2025,Ford,Mustang Mach-E,Premium,Shadow Black,Black Onyx,0,"$49,680",,,SMA09247,,Extended Range Battery (RWD),Single-Speed Automatic,,SUV,Electric,New,,,K3R,,,,"fairfieldfairfieldfordfd_ef7b0f3eac185e78350777d0ccb6822b,fairfieldfairfieldfordfd_7e2fa613ac1836bb092f3bf1635a99c3,fairfieldfairfieldfordfd_ef7b0f8cac185e78350777d0da97280e,fairfieldfairfieldfordfd_ef7b0f5eac185e78350777d09404d2ee","300A,retail_commercial_listing"
3FMTK3R79SMA13477,2025,Ford,Mustang Mach-E,Premium,Star White Tri-Coat,Light Space Gray,0,"$49,680",,,SMA13477,,Extended Range Battery (RWD),Single-Speed Automatic,,SUV,Electric,New,,,K3R,,,,"fairfieldfairfieldfordfd_ef7b0f3eac185e78350777d0ccb6822b,fairfieldfairfieldfordfd_7e2fa613ac1836bb092f3bf1635a99c3,fairfieldfairfieldfordfd_ef7b0f8cac185e78350777d0da97280e,fairfieldfairfieldfordfd_ef7b0f5eac185e78350777d09404d2ee","300A,retail_commercial_listing"
3FMTK3R74SMA31143,2025,Ford,Mustang Mach-E,Premium,Velocity Blue,Blk Perforated,0,"$49,980",,,SMA31143,,Extended Range Battery (RWD),Single-Speed Automatic,,SUV,Electric,New,,,K3R,,,,"fairfieldfairfieldfordfd_ef7b0f3eac185e78350777d0ccb6822b,fairfieldfairfieldfordfd_7e2fa613ac1836bb092f3bf1635a99c3,fairfieldfairfieldfordfd_ef7b0f8cac185e78350777d0da97280e,fairfieldfairfieldfordfd_ef7b0f5eac185e78350777d09404d2ee","300A,retail_commercial_listing"
3FMTK3R74SMA49867,2025,Ford,Mustang Mach-E,Premium,Velocity Blue Metallic,Black Onyx,0,"$49,530",,,,,Extended Range Battery (RWD),Single-Speed Transmission,,CROSSOVERS,Other,New,,,,,,,"fairfieldfairfieldfordfd_ef7b0f3eac185e78350777d0ccb6822b,fairfieldfairfieldfordfd_7e2fa613ac1836bb092f3bf1635a99c3,fairfieldfairfieldfordfd_ef7b0f8cac185e78350777d0da97280e,fairfieldfairfieldfordfd_ef7b0f5eac185e78350777d09404d2ee","300A,retail_commercial_listing"
1FTYE1Y87SKA42001,2025,Ford,Transit-150 Cargo,Base,Oxford White,Dark Palazzo Gray,0,"$49,790",,,SKA42001,,3.5L V-6 cyl,10-Speed Automatic with Overdrive,,Van Low Roof Van,Gasoline,New,,,E1Y,,,,,
1FTYE1Y84SKA42182,2025,Ford,Transit-150 Cargo,Base,Oxford White,Dark Palazzo Gray,0,"$49,790",,,SKA42182,,3.5L V-6 cyl,10-Speed Automatic with Overdrive,,Van Low Roof Van,Gasoline,New,,,E1Y,,,,,
1FTYE1Y88SKA42525,2025,Ford,Transit-150 Cargo,Base,Oxford White,Dark Palazzo Gray,0,"$49,790",,,SKA42525,,3.5L V-6 cyl,10-Speed Automatic with Overdrive,,Van Low Roof Van,Gasoline,New,,,E1Y,,,,,
1FTYE1Y87SKA42130,2025,Ford,Transit-150 Cargo,Base,Oxford White,Dark Palazzo Gray,0,"$49,790",,,SKA42130,,3.5L V-6 cyl,10-Speed Automatic with Overdrive,,Van Low Roof Van,Gasoline,New,,,E1Y,,,,,
1FTYE1Y83SKA42030,2025,Ford,Transit-150 Cargo,Base,Oxford White,Dark Palazzo Gray,0,"$49,790",,,SKA42030,,3.5L V-6 cyl,10-Speed Automatic with Overdrive,,Van Low Roof Van,Gasoline,New,,,E1Y,,,,,
1FMDE7BH6SLB28691,2025,Ford,Bronco,Big Bend,Azure   Gray,Black,0,"$50,340",,,SLB28691,18/22,2.3L I-4 cyl,10-Speed Automatic Transmission,,SUV,Gasoline,New,,,E7B,,,,fairfieldfairfieldfordfd_3cbb9a82ac182edc3904e932f7f75f6a,"222A,retail_commercial_listing"
1FTYE1Y81SKA19622,2025,Ford,Transit-150 Cargo,Base,Oxford White,Dark Palazzo Gray,0,"$50,390",,,SKA19622,,3.5L V-6 cyl,10-Speed Automatic with Overdrive,,Van Low Roof Van,Gasoline,New,,,E1Y,,,,"fairfieldfairfieldfordfd_0a4faa0cac182e9f780d08bad263ec78,fairfieldfairfieldfordfd_0a4faa4aac182e9f780d08ba8818c6eb",
3FMTK3R72SMA57045,2025,Ford,Mustang Mach-E,Premium,Molten Magenta Metallic Tinted Clearcoat,Black Onyx,0,"$50,480",,,,,Extended Range Battery (RWD),Single-Speed Transmission,,CROSSOVERS,Other,New,,,,,,,"fairfieldfairfieldfordfd_ef7b0f3eac185e78350777d0ccb6822b,fairfieldfairfieldfordfd_7e2fa613ac1836bb092f3bf1635a99c3,fairfieldfairfieldfordfd_ef7b0f8cac185e78350777d0da97280e,fairfieldfairfieldfordfd_ef7b0f5eac185e78350777d09404d2ee","300A,retail_commercial_listing"
3FMTK3R79SMA34958,2025,Ford,Mustang Mach-E,Premium,Desert Sand,Black Onyx,0,"$50,515",,,SMA34958,,,Single-Speed Automatic,,SUV,Electric,New,,,K3R,,,,"fairfieldfairfieldfordfd_ef7b0f3eac185e78350777d0ccb6822b,fairfieldfairfieldfordfd_7e2fa613ac1836bb092f3bf1635a99c3,fairfieldfairfieldfordfd_ef7b0f8cac185e78350777d0da97280e,fairfieldfairfieldfordfd_ef7b0f5eac185e78350777d09404d2ee",
1FTYE1Y85SKB30853,2025,Ford,Transit-150 Cargo,Base,Oxford White,Dk Palazzo,0,"$50,420",,,SKB30853,,3.5L V-6 cyl,10-Speed Automatic with Overdrive,,Van Low Roof Van,Gasoline,New,,,E1Y,,,,"fairfieldfairfieldfordfd_0a4faa0cac182e9f780d08bad263ec78,fairfieldfairfieldfordfd_0a4faa4aac182e9f780d08ba8818c6eb","101A,retail_commercial_listing"
1FTBR1Y81SKB31024,2025,Ford,Transit Commercial,Cargo Van,Oxford White,Dark Palazzo,0,"$52,840",,,,,3.5L PFDi V6 Engine,10-Speed Automatic Overdrive Transmission with Sel,,VAN,Other,New,,,,,,,"fairfieldfairfieldfordfd_0a4fdc84ac182e9f780d08bafabc3bd4,fairfieldfairfieldfordfd_0a4fdca9ac182e9f780d08ba115ecd05","101A,retail_commercial_listing"
1FTBR1Y80SKB31001,2025,Ford,Transit Commercial,Cargo Van,Oxford White,Dark Palazzo,0,"$52,840",,,,,3.5L PFDi V6 Engine,10-Speed Automatic Overdrive Transmission with Sel,,VAN,Other,New,,,,,,,"fairfieldfairfieldfordfd_0a4fdc84ac182e9f780d08bafabc3bd4,fairfieldfairfieldfordfd_0a4fdca9ac182e9f780d08ba115ecd05","101A,retail_commercial_listing"
1FTBR1Y83SKB30621,2025,Ford,Transit Commercial,Cargo Van,Oxford White,Dark Palazzo,0,"$52,840",,,,,3.5L PFDi V6 Engine,10-Speed Automatic Overdrive Transmission with Sel,,VAN,Other,New,,,,,,,"fairfieldfairfieldfordfd_0a4fdc84ac182e9f780d08bafabc3bd4,fairfieldfairfieldfordfd_0a4fdca9ac182e9f780d08ba115ecd05","101A,retail_commercial_listing"
1FTYE1Y87SKA94910,2025,Ford,Transit-150 Cargo,Base,Oxford White,Dark Palazzo,0,"$50,495",,,SKA94910,,3.5L V-6 cyl,10-Speed Automatic with Overdrive,,Van Low Roof Van,Gasoline,New,,,E1Y,,,,"fairfieldfairfieldfordfd_0a4faa0cac182e9f780d08bad263ec78,fairfieldfairfieldfordfd_0a4faa4aac182e9f780d08ba8818c6eb","101A,retail_commercial_listing"
3FMTK3R7XSMA49906,2025,Ford,Mustang Mach-E,Premium,Molten Magenta Metallic Tinted Clearcoat,Black Onyx,0,"$51,705",,,,,Extended Range Battery (RWD),Single-Speed Transmission,,CROSSOVERS,Other,New,,,,,,,"fairfieldfairfieldfordfd_ef7b0f3eac185e78350777d0ccb6822b,fairfieldfairfieldfordfd_7e2fa613ac1836bb092f3bf1635a99c3,fairfieldfairfieldfordfd_ef7b0f8cac185e78350777d0da97280e,fairfieldfairfieldfordfd_ef7b0f5eac185e78350777d09404d2ee","300A,retail_commercial_listing"
3FMTK3R74SMA49075,2025,Ford,Mustang Mach-E,Premium,Glacier Gray Metallic Tri-Coat,Black Onyx,0,"$51,705",,,,,Extended Range Battery (RWD),Single-Speed Transmission,,CROSSOVERS,Other,New,,,,,,,"fairfieldfairfieldfordfd_ef7b0f3eac185e78350777d0ccb6822b,fairfieldfairfieldfordfd_7e2fa613ac1836bb092f3bf1635a99c3,fairfieldfairfieldfordfd_ef7b0f8cac185e78350777d0da97280e,fairfieldfairfieldfordfd_ef7b0f5eac185e78350777d09404d2ee","300A,retail_commercial_listing"
1FMDE8BH5SLB27425,2025,Ford,Bronco,Outer Banks,Azure Gray Metallic Tri-Coat,Black Onyx,0,"$52,725",,,,18/22,2.3L EcoBoost I-4 Engine,10-Speed Automatic Transmission,,SUV,Other,New,,,,,,,fairfieldfairfieldfordfd_3cbb9b02ac182edc3904e932b5543e4d,"312A,retail_commercial_listing"
1FTBR1Y8XSKA96676,2025,Ford,Transit-250 Cargo,Base,,gray,0,"$51,485",,,SKA96676,,3.5L V-6 cyl,10-Speed Automatic with Overdrive,,Van Low Roof Van,Gasoline,New,,,R1Y,,,,"fairfieldfairfieldfordfd_0a4fdc84ac182e9f780d08bafabc3bd4,fairfieldfairfieldfordfd_0a4fdca9ac182e9f780d08ba115ecd05",
1FTBR1Y8XSKA48143,2025,Ford,Transit-250 Cargo,Base,Oxford White,Dark Palazzo Gray,0,"$51,485",,,SKA48143,,3.5L V-6 cyl,10-Speed Automatic with Overdrive,,Van Low Roof Van,Gasoline,New,,,R1Y,,,,"fairfieldfairfieldfordfd_0a4fdc84ac182e9f780d08bafabc3bd4,fairfieldfairfieldfordfd_0a4fdca9ac182e9f780d08ba115ecd05",
1FTBR1Y8XSKA34131,2025,Ford,Transit-250 Cargo,Base,Oxford White,Dark Palazzo Gray,0,"$51,485",,,SKA34131,,3.5L V-6 cyl,10-Speed Automatic with Overdrive,,Van Low Roof Van,Gasoline,New,,,R1Y,,,,,
1FTBR1Y89SKA20687,2025,Ford,Transit-250 Cargo,Base,Oxford White,Dark Palazzo Gray,0,"$51,485",,,SKA20687,,3.5L V-6 cyl,10-Speed Automatic with Overdrive,,Van Low Roof Van,Gasoline,New,,,R1Y,,,,,
1FTBR1Y88SKA06182,2025,Ford,Transit-250 Cargo,Base,Oxford White,Dark Palazzo Gray,0,"$51,485",,,SKA06182,,3.5L V-6 cyl,10-Speed Automatic with Overdrive,,Van Low Roof Van,Gasoline,New,,,R1Y,,,,,
3FMTK3SUXSMA09762,2025,Ford,Mustang Mach-E,Premium,Glacier Gray TriCoat,Black Onyx,0,"$52,680",,,SMA09762,,Extended Range Battery (AWD),Single-Speed Automatic,,SUV,Electric,New,,,K3S,,,,,"300A,retail_commercial_listing"
1FTYE1C87SKA92761,2025,Ford,Transit-150 Cargo,Base,Oxford White,Dark Palazzo,0,"$52,790",,,SKA92761,,3.5L V-6 cyl,10-Speed Automatic with Overdrive,,Van Medium Roof Van,Gasoline,New,,,E1C,,,,"fairfieldfairfieldfordfd_0a502a5fac182a70749e823a7a140736,fairfieldfairfieldfordfd_0a502a33ac182a70749e823a5343d623","101A,retail_commercial_listing"
1FTBR1C87SKA26057,2025,Ford,Transit-250 Cargo,Base,Oxford White,Dark Palazzo Gray,0,"$51,790",,,SKA26057,,3.5L V-6 cyl,10-Speed Automatic with Overdrive,,Van Medium Roof Van,Gasoline,New,,,R1C,,,,"fairfieldfairfieldfordfd_0a4fa9adac182e9f780d08ba103e8a4a,fairfieldfairfieldfordfd_0a4fa9deac182e9f780d08bad8efbc38",
1FTBR1Y85SKA93622,2025,Ford,Transit-250 Cargo,Base,Oxford White,Dark Palazzo Gray,0,"$53,030",,,SKA93622,,3.5L V-6 cyl,10-Speed Automatic with Overdrive,,Van Low Roof Van,Gasoline,New,,,R1Y,,,,,
1FTBR1Y85SKA34201,2025,Ford,Transit-250 Cargo,Base,Oxford White,Dark Palazzo Gray,0,"$53,540",,,SKA34201,,3.5L V-6 cyl,10-Speed Automatic with Overdrive,,Van Low Roof Van,Gasoline,New,,,R1Y,,,,"fairfieldfairfieldfordfd_0a4fdcf9ac182a70749e823a0a52a4d9,fairfieldfairfieldfordfd_0a4fdcc2ac182a70749e823a73eda5b5",
1FTBR1C82SKB27152,2025,Ford,Transit Commercial,Cargo Van,Oxford White,Dark Palazzo,0,"$55,220",,,,,3.5L PFDi V6 Engine,10-Speed Automatic Overdrive Transmission with Sel,,VAN,Other,New,,,,,,,"fairfieldfairfieldfordfd_0a4fa9adac182e9f780d08ba103e8a4a,fairfieldfairfieldfordfd_0a4fa9deac182e9f780d08bad8efbc38","101A,retail_commercial_listing"
1FTBR1C83SKB30934,2025,Ford,Transit Commercial,Cargo Van,Oxford White,Dark Palazzo,0,"$55,220",,,,,3.5L PFDi V6 Engine,10-Speed Automatic Overdrive Transmission with Sel,,VAN,Other,New,,,,,,,"fairfieldfairfieldfordfd_0a4fa9adac182e9f780d08ba103e8a4a,fairfieldfairfieldfordfd_0a4fa9deac182e9f780d08bad8efbc38","101A,retail_commercial_listing"
1FTBR1C86SKB29678,2025,Ford,Transit Commercial,Cargo Van,Oxford White,Dark Palazzo,0,"$55,220",,,,,3.5L PFDi V6 Engine,10-Speed Automatic Overdrive Transmission with Sel,,VAN,Other,New,,,,,,,"fairfieldfairfieldfordfd_0a4fa9adac182e9f780d08ba103e8a4a,fairfieldfairfieldfordfd_0a4fa9deac182e9f780d08bad8efbc38","101A,retail_commercial_listing"
1FTBR1Y86SKB21637,2025,Ford,Transit-250 Cargo,Base,Oxford White,Dk Palazzo,0,"$52,840",,,SKB21637,,3.5L V-6 cyl,10-Speed Automatic with Overdrive,,Van Low Roof Van,Gasoline,New,,,R1Y,,,,"fairfieldfairfieldfordfd_0a4fdc84ac182e9f780d08bafabc3bd4,fairfieldfairfieldfordfd_0a4fdca9ac182e9f780d08ba115ecd05","101A,retail_commercial_listing"
1FTBR1Y88SKB21882,2025,Ford,Transit-250 Cargo,Base,Oxford White,Dk Palazzo,0,"$52,840",,,SKB21882,,3.5L V-6 cyl,10-Speed Automatic with Overdrive,,Van Low Roof Van,Gasoline,New,,,R1Y,,,,"fairfieldfairfieldfordfd_0a4fdc84ac182e9f780d08bafabc3bd4,fairfieldfairfieldfordfd_0a4fdca9ac182e9f780d08ba115ecd05","101A,retail_commercial_listing"
1FMDE8BH3SLA72604,2025,Ford,Bronco,Outer Banks,Shadow Black,Smoked Truffle,0,"$54,850",,,SLA72604,18/22,2.3L I-4 cyl,10-Speed Automatic,,SUV,Gasoline,New,,,E8B,,,,fairfieldfairfieldfordfd_3cbb9b02ac182edc3904e932b5543e4d,
1FTBR1Y81SKA93620,2025,Ford,Transit-250 Cargo,Base,Oxford White,Dark Palazzo Gray,0,"$53,030",,,SKA93620,,3.5L V-6 cyl,10-Speed Automatic with Overdrive,,Van Low Roof Van,Gasoline,New,,,R1Y,,,,,
1FTBR1Y89SKA93624,2025,Ford,Transit-250 Cargo,Base,Oxford White,Dark Palazzo Gray,0,"$53,030",,,SKA93624,,3.5L V-6 cyl,10-Speed Automatic with Overdrive,,Van Low Roof Van,Gasoline,New,,,R1Y,,,,,
1FTBR1Y80SKA93446,2025,Ford,Transit-250 Cargo,Base,Oxford White,Dark Palazzo Gray,0,"$53,030",,,SKA93446,,3.5L V-6 cyl,10-Speed Automatic with Overdrive,,Van Low Roof Van,Gasoline,New,,,R1Y,,,,,
1FTBR1C85SKA04896,2025,Ford,Transit-250 Cargo,Base,Oxford White,Dark Palazzo Gray,0,"$54,135",,,SKA04896,,3.5L V-6 cyl,10-Speed Automatic with Overdrive,,Van Medium Roof Van,Gasoline,New,,,R1C,,,,"fairfieldfairfieldfordfd_0a4fa9adac182e9f780d08ba103e8a4a,fairfieldfairfieldfordfd_0a4fa9deac182e9f780d08bad8efbc38",
3FMTK3R76SMA39048,2025,Ford,Mustang Mach-E,Premium,Velocity Blue,Blk Perforated,0,"$54,200",,,SMA39048,,Extended Range Battery (RWD),Single-Speed Automatic,,SUV,Electric,New,,,K3R,,,,"fairfieldfairfieldfordfd_ef7b0f3eac185e78350777d0ccb6822b,fairfieldfairfieldfordfd_7e2fa613ac1836bb092f3bf1635a99c3,fairfieldfairfieldfordfd_ef7b0f8cac185e78350777d0da97280e,fairfieldfairfieldfordfd_ef7b0f5eac185e78350777d09404d2ee","300A,retail_commercial_listing"
1FMDE8BH3SLA67645,2025,Ford,Bronco,Outer Banks,Eruption Green,Black,0,"$55,245",,,SLA67645,18/22,2.3L I-4 cyl,10-Speed Automatic,,SUV,Gasoline,New,,,E8B,,,,fairfieldfairfieldfordfd_3cbb9b02ac182edc3904e932b5543e4d,"retail_commercial_listing,314A"
3FMTK3R7XSMA47430,2025,Ford,Mustang Mach-E,Premium,Desert Sand,Black Onyx,0,"$54,255",,,,,Extended Range Battery (RWD),Single-Speed Transmission,,CROSSOVERS,Other,New,,,,,,,"fairfieldfairfieldfordfd_ef7b0f3eac185e78350777d0ccb6822b,fairfieldfairfieldfordfd_7e2fa613ac1836bb092f3bf1635a99c3,fairfieldfairfieldfordfd_ef7b0f8cac185e78350777d0da97280e,fairfieldfairfieldfordfd_ef7b0f5eac185e78350777d09404d2ee","300A,retail_commercial_listing"
1FT8W3BA6SED33317,2025,Ford,F-350,XL,Oxford White,Medium Dark Slate,0,"$56,605",,,SED33317,,6.8L V-8 cyl,10-Speed Automatic,,Truck Crew Cab,Gasoline,New,,,W3B,,,,,
1FTBW9C85SKA93618,2025,Ford,Transit-350 Cargo,Base,Oxford White,Dark Palazzo Gray,0,"$55,155",,,SKA93618,,3.5L V-6 cyl,10-Speed Automatic with Overdrive,,Van Medium Roof Van,Gasoline,New,,,W9C,,,,,
3FMTK3R7XSMA43538,2025,Ford,Mustang Mach-E,Premium,Glacier Gray TriCoat,Blk Perforated,0,"$55,250",,,SMA43538,,Extended Range Battery (RWD),Single-Speed Automatic,,SUV,Electric,New,,,K3R,,,,"fairfieldfairfieldfordfd_ef7b0f3eac185e78350777d0ccb6822b,fairfieldfairfieldfordfd_7e2fa613ac1836bb092f3bf1635a99c3,fairfieldfairfieldfordfd_ef7b0f8cac185e78350777d0da97280e,fairfieldfairfieldfordfd_ef7b0f5eac185e78350777d09404d2ee","300A,retail_commercial_listing"
1FTBW1Y87SKB30209,2025,Ford,Transit Commercial,Cargo Van,Oxford White,Dark Palazzo,0,"$57,465",,,,,3.5L PFDi V6 Engine,10-Speed Automatic Overdrive Transmission with Sel,,VAN,Other,New,,,,,,,"fairfieldfairfieldfordfd_0a50b7bfac182a70749e823a19b9e828,fairfieldfairfieldfordfd_0a50b79aac182a70749e823af0598006","101A,retail_commercial_listing"
1FTBW9C84SKA93187,2025,Ford,Transit-350 Cargo,Base,Oxford White,Dark Palazzo Gray,0,"$55,155",,,SKA93187,,3.5L V-6 cyl,10-Speed Automatic with Overdrive,,Van Medium Roof Van,Gasoline,New,,,W9C,,,,,
1FTBR1X88SKA97309,2025,Ford,Transit-250 Cargo,Base,Oxford White,Gray,0,"$55,160",,,SKA97309,,3.5L V-6 cyl,10-Speed Automatic with Overdrive,,Van High Roof Van,Gasoline,New,,,R1X,,,,"fairfieldfairfieldfordfd_0a50134dac182a70749e823aa3c3be14,fairfieldfairfieldfordfd_0a501320ac182a70749e823a8378a620","101A,retail_commercial_listing"
1FMEE8BPXSLB21745,2025,Ford,Bronco,Outer Banks,Azure Gray Metallic Tri-Coat,Black Onyx,0,"$58,190",,,,19/21,2.7L EcoBoost V6 Engine,10-Speed Automatic Transmission,,SUV,Other,New,,,,,,,fairfieldfairfieldfordfd_3cbb9b02ac182edc3904e932b5543e4d,"retail_commercial_listing,314A"
3FMTK3SU0SMA32564,2025,Ford,Mustang Mach-E,Premium,Star White Tri-Coat,Blk Perforated,0,"$57,505",,,SMA32564,,Extended Range Battery (AWD),Single-Speed Automatic,,SUV,Electric,New,,,K3S,,,,"fairfieldfairfieldfordfd_ef7b1073ac183dda6723c221c1439c65,fairfieldfairfieldfordfd_ef7b1096ac183dda6723c221c162f583,fairfieldfairfieldfordfd_ef7b10c5ac183dda6723c22111c4ce22,fairfieldfairfieldfordfd_7e2ebc12ac1808143d5a0629a56bfc62","300A,retail_commercial_listing"
1FMEE8BP4SLB21451,2025,Ford,Bronco,Outer Banks,Oxford White,Black Onyx,0,"$58,395",,,,19/21,2.7L EcoBoost V6 Engine,10-Speed Automatic Transmission,,SUV,Other,New,,,,,,,fairfieldfairfieldfordfd_3cbb9b02ac182edc3904e932b5543e4d,"retail_commercial_listing,314A"
3FMTK3SU1SMA40849,2025,Ford,Mustang Mach-E,Premium,Glacier Gray TriCoat,Blk Perforated,0,"$57,700",,,SMA40849,,Extended Range Battery (AWD),Single-Speed Automatic,,SUV,Electric,New,,,K3S,,,,"fairfieldfairfieldfordfd_ef7b1073ac183dda6723c221c1439c65,fairfieldfairfieldfordfd_ef7b1096ac183dda6723c221c162f583,fairfieldfairfieldfordfd_ef7b10c5ac183dda6723c22111c4ce22,fairfieldfairfieldfordfd_7e2ebc12ac1808143d5a0629a56bfc62","300A,retail_commercial_listing"
3FMTK3SU8SMA47412,2025,Ford,Mustang Mach-E,Premium,Velocity Blue Metallic,Black Onyx,0,"$57,750",,,,,Extended Range Battery (AWD),Single-Speed Transmission,,CROSSOVERS,Other,New,,,,,,,"fairfieldfairfieldfordfd_ef7b1073ac183dda6723c221c1439c65,fairfieldfairfieldfordfd_ef7b1096ac183dda6723c221c162f583,fairfieldfairfieldfordfd_ef7b10c5ac183dda6723c22111c4ce22,fairfieldfairfieldfordfd_7e2ebc12ac1808143d5a0629a56bfc62","300A,retail_commercial_listing"
3FMTK3SU8SMA47491,2025,Ford,Mustang Mach-E,Premium,Eruption Green Metallic,Black Onyx,0,"$57,750",,,,,Extended Range Battery (AWD),Single-Speed Transmission,,CROSSOVERS,Other,New,,,,,,,"fairfieldfairfieldfordfd_ef7b1073ac183dda6723c221c1439c65,fairfieldfairfieldfordfd_ef7b1096ac183dda6723c221c162f583,fairfieldfairfieldfordfd_ef7b10c5ac183dda6723c22111c4ce22,fairfieldfairfieldfordfd_7e2ebc12ac1808143d5a0629a56bfc62","300A,retail_commercial_listing"
3FMTK3SU1SMA41385,2025,Ford,Mustang Mach-E,Premium,Star White Tri-Coat,Blk Perforated,0,"$58,250",,,SMA41385,,Extended Range Battery (AWD),Single-Speed Automatic,,SUV,Electric,New,,,K3S,,,,"fairfieldfairfieldfordfd_ef7b1073ac183dda6723c221c1439c65,fairfieldfairfieldfordfd_ef7b1096ac183dda6723c221c162f583,fairfieldfairfieldfordfd_ef7b10c5ac183dda6723c22111c4ce22,fairfieldfairfieldfordfd_7e2ebc12ac1808143d5a0629a56bfc62","300A,retail_commercial_listing"
1FTBW1Y84SKB22049,2025,Ford,Transit-350 Cargo,Base,Oxford White,Dk Palazzo,0,"$57,465",,,SKB22049,,3.5L V-6 cyl,10-Speed Automatic with Overdrive,,Van Low Roof Van,Gasoline,New,,,W1Y,,,,"fairfieldfairfieldfordfd_0a50b7bfac182a70749e823a19b9e828,fairfieldfairfieldfordfd_0a50b79aac182a70749e823af0598006","101A,retail_commercial_listing"
1FTER4LR7SLE32812,2025,Ford,Ranger,Raptor,Shadow Black,Ebony,0,"$58,260",,,SLE32812,16/18,3.0L V-6 cyl,10-Speed Automatic,,Truck SuperCrew,Gasoline,New,,,R4L,,,,,
1FBAX2Y85SKB30227,2025,Ford,Transit Commercial,Passenger Van XL,Oxford White,Dark Palazzo,0,"$61,480",,,,,3.5L PFDi V6 Engine,10-Speed Automatic Overdrive Transmission with Sel,,VAN,Other,New,,,,,,,,"301A,retail_commercial_listing"
1FBAX2Y89SKB27153,2025,Ford,Transit Commercial,Passenger Van XL,Oxford White,Dark Palazzo,0,"$61,480",,,,,3.5L PFDi V6 Engine,10-Speed Automatic Overdrive Transmission with Sel,,VAN,Other,New,,,,,,,,"301A,retail_commercial_listing"
3FMTK4SX0SMA24318,2025,Ford,Mustang Mach-E,GT,Star White Tri-Coat,Performance Gray,0,"$61,305",,,SMA24318,,Extended Range Battery (AWD),Single-Speed Automatic,,SUV,Electric,New,,,K4S,,,,"fairfieldfairfieldfordfd_ef7b1352ac183dda6723c221101b4fb0,fairfieldfairfieldfordfd_ef7b1379ac183dda6723c2211b78a541,fairfieldfairfieldfordfd_7e2ebf35ac1836bb092f3bf15479f485,fairfieldfairfieldfordfd_ef7b13a8ac183dda6723c22151296375","400A,retail_commercial_listing"
1FA6P8CFXS5418551,2025,Ford,Mustang,GT Premium Fastback,Shadow Black,Black Onyx,0,"$63,075",,,,16/24,5.0L Ti-VCT V8 Engine with Stop/Start System,10-Speed SelectShift Automatic Transmission,,CAR,Other,New,,,,,,,"fairfieldfairfieldfordfd_0e620824ac183dda6723c22129ccc14e,fairfieldfairfieldfordfd_42f5930dac18031829d495f85fd0d69a","400A,retail_commercial_listing"
1FA6P8CFXS5416492,2025,Ford,Mustang,GT Premium Fastback,Vapor Blue Metallic,Black Onyx,0,"$63,470",,,,16/24,5.0L Ti-VCT V8 Engine with Stop/Start System,10-Speed SelectShift Automatic Transmission,,CAR,Other,New,,,,,,,"fairfieldfairfieldfordfd_0e620824ac183dda6723c22129ccc14e,fairfieldfairfieldfordfd_42f5930dac18031829d495f85fd0d69a","400A,retail_commercial_listing"
1FBAX2C81SKA81065,2025,Ford,Transit-350 Passenger,XL,Oxford White,Gray,0,"$60,860",,,SKA81065,,3.5L V-6 cyl,10-Speed Automatic with Overdrive,,Wagon Medium Roof Van,Gasoline,New,,,X2C,,,,,
3FMTK4SX9SMA55972,2025,Ford,Mustang Mach-E,GT,Shadow Black,Performance Gray with City Silver Stitching,0,"$62,205",,,,,Extended Range Battery (AWD),Single-Speed Transmission,,CROSSOVERS,Other,New,,,,,,,"fairfieldfairfieldfordfd_ef7b1352ac183dda6723c221101b4fb0,fairfieldfairfieldfordfd_ef7b1379ac183dda6723c2211b78a541,fairfieldfairfieldfordfd_7e2ebf35ac1836bb092f3bf15479f485,fairfieldfairfieldfordfd_ef7b13a8ac183dda6723c22151296375","400A,retail_commercial_listing"
1FTRF3BT2SED21297,2025,Ford,F-350,XL,Oxford White,Medium Dark Slate,0,"$64,595",,,SED21297,,6.7L V-8 cyl,10-Speed Automatic,,Truck Regular Cab,Diesel,New,,,F3B,,,,"fairfieldfairfieldfordfd_10f4036dac185e78350777d07a6abe77,fairfieldfairfieldfordfd_0a4fd36bac182e9f780d08ba4bf53c60,fairfieldfairfieldfordfd_0a4fd394ac182e9f780d08bae5980a80",
1FA6P8CF9S5412479,2025,Ford,Mustang,GT Premium,Carbonized Gray,Black Onyx,0,"$64,365",,,S5412479,16/24,5.0L V-8 cyl,10-Speed Automatic,,Coupe,Gasoline,New,,,P8C,,,,"fairfieldfairfieldfordfd_0e620824ac183dda6723c22129ccc14e,fairfieldfairfieldfordfd_42f5930dac18031829d495f85fd0d69a",
3FMTK4SX8SMA43151,2025,Ford,Mustang Mach-E,GT,Shadow Black,Gray,0,"$62,500",,,SMA43151,,Extended Range Battery (AWD),Single-Speed Automatic,,SUV,Electric,New,,,K4S,,,,"fairfieldfairfieldfordfd_ef7b1352ac183dda6723c221101b4fb0,fairfieldfairfieldfordfd_ef7b1379ac183dda6723c2211b78a541,fairfieldfairfieldfordfd_7e2ebf35ac1836bb092f3bf15479f485,fairfieldfairfieldfordfd_ef7b13a8ac183dda6723c22151296375","400A,retail_commercial_listing"
1FMEE8BP5SLB07462,2025,Ford,Bronco,Outer Banks,Oxford White,Smkd Truffle,0,"$63,660",,,SLB07462,17/18,2.7L V-6 cyl,10-Speed Automatic,,SUV,Gasoline,New,,,E8B,,,,fairfieldfairfieldfordfd_3cbb9b02ac182edc3904e932b5543e4d,"retail_commercial_listing,314A"
1FMEE8BP8SLB25275,2025,Ford,Bronco,Outer Banks,Shadow Black,Black Onyx,0,"$63,660",,,,17/18,2.7L EcoBoost V6 Engine,10-Speed Automatic Transmission,,SUV,Other,New,,,,,,,fairfieldfairfieldfordfd_3cbb9b02ac182edc3904e932b5543e4d,"retail_commercial_listing,314A"
1FMEE8BP4SLB09963,2025,Ford,Bronco,Outer Banks,Eruption Green Metallic,Black Onyx,0,"$64,055",,,,17/18,2.7L EcoBoost V6 Engine,10-Speed Automatic Transmission,,SUV,Other,New,,,,,,,fairfieldfairfieldfordfd_3cbb9b02ac182edc3904e932b5543e4d,"retail_commercial_listing,314A"
1FA6P8CFXS5410336,2025,Ford,Mustang,GT Premium,Oxford White,Carmine Red,0,"$65,750",,,S5410336,16/24,5.0L V-8 cyl,10-Speed Automatic,,Coupe,Gasoline,New,,,P8C,,,,"fairfieldfairfieldfordfd_0e620824ac183dda6723c22129ccc14e,fairfieldfairfieldfordfd_42f5930dac18031829d495f85fd0d69a",
1FT8W3BN5SED26006,2025,Ford,F-350,XLT,Oxford White,Medium Dark Slate,0,"$66,390",,,SED26006,,7.3L V-8 cyl,10-Speed Automatic,,Truck Crew Cab,Gasoline,New,,,W3B,,,,,
1FT8W3BN3SED28143,2025,Ford,F-350,XLT,Oxford White,Medium Dark Slate,0,"$66,390",,,SED28143,,7.3L V-8 cyl,10-Speed Automatic,,Truck Crew Cab,Gasoline,New,,,W3B,,,,,
1FT8W3BT3SED65739,2025,Ford,F-350,XL,Oxford White,Medium Dark Slate,0,"$66,660",,,SED65739,,6.7L V-8 cyl,10-Speed Automatic,,Truck Crew Cab,Diesel,New,,,W3B,,,,"fairfieldfairfieldfordfd_0a4ffbaeac182a70749e823a752540d8,fairfieldfairfieldfordfd_0a4ffbd6ac182a70749e823a964f482e","610A,retail_commercial_listing"
1FT8W3BT9SED64515,2025,Ford,F-350,XL,Oxford White,Medium Dark Slate,0,"$66,660",,,SED64515,,6.7L V-8 cyl,10-Speed Automatic,,Truck Crew Cab,Diesel,New,,,W3B,,,,"fairfieldfairfieldfordfd_0a4ffbaeac182a70749e823a752540d8,fairfieldfairfieldfordfd_0a4ffbd6ac182a70749e823a964f482e","610A,retail_commercial_listing"
1FT8W3BT6SED19080,2025,Ford,F-350,XL,Oxford White,Medium Dark Slate,0,"$66,985",,,SED19080,,6.7L V-8 cyl,10-Speed Automatic,,Truck Crew Cab,Diesel,New,,,W3B,,,,,
1FTVW3LK5SWG29711,2025,Ford,F-150 Lightning,XLT,Carbonized Gray Metallic,Medium Dark Slate,0,"$66,315",,,,,Dual eMotor - 98 kWh Standard Range Battery,Single-Speed Transmission,,TRUCK,Other,New,,,,,,,"fairfieldfairfieldfordfd_32aa1c28ac185bff460667e5b1540b48,fairfieldfairfieldfordfd_ef7b2860ac183dda6723c221329817c0","311A,retail_commercial_listing"
1FBAX2XG3SKB16674,2025,Ford,Transit Commercial,Passenger Van XLT,Oxford White,Dark Palazzo,0,"$68,430",,,,,3.5L EcoBoost V6 Engine,10-Speed Automatic Overdrive Transmission with Sel,,VAN,Other,New,,,,,,,,"302A,retail_commercial_listing"
1FTVW3LK4SWG24595,2025,Ford,F-150 Lightning,XLT,Carbonized Gray,Medium Dark Slate,0,"$67,515",,,SWG24595,,Dual eMotor - 98 kWh Standard Range Battery,Single-Speed Automatic,,Truck SuperCrew Cab,Electric,New,,,W3L,,,,"fairfieldfairfieldfordfd_483af99aac1832ff3ff5c3343d09dd07,fairfieldfairfieldfordfd_ef7b2860ac183dda6723c221329817c0,fairfieldfairfieldfordfd_350429b4ac182ff0740b673b1575d3e7,fairfieldfairfieldfordfd_350429e0ac182ff0740b673bb1a2b6d3","311A,retail_commercial_listing"
1FBAX2XG1SKB16463,2025,Ford,Transit-350 Passenger,Passenger Van XLT,Oxford White,Dk Palazzo,0,"$68,430",,,SKB16463,,3.5L V-6 cyl,10-Speed Automatic with Overdrive,,Wagon High Roof Van,Gasoline,New,,,X2X,,,,,"302A,retail_commercial_listing"
1FT7W2BT0SEC84459,2025,Ford,Super Duty,F-250 XLT,Oxford White,Medium Dark Slate,0,"$72,395",,,SEC84459,,6.7L 4 Valve OHV Power Stroke V8 Turbo Diesel B20 Engine,TorqShift Ten-Speed Automatic with SelectShift Aut,,TRUCK,Diesel,New,,,W2B,,,,fairfieldfairfieldfordfd_0a4fd3c2ac182335250d895be97738e2,"603A,retail_commercial_listing"
1FA6P8R05S5502845,2025,Ford,Mustang,Dark Horse,Blue,Black W/Blue Accents,0,"$73,560",,,S5502845,14/22,5.0L V-8 cyl,10-Speed Automatic,,Coupe,Gasoline,New,,,P8R,,,,,"700A,retail_commercial_listing"
1FMEE9BP0SLA95517,2025,Ford,Bronco,Badlands,Azure Gray Metallic Tri-Coat,Black Onyx,0,"$73,390",,,SLA95517,17/18,2.7L V-6 cyl,10-Speed Automatic,,SUV,Gasoline,New,,,E9B,,,,fairfieldfairfieldfordfd_3cbbb8f7ac18344a07ffaa629db04f2a,
1FT6W3LU5SWG23347,2025,Ford,F-150 Lightning,Flash,Agate Black,Medium Dark Slate,0,"$73,395",,,SWG23347,,Dual eMotor - 123 kWh Extended Range Battery,Single-Speed Automatic,,Truck SuperCrew Cab,Electric,New,,,W3L,,,,"fairfieldfairfieldfordfd_ef7b05c2ac183f484c553bdb8952826b,fairfieldfairfieldfordfd_3279c52dac182edc3904e9325f95b178","312A,retail_commercial_listing"
1FDUF4GT2SDA10902,2025,Ford,F-450 Chassis,XL,Oxford White,Medium Dark Slate,0,"$70,795",,,SDA10902,,6.7L V-8 cyl,10-Speed Automatic,,Truck Regular Cab,Diesel,New,,,F4G,,,,,
1FT6W3LU2SWG23516,2025,Ford,F-150 Lightning,Flash,Iconic Silver,Medium Dark Slate,0,"$74,595",,,SWG23516,,Dual eMotor - 123 kWh Extended Range Battery,Single-Speed Automatic,,Truck SuperCrew Cab,Electric,New,,,W3L,,,,"fairfieldfairfieldfordfd_ef7b05c2ac183f484c553bdb8952826b,fairfieldfairfieldfordfd_3279c52dac182edc3904e9325f95b178","312A,retail_commercial_listing"
1FT6W3LU9SWG19124,2025,Ford,F-150 Lightning,Flash,Oxford White,Medium Dark Slate,0,"$74,595",,,SWG19124,,Dual eMotor - 123 kWh Extended Range Battery,Single-Speed Automatic,,Truck SuperCrew Cab,Electric,New,,,W3L,,,,"fairfieldfairfieldfordfd_4850bc84ac183edc610061a0aa4dff16,fairfieldfairfieldfordfd_3272aa5cac18344a07ffaa62d7ff29df,fairfieldfairfieldfordfd_ef7b05c2ac183f484c553bdb8952826b,fairfieldfairfieldfordfd_3272aa23ac18344a07ffaa629def108f","312A,retail_commercial_listing"
1FTVW3LU6SWG23207,2025,Ford,F-150 Lightning,Flash,Agate Black Metallic,Medium Dark Slate,0,"$75,370",,,,,Dual eMotor - 123 kWh Extended Range Battery,Single-Speed Transmission,,TRUCK,Other,New,,,,,,,"fairfieldfairfieldfordfd_4850bc84ac183edc610061a0aa4dff16,fairfieldfairfieldfordfd_3272aa5cac18344a07ffaa62d7ff29df,fairfieldfairfieldfordfd_ef7b05c2ac183f484c553bdb8952826b,fairfieldfairfieldfordfd_3272aa23ac18344a07ffaa629def108f","312A,retail_commercial_listing"
1FA6P8R03S5501046,2025,Ford,Mustang,Dark Horse,Shadow Black,Black W/Blue Accents,0,"$72,665",,,S5501046,14/22,5.0L V-8 cyl,10-Speed Automatic,,Coupe,Gasoline,New,,,P8R,,,,,
1FMJK1J85SEA64710,2025,Ford,Expedition,Active MAX,Star White Metallic Tri-Coat,Space Gray,0,"$76,935",,,,15/22,3.5L EcoBoost V6 Engine,10-Speed Automatic Transmission with SelectShift C,,SUV,Other,New,,,,,,,,"202A,retail_commercial_listing"
1FT6W5L75SWG29946,2025,Ford,F-150 Lightning,Lariat,Carbonized Gray Metallic,Black,0,"$79,790",,,,,Dual eMotor - 131 kWH Extended Range Battery,Single-Speed Transmission,,TRUCK,Other,New,,,,,,,"fairfieldfairfieldfordfd_0a502a1bac182e9f780d08ba0e3bc58e,fairfieldfairfieldfordfd_32810fd7ac18344a07ffaa62c004cc26,fairfieldfairfieldfordfd_ef7b065cac183f484c553bdb27368d3a,fairfieldfairfieldfordfd_3281100bac18344a07ffaa620bf2916b","511A,retail_commercial_listing"
1FD8X3FT8SEE03291,2025,Ford,F-350 Chassis,XL,Oxford White,Medium Dark Slate,0,"$101,960",,,SEE03291,,6.7L V-8 cyl,10-Speed Automatic,,Truck Super Cab,Diesel,New,,,X3F,,,,,"630A,retail_commercial_listing"
1FD8X3FT0SEE06220,2025,Ford,F-350 Chassis,XL,Oxford White,Medium Dark Slate,0,"$101,960",,,SEE06220,,6.7L V-8 cyl,10-Speed Automatic,,Truck Super Cab,Diesel,New,,,X3F,,,,,"630A,retail_commercial_listing"
1FMJK1MG9SEA62395,2025,Ford,Expedition,Platinum MAX,Glacier Gray Metallic Tri-Coat,Black Onyx,0,"$87,985",,,,,3.5L EcoBoost V6 Engine,10-Speed Automatic Transmission with SelectShift C,,SUV,Other,New,,,,,,,,"600A,retail_commercial_listing"
1FT6W7L75SWG19204,2025,Ford,F-150 Lightning,Platinum,White Metallic,Space Gray,0,"$88,960",,,SWG19204,,Dual eMotor - 131 kWH Extended Range Battery,Single-Speed Automatic,,Truck SuperCrew Cab,Electric,New,,,W7L,,,,"fairfieldfairfieldfordfd_327412e2ac182ff0740b673b5aba95f4,fairfieldfairfieldfordfd_327412a7ac182ff0740b673bd1cc102f,fairfieldfairfieldfordfd_ef7b6b20ac1820552c78ef10aecc1ff1,fairfieldfairfieldfordfd_0a506909ac182335250d895b289e3e06","710A,retail_commercial_listing"
1FT8W3BT0SEC20254,2025,Ford,F-350,Lariat,Avalanche,Black Onyx,0,"$92,040",,,250090,,6.7L V-8 cyl,10-Speed Automatic,,Truck Crew Cab,Diesel,New,,,W3B,,,,,"retail_commercial_listing,618A"
1FT8W3DT8SEC77797,2025,Ford,F-350,Lariat,Oxford White,Baja,0,"$93,540",,,SEC77797,,6.7L V-8 cyl,10-Speed Automatic,,Truck Crew Cab,Diesel,New,,,W3D,,,,,"retail_commercial_listing,628A"
1FMEE0RR9SLB06033,2025,Ford,Bronco,Raptor,Azure Gray Metallic Tri-Coat,Black Onyx,0,"$89,800",,,,15/16,3.0L EcoBoost V6 Engine,10-Speed Automatic Transmission,,SUV,Other,New,,,,,,,,"374A,retail_commercial_listing"
1FMEE0RR2SLA91777,2025,Ford,Bronco,Raptor,Oxford White,Onyx Lthr/Suede,0,"$92,780",,,SLA91777,15/16,3.0L V-6 cyl,10-Speed Automatic,,SUV,Gasoline,New,,,E0R,,,,,"374A,retail_commercial_listing"
1FT8W3BM5SEE02024,2025,Ford,F-350,Lariat,Oxford White,Black Onyx,0,"$98,335",,,SEE02024,,6.7L V-8 cyl,10-Speed Automatic,,Truck Crew Cab,Diesel,New,,,W3B,,,,,"retail_commercial_listing,618A"
1FT8W3BM1SEC39694,2025,Ford,F-350,King Ranch,Brown,Java,0,"$98,940",,,SEC39694,,6.7L V-8 cyl,10-Speed Automatic,,Truck Crew Cab,Diesel,New,,,W3B,,,,,
1FMEE0RR5SLB19409,2025,Ford,Bronco,Raptor,Azure Gray Metallic Tri-Coat,Black Onyx,0,"$93,875",,,,15/16,3.0L EcoBoost V6 Engine,10-Speed Automatic Transmission,,SUV,Other,New,,,,,,,,"374A,retail_commercial_listing"
1FDNF6AN4SDF02714,2025,Ford,F-650 Gas,Base,Oxford White,Gray,0,"$110,098",,,240709UP,,7.3L V-8 cyl,6-Speed Automatic,,Truck Regular Cab,Gasoline,New,,,F6A,,,,,
1FT8W3BM7SEC67385,2025,Ford,F-350,Platinum,Agate Black,Black Onyx/Platinum Blue,0,"$100,060",,,SEC67385,,6.7L V-8 cyl,10-Speed Automatic,,Truck Crew Cab,Diesel,New,,,W3B,,,,,"713A,retail_commercial_listing"
1FT7X2AA4TEC80333,2026,Ford,Super Duty,F-250 XL,Oxford White,Medium Dark Slate,0,"$52,005",,,,,6.8L 2V DEVCT NA PFI V8 Gas Engine,TorqShift-G Ten-Speed Automatic Transmission with,,TRUCK,Other,New,,,,,,,,"600A,retail_commercial_listing"
1FD8W3ENXTEC16304,2026,Ford,F-350SD,XL,Oxford White,Medium Dark Slate,0,"$57,490",,,TEC16304,,7.3L V8 PFI SOHC 16V Federal 405hp,10-Speed Automatic,,Truck,,New,,,W3E,,,,,
1FD8W3ET7TEC00527,2026,Ford,F-350SD,XL,Oxford White,Medium Dark Slate,0,"$68,185",,,TEC00527,,6.7L Power Stroke V8 DI 32V OHV Turbodiesel,10-Speed Automatic,,Truck,,New,,,W3E,,,,,
1FD8W3ET2TEC00953,2026,Ford,F-350SD,XL,Oxford White,Medium Dark Slate,0,"$68,185",,,TEC00953,,6.7L Power Stroke V8 DI 32V OHV Turbodiesel,10-Speed Automatic,,Truck,,New,,,W3E,,,,,
1FD8X3FT3TEC17210,2026,Ford,F-350SD,XL,Oxford White,Med Dark Slate,0,"$70,395",,,TEC17210,,6.7L 8-Cylinder Diesel Turbocharged OHV,10-Speed Automatic,,Truck,,New,,,X3F,,,,,
1FD8X3FT9TEC00945,2026,Ford,F-350SD,XL,Oxford White,Med Dark Slate,0,"$70,420",,,TEC00945,,6.7L 8-Cylinder Diesel Turbocharged OHV,10-Speed Automatic,,Truck,,New,,,X3F,,,,,
1FD8X3FT8TEC00807,2026,Ford,F-350SD,XL,Oxford White,Med Dark Slate,0,"$70,470",,,TEC00807,,6.7L 8-Cylinder Diesel Turbocharged OHV,10-Speed Automatic,,Truck,,New,,,X3F,,,,,
1FT8W2BT5TEC80364,2026,Ford,Super Duty,F-250 XL,Argon Blue Metallic,Medium Dark Slate,0,"$75,250",,,,,6.7L 4 Valve OHV Power Stroke V8 Turbo Diesel B20 Engine,TorqShift Ten-Speed Automatic Transmission with Se,,TRUCK,Other,New,,,,,,,,"600A,retail_commercial_listing"
1FT8W2BT5TEC15479,2026,Ford,Super Duty,F-250 Lariat,Glacier Gray Metallic Tri-Coat,Black Onyx,0,"$84,470",,,,,6.7L 4 Valve OHV Power Stroke V8 Turbo Diesel B20 Engine,TorqShift Ten-Speed Automatic Transmission with Se,,TRUCK,Other,New,,,,,,,,"608A,retail_commercial_listing"
1FT8W2BTXTEC56724,2026,Ford,Super Duty,F-250 Lariat,Argon Blue Metallic,Black Onyx,0,"$84,460",,,,,6.7L 4 Valve OHV Power Stroke V8 Turbo Diesel B20 Engine,TorqShift Ten-Speed Automatic Transmission with Se,,TRUCK,Other,New,,,,,,,,"608A,retail_commercial_listing"
1FT8W2BT2TEC79365,2026,Ford,Super Duty,F-250 Lariat,Avalanche,Black Onyx,0,"$84,460",,,,,6.7L 4 Valve OHV Power Stroke V8 Turbo Diesel B20 Engine,TorqShift Ten-Speed Automatic Transmission with Se,,TRUCK,Other,New,,,,,,,,"608A,retail_commercial_listing"
1FT8W2BT3TEC57133,2026,Ford,Super Duty,F-250 Lariat,Ruby Red Metallic Tinted Clearcoat,Black Onyx,0,"$84,560",,,,,6.7L 4 Valve OHV Power Stroke V8 Turbo Diesel B20 Engine,TorqShift Ten-Speed Automatic Transmission with Se,,TRUCK,Other,New,,,,,,,,"608A,retail_commercial_listing"
1FT8W3BT0TEC71593,2026,Ford,Super Duty,F-350 Lariat,Glacier Gray Metallic Tri-Coat,Baja,0,"$92,010",,,,,6.7L 4 Valve OHV Power Stroke V8 Turbo Diesel B20 Engine,TorqShift Ten-Speed Automatic Transmission with Se,,TRUCK,Other,New,,,,,,,,"retail_commercial_listing,618A"
1FT8W2BT3TEC67886,2026,Ford,Super Duty,F-250 Lariat,Avalanche,Black Onyx,0,"$93,265",,,,,6.7L 4 Valve OHV Power Stroke V8 Turbo Diesel B20 Engine,TorqShift Ten-Speed Automatic Transmission with Se,,TRUCK,Other,New,,,,,,,,"608A,retail_commercial_listing"
1FT8W2BT4TEC70179,2026,Ford,Super Duty,F-250 Lariat,Glacier Gray Metallic Tri-Coat,Black Onyx,0,"$93,865",,,,,6.7L 4 Valve OHV Power Stroke V8 Turbo Diesel B20 Engine,TorqShift Ten-Speed Automatic Transmission with Se,,TRUCK,Other,New,,,,,,,,"608A,retail_commercial_listing"
1FT8W3BT0TEC67902,2026,Ford,Super Duty,F-350 Lariat,Glacier Gray Metallic Tri-Coat,Black Onyx,0,"$93,890",,,,,6.7L 4 Valve OHV Power Stroke V8 Turbo Diesel B20 Engine,TorqShift Ten-Speed Automatic Transmission with Se,,TRUCK,Other,New,,,,,,,,"retail_commercial_listing,618A"
1FT8W2BM5TEC71611,2026,Ford,Super Duty,F-250 Lariat,Carbonized Gray Metallic,Black Onyx,0,"$96,805",,,,,6.7L High Output Power Stroke V8 Turbo Diesel B20 Engine,TorqShift Ten-Speed Automatic Transmission with Se,,TRUCK,Other,New,,,,,,,,"608A,retail_commercial_listing"
1FT8W2BM6TEC63601,2026,Ford,Super Duty,F-250 Lariat,Agate Black Metallic,Black Onyx,0,"$96,805",,,,,6.7L High Output Power Stroke V8 Turbo Diesel B20 Engine,TorqShift Ten-Speed Automatic Transmission with Se,,TRUCK,Other,New,,,,,,,,"608A,retail_commercial_listing"
1FT8W2BM2TEC16484,2026,Ford,Super Duty,F-250 Lariat,Glacier Gray Metallic Tri-Coat,Black Onyx,0,"$97,270",,,,,6.7L High Output Power Stroke V8 Turbo Diesel B20 Engine,TorqShift Ten-Speed Automatic Transmission with Se,,TRUCK,Other,New,,,,,,,,"608A,retail_commercial_listing"
1FT8W3DT1TEC05177,2026,Ford,F-350,Lariat,Oxford White,Baja Active,0,"$95,395",,,TEC05177,,6.7L V-8 cyl,10-Speed Automatic,,Truck Crew Cab,Diesel,New,,,W3D,,,,,"retail_commercial_listing,628A"
1FT8W3BM1TEC34786,2026,Ford,Super Duty,F-350 King Ranch,Star White Metallic Tri-Coat,Java,0,"$102,325",,,,,6.7L High Output Power Stroke V8 Turbo Diesel B20 Engine,TorqShift Ten-Speed Automatic Transmission with Se,,TRUCK,Other,New,,,,,,,,"710A,retail_commercial_listing"
1FT8W3BM6TEC04490,2026,Ford,Super Duty,F-350 King Ranch,Glacier Gray Metallic Tri-Coat,Java,0,"$103,340",,,,,6.7L High Output Power Stroke V8 Turbo Diesel B20 Engine,TorqShift Ten-Speed Automatic Transmission with Se,,TRUCK,Other,New,,,,,,,,"710A,retail_commercial_listing"
1FT8W3BM5TEC43894,2026,Ford,Super Duty,F-350 Platinum,Agate Black Metallic,Black Onyx,0,"$105,445",,,,,6.7L High Output Power Stroke V8 Turbo Diesel B20 Engine,TorqShift Ten-Speed Automatic Transmission with Se,,TRUCK,Other,New,,,,,,,,"713A,retail_commercial_listing"
1FT8W3BMXTEC10826,2026,Ford,F-350,Platinum,Oxford White,Black Onyx,0,"$106,440",,,TEC10826,,6.7L V-8 cyl,10-Speed Automatic,,Truck Crew Cab,Diesel,New,,,W3B,,,,,"713A,retail_commercial_listing"
